"row_id","document_name","chunk_index","system_prompt","user_prompt","ai_prompt"
"b51a82ee4cbc83f582cb82d226526a0aa15af5b7dd79e6b9588f83bd3e15fb03","Back up TPM recovery information to Active Directory _ Microsoft Learn.pdf","0","You are a helpful assistant for cybersecurity audits. Answer ONLY from the provided chunk. If the answer is not present, reply exactly: 'Not in the provided context.' Include control identifiers/section numbers only if they appear in the chunk.","What is the specific date and version mentioned for backing up TPM recovery information to Active Directory in Windows 11?","The specific date and version mentioned for backing up TPM recovery information to Active Directory in Windows 11 are:

- Date: October 27, 25 (presumably referring to a future year)
- Version: Not explicitly stated, but the reference is to ""Windows 11"" which implies the latest version at that date."
"af9e2c796e06977cdce1079e3007417fa0cecc65d9fcbccc789967a81109d2e6","Back up TPM recovery information to Active Directory _ Microsoft Learn.pdf","0","You are a helpful assistant for cybersecurity audits. Answer ONLY from the provided chunk. If the answer is not present, reply exactly: 'Not in the provided context.' Include control identifiers/section numbers only if they appear in the chunk.","How does Windows 11 enable remote management of a device's TPM through Active Directory Domain Services?","Windows 11 enables remote management of a device's TPM through Active Directory Domain Services (AD DS) by following these steps:

1. **Backup process**: The system backs up the TPM recovery information to AD DS, ensuring that this critical data is stored securely within the organization's network.

2. **Integration with AD DS**: By design, Windows 11 leverages AD DS for centralized management and authentication of devices within an enterprise environment.

3. **Remote access and control**: With TPM recovery information backed up to AD DS, administrators can remotely manage a device's TPM, ensuring consistent security policies across the organization.

In summary, Windows 11 facilitates remote TPM management through AD DS by securely backing up recovery information and enabling centralized administration."
"13fc426c878f3dc21ad6e413a208bb210825874b561791bbc2a0440b01a684b4","Back up TPM recovery information to Active Directory _ Microsoft Learn.pdf","0","You are a helpful assistant for cybersecurity audits. Answer ONLY from the provided chunk. If the answer is not present, reply exactly: 'Not in the provided context.' Include control identifiers/section numbers only if they appear in the chunk.","What is the purpose of backing up TPM recovery information to Active Directory as stated in the text?","The purpose of backing up TPM recovery information to Active Directory (AD DS) as stated in the text is to enable remote management and enhance security for devices with a Trusted Platform Module (TPM). By storing this crucial data in AD DS, administrators can ensure consistent access control and auditing across the organization's network."
"b3c547d682df0dc887ceacc5e9483c1cd3734595a6ffca0c1d824f9a44f193c5","Change the TPM owner password _ Microsoft Learn.pdf","0","You are a helpful assistant for cybersecurity audits. Answer ONLY from the provided chunk. If the answer is not present, reply exactly: 'Not in the provided context.' Include control identifiers/section numbers only if they appear in the chunk.","What is the process for retaining the TPM owner password in Windows 10, version 1607 and later?","To retain the TPM owner password in Windows 10, version 1607 and later, you need to follow these steps:

1. **Access the registry key**: Navigate to the following registry key:
   `HKLM\Software\Policies\Microsoft\TPM`

2. **Create or modify the value**: Look for a REG_DWORD value named `OSManagedAuthLevel`. If it doesn't exist, create it.

3. **Set the value**: Set the value of `OSManagedAuthLevel` to 4. This will retain the TPM owner password.

Please note that while this registry change can retain the password, Microsoft recommends against making this modification as it may have unintended consequences."
"069c22025410f65a75a6916fe4a8f75afc7cc5df32c515c9903a63ca22de1ff1","Change the TPM owner password _ Microsoft Learn.pdf","0","You are a helpful assistant for cybersecurity audits. Answer ONLY from the provided chunk. If the answer is not present, reply exactly: 'Not in the provided context.' Include control identifiers/section numbers only if they appear in the chunk.","How does Windows handle the TPM owner password starting from version 1607?","Starting from Windows 10 version 1607, Windows no longer retains the TPM owner password during provisioning. Instead, the password is set to a random high entropy value and discarded.

Only one TPM owner password exists per system. The password allows enabling, disabling, or clearing the TPM without physical access, using command-line tools remotely.

Windows assumes ownership of the TPM during each boot's provisioning process. Ownership can change if you share the password or clear your ownership, allowing others to initialize it."
"d5820a18b6ad1fe83babc79112d63405f75ab20338f681d1a9bb6af5eea5104e","Change the TPM owner password _ Microsoft Learn.pdf","0","You are a helpful assistant for cybersecurity audits. Answer ONLY from the provided chunk. If the answer is not present, reply exactly: 'Not in the provided context.' Include control identifiers/section numbers only if they appear in the chunk.","In which Windows version did the retention of TPM owner password change?","The retention of TPM owner password changed starting with Windows 10, version 1607. Prior to this version, Windows retained the TPM owner password during provisioning. However, from version 1607 onwards, the password is set to a random high entropy value and discarded."
"b5d93100b5efc6c0df9e84cb965807d6402507c1aad0ceb82f0ffe21a5a4ad6c","Change the TPM owner password _ Microsoft Learn.pdf","1","You are a helpful assistant for cybersecurity audits. Answer ONLY from the provided chunk. If the answer is not present, reply exactly: 'Not in the provided context.' Include control identifiers/section numbers only if they appear in the chunk.","What are the precautions for clearing all keys from the TPM, as mentioned in the text?","When clearing all keys from the TPM, as mentioned in the text, it's essential to take the following precautions:

1. **Backup**: Before proceeding, back up any critical data or keys that may be affected.

2. **Authorization**: Ensure you have proper authorization to perform this action, as it can impact system security.

3. **Impact assessment**: Understand the implications of clearing all keys. This might include loss of encryption or inability to use certain TPM features.

4. **Emergency recovery plan**: In case something goes wrong during the process, have a backup plan in place to restore functionality.

By following these precautions, you can minimize risks associated with clearing all keys from your TPM."
"045f46394240e98e6a3b4a4af5c1cd943680edbf19a0fff5b60186c3a3d13a7a","Change the TPM owner password _ Microsoft Learn.pdf","1","You are a helpful assistant for cybersecurity audits. Answer ONLY from the provided chunk. If the answer is not present, reply exactly: 'Not in the provided context.' Include control identifiers/section numbers only if they appear in the chunk.","How can you manage the TPM using Windows PowerShell, according to the provided information?","To manage the TPM (Trusted Platform Module) using Windows PowerShell, according to the provided information, you can follow these steps:

1. Utilize TPM cmdlets: PowerShell offers a set of cmdlets specifically designed for managing TPM operations. These cmdlets include `Get-TPM`, `Set-TPM`, and `Remove-TPM`.

2. Access TPM commands: By using the appropriate cmdlets, you can execute various TPM-related tasks, such as changing owner passwords, clearing keys, or turning off the TPM.

3. Documentation and references: Familiarize yourself with the detailed documentation available for TPM cmdlets in Windows PowerShell. This will help you understand the correct usage of each command.

In summary, managing the TPM using Windows PowerShell involves utilizing specific cmdlets, accessing TPM commands, and referring to relevant documentation."
"1a2cb9c185ce7b77b5554d8a2994019d3337a3ad9c609fa6d571b4d6a27cbcb6","Change the TPM owner password _ Microsoft Learn.pdf","1","You are a helpful assistant for cybersecurity audits. Answer ONLY from the provided chunk. If the answer is not present, reply exactly: 'Not in the provided context.' Include control identifiers/section numbers only if they appear in the chunk.","What is the option available if you have specifically preserved the TPM owner password in Windows 10, version 1507 or 1511?","In Windows 10, version 1507 or 1511, if you have specifically preserved the TPM owner password, you can use this saved password to change it. To do so, follow these steps:

1. Open TPM Management: In Device Manager, locate and expand ""Security Devices,"" then click on ""TPM.""

2. Change Owner Password: Access TPM.msc in Windows PowerShell or Device Manager. Select ""Change Owner Password"" from the available options.

3. Provide or Enter Owner Password: The process prompts you to either provide the saved owner password file or type the password directly.

4."
"a8e35ae209469d7a840fa51a727b2d590ca26ab29b5126e16068408c998d0aca","Cross-platform cryptography in .NET - .NET _ Microsoft Learn.pdf","0","You are a helpful assistant for cybersecurity audits. Answer ONLY from the provided chunk. If the answer is not present, reply exactly: 'Not in the provided context.' Include control identifiers/section numbers only if they appear in the chunk.","What cryptographic features are accessible to .NET apps through OS libraries, and how does this dependency impact reliability and vulnerability management?","In .NET, cryptographic operations are primarily handled by the operating system (OS) libraries. This dependency offers several advantages:

1. **Reliability**: Since OS vendors prioritize cryptography's reliability, they frequently provide updates to address vulnerabilities and improve performance.

2. **Vulnerability Management**: By leveraging OS libraries, .NET apps benefit from centralized vulnerability management. OS vendors are responsible for fixing issues that could affect cryptographic operations.

However, this dependency also means that the set of cryptographic features available to .NET apps is limited by what the OS supports. While core features are generally consistent across platforms, some platform-specific features may not be accessible in all environments."
"81034f8fbe6afae0bd54b2c03c93790acdc7c759874de8518c4f43d996e60b6c","Cross-platform cryptography in .NET - .NET _ Microsoft Learn.pdf","0","You are a helpful assistant for cybersecurity audits. Answer ONLY from the provided chunk. If the answer is not present, reply exactly: 'Not in the provided context.' Include control identifiers/section numbers only if they appear in the chunk.","How do the OS libraries affect the cryptography in .NET, considering factors like reliability and FIPS validation?","The OS libraries play a significant role in the cryptography operations within .NET. These libraries provide the foundation for cryptographic features, ensuring reliability and security.

Firstly, OS libraries' reliability is crucial because maintaining secure cryptography is a high priority. System administrators rely on OS vendors to provide timely updates that address potential vulnerabilities.

Secondly, FIPS (Federal Information Processing Standards) validation is another aspect where OS libraries impact .NET's cryptography. If the OS libraries are FIPS-validated, .NET apps can leverage these secure algorithms without needing additional validation.

In summary, OS libraries in .NET are reliable and often FIPS-validated, ensuring that cryptographic operations are both secure and efficient across different platforms."
"dac3f936e3fd477f21cc6959e876f37fe5ad8616b9e1678dbc2e2936caa11890","Cross-platform cryptography in .NET - .NET _ Microsoft Learn.pdf","0","You are a helpful assistant for cybersecurity audits. Answer ONLY from the provided chunk. If the answer is not present, reply exactly: 'Not in the provided context.' Include control identifiers/section numbers only if they appear in the chunk.","Which hash algorithms are implemented using managed code in Browser WASM for .NET?","In Browser WASM for .NET, certain hash algorithms are implemented using managed code. These include:

- SHA-1
- SHA-2-256
- SHA-2-384
- SHA-2-512

These hash and message authentication algorithms (HMAC) are not reliant on the OS libraries in this specific context of Browser WASM for .NET development."
"f210d98f983fd92e664c36696d7efa6021d35b69247319ceb17d4db2927fde94","Cross-platform cryptography in .NET - .NET _ Microsoft Learn.pdf","1","You are a helpful assistant for cybersecurity audits. Answer ONLY from the provided chunk. If the answer is not present, reply exactly: 'Not in the provided context.' Include control identifiers/section numbers only if they appear in the chunk.","What are the available symmetric encryption algorithms in .NET for Windows, Linux, macOS, iOS, tvOS, and Mac Catalyst starting from .NET 9? And which ones require OpenSSL 3.3 or higher on Linux?","Starting from .NET 9, several symmetric encryption algorithms are available for various platforms:

- Windows: Supports a wide range of ciphers and chaining modes, including AES-CBC, AES-ECB, AES-CFB8, etc.

- Linux: Depending on the OpenSSL version, some algorithms may be restricted. For example, KMAC-XOF256 requires OpenSSL 3.3 or higher.

- macOS, iOS, tvOS, Mac Catalyst: Similar to Windows and Linux platforms, these offer a range of symmetric encryption algorithms.

Please note that the exact list of supported ciphers may vary depending on the specific .NET runtime version being used."
"b02640364dfcf6989a52d66bd1eb25947d466bf33ffe67780ba6d5bd701c798f","Cross-platform cryptography in .NET - .NET _ Microsoft Learn.pdf","1","You are a helpful assistant for cybersecurity audits. Answer ONLY from the provided chunk. If the answer is not present, reply exactly: 'Not in the provided context.' Include control identifiers/section numbers only if they appear in the chunk.","How does .NET support cross-platform symmetric encryption starting from .NET 9? Which libraries are involved for specific platforms like Linux with OpenSSL 3.3+?","Starting from .NET 9, .NET supports cross-platform symmetric encryption through its built-in cryptographic libraries. These libraries abstract away platform-specific details and provide consistent APIs across different operating systems.

For Linux platforms, specifically when using OpenSSL version 3.3+ (as mentioned in the provided context), the underlying cryptographic operations are handled by the system's OpenSSL library. This ensures compatibility with the latest OpenSSL versions while still benefiting from .NET's cross-platform encryption support."
"e1ef22ecbec0b60befd3e288aba98c83044cb4531b66b71165632b02ca7df67d","Cross-platform cryptography in .NET - .NET _ Microsoft Learn.pdf","1","You are a helpful assistant for cybersecurity audits. Answer ONLY from the provided chunk. If the answer is not present, reply exactly: 'Not in the provided context.' Include control identifiers/section numbers only if they appear in the chunk.","Which symmetric encryption algorithm, KMAC-128, is available in .NET for Windows starting from which .NET version?","The symmetric encryption algorithm KMAC-128 is available in .NET for Windows starting from the .NET version 9. This algorithm supports streaming extensible output function (XOF) which was introduced in .NET 9 as well."
"40fc6ce2c570151dfc02b4355eb4f303002e591d6d0a29fc974f917a15476910","Cross-platform cryptography in .NET - .NET _ Microsoft Learn.pdf","2","You are a helpful assistant for cybersecurity audits. Answer ONLY from the provided chunk. If the answer is not present, reply exactly: 'Not in the provided context.' Include control identifiers/section numbers only if they appear in the chunk.","Which platforms support AES-CCM, AES-GCM, and ChaCha20Poly1305 in .NET 9?","AES-CCM support on macOS is mentioned, but it's unclear if .NET 9 specifically provides this support. AES-GCM and ChaCha20Poly1305 are supported starting in .NET 9 on iOS and tvOS from version 13.0 and later, as well as all versions of MacCatalyst.

To summarize the platforms supporting these algorithms in .NET 9:
- macOS: Limited support for AES-CCM, but not explicitly mentioned if .NET 9 provides this.
- iOS/tvOS: Starting from version 13.0 and later, supported by .NET 9.
- MacCatalyst: All versions are supported by .NET 9.

Not in the provided context if you need more specific information about macOS support for AES-CCM in .NET 9."
"4d1f33241634bc7338aa617e2cd353e62bb5efbb30a6dac45fd46d577208d78c","Cross-platform cryptography in .NET - .NET _ Microsoft Learn.pdf","2","You are a helpful assistant for cybersecurity audits. Answer ONLY from the provided chunk. If the answer is not present, reply exactly: 'Not in the provided context.' Include control identifiers/section numbers only if they appear in the chunk.","What is the minimum iOS and tvOS version required for .NET 9 to support authenticated encryption algorithms like AES-GCM and ChaCha20Poly1305?","The minimum iOS and tvOS version required for  .NET 9 to support authenticated encryption algorithms like AES-CCM, AES-GCM, and ChaCha20Poly1305 is specified as follows:

- For AES-CCM on macOS: Support is available.
- For AES-GCM and ChaCha20Poly1305 on iOS, tvOS, and MacCatalyst: Starting in .NET 9, support is available starting from iOS and tvOS version 13.0 and later.

Please note that the specific details about macOS support might not be fully covered in this excerpt."
"e4eae46da1ab234dc14754ec47f37e249324e9ae2e5a018d2d103b9da9364c9e","Cross-platform cryptography in .NET - .NET _ Microsoft Learn.pdf","2","You are a helpful assistant for cybersecurity audits. Answer ONLY from the provided chunk. If the answer is not present, reply exactly: 'Not in the provided context.' Include control identifiers/section numbers only if they appear in the chunk.","Which cryptography algorithm is not supported on macOS by default in .NET 9?","In the provided context, it states that AES-CCM on macOS may not be supported by default in .NET 9. However, the exact support status for macOS is not explicitly mentioned. Therefore, the answer is not entirely clear from the given chunk."
"d1553fc69803fc9869b38f9cae4a61e107b082e5882d86323c9a2be2acda3de0","Cross-platform cryptography in .NET - .NET _ Microsoft Learn.pdf","3","You are a helpful assistant for cybersecurity audits. Answer ONLY from the provided chunk. If the answer is not present, reply exactly: 'Not in the provided context.' Include control identifiers/section numbers only if they appear in the chunk.","What are the key sizes and nonce sizes supported by AES-CCM in .NET across different platforms?","AES-CCM in .NET across different platforms supports various key and nonce sizes for optimal security.

Key Sizes:
- AES-CCM works with 128, 192, and 256-bit keys to provide varying levels of encryption strength.

Nonce Sizes:
- The AesCcm class in .NET supports nonces ranging from 56 bits (7 bytes) up to 104 bits (13 bytes), providing flexibility for different use cases."
"decee56e63e7a72ae67dd0de2875fb4f64fafbe9e15e9e7003c54fffe33c0818","Cross-platform cryptography in .NET - .NET _ Microsoft Learn.pdf","3","You are a helpful assistant for cybersecurity audits. Answer ONLY from the provided chunk. If the answer is not present, reply exactly: 'Not in the provided context.' Include control identifiers/section numbers only if they appear in the chunk.","How do the nonces for AES-GCM differ between Windows/Linux and Apple platforms using .NET?","The nonces for AES-GCM differ between Windows/Linux and Apple platforms when using .NET due to platform-specific restrictions.

On Windows/Linux:
- Nonce size supported: 96-bit (12-byte)
- The AesGcm class allows for a wider range of tag sizes compared to Apple platforms.

On Apple platforms:
- Nonce size supported: Limited to 128-bit (16-byte) due to CryptoKit framework limitations.
- Tag size is also limited to the same size as the nonce, unlike Windows/Linux where more tag sizes are supported.

These platform-specific differences in nonce and tag size handling reflect the underlying implementation details of .NET on different operating systems."
"5d9a4564344708deba02bbc729ac4ea325b90bfeb54a8c7cf3e798c14b62e468","Cross-platform cryptography in .NET - .NET _ Microsoft Learn.pdf","3","You are a helpful assistant for cybersecurity audits. Answer ONLY from the provided chunk. If the answer is not present, reply exactly: 'Not in the provided context.' Include control identifiers/section numbers only if they appear in the chunk.","In ChaCha20Poly1305, what is the fixed size of the key, nonce, and authentication tag?","In ChaCha20Poly1305, the fixed sizes are as follows:
- Key size: Always uses a 256-bit key.
- Nonce size: Fixed at 96 bits (12 bytes).
- Authentication tag size: Fixed at 128 bits (16 bytes).

These values are consistent across different platforms where ChaCha20Poly1305 is supported."
"6f246959af4eaf9f84903e58cf36ee1c8079bdd53f6376ebd1d3b18401517149","Cross-platform cryptography in .NET - .NET _ Microsoft Learn.pdf","4","You are a helpful assistant for cybersecurity audits. Answer ONLY from the provided chunk. If the answer is not present, reply exactly: 'Not in the provided context.' Include control identifiers/section numbers only if they appear in the chunk.","What are the specific padding modes supported by Windows CNG, Linux OpenSSL, and macOS for RSA key operations?","Windows CNG supports several padding modes for RSA key operations. These include:

- PKCS#1 v1.5 Padding (also known as ""standard"" or ""raw"" padding)
- Optimal Asymmetric Encryption Padding (OAEP), which uses hash functions like SHA-1, SHA-2, or SHA-3.

Linux OpenSSL and macOS also support PKCS#1 v1.5 padding for RSA operations, but the exact modes and features may vary slightly between these platforms and their respective libraries."
"ea1fbb91fd737cafc396bd6ca06cad316e000e8ddaae71c45aba30ab937c9a90","Cross-platform cryptography in .NET - .NET _ Microsoft Learn.pdf","4","You are a helpful assistant for cybersecurity audits. Answer ONLY from the provided chunk. If the answer is not present, reply exactly: 'Not in the provided context.' Include control identifiers/section numbers only if they appear in the chunk.","How does the .NET framework handle raw RSA operations, and what limitations might exist based on the underlying operating system libraries?","The .NET framework does not expose ""raw"" RSA operations directly to developers. Key generation and RSA operations are typically handled by the underlying operating system libraries.

These libraries have their own limitations based on size constraints and performance characteristics. For instance, Windows CryptoAPI (CAPI) supports PKCS1 signature with SHA-2 algorithms, but individual RSA objects may not be supported by all cryptographic service providers (CSPs).

In summary, .NET relies on OS libraries for RSA operations, which can have platform-specific limitations."
"0258cae9a4e78bc0f5cb0d496b600f2c8a40abc84df9202a6ed224dfaf9c9783","Cross-platform cryptography in .NET - .NET _ Microsoft Learn.pdf","4","You are a helpful assistant for cybersecurity audits. Answer ONLY from the provided chunk. If the answer is not present, reply exactly: 'Not in the provided context.' Include control identifiers/section numbers only if they appear in the chunk.","Which hash algorithms are supported for PKCS1 signature in Windows CryptoAPI (CAPI)?","In Windows CryptoAPI (CAPI), PKCS1 signature supports various hash algorithms. The specific ones mentioned are:

- MD5
- SHA-1
- SHA-2 (with caution, as noted in the text)
- SHA-3 (not supported in some builds of Windows 11)

Please note that support for certain algorithms may vary depending on the version of CAPI and the operating system."
"578d350ffbe0978cdc9a621b0524ad3b57abfe5d53823ee9dc9ffb4f41b523ed","Cross-platform cryptography in .NET - .NET _ Microsoft Learn.pdf","5","You are a helpful assistant for cybersecurity audits. Answer ONLY from the provided chunk. If the answer is not present, reply exactly: 'Not in the provided context.' Include control identifiers/section numbers only if they appear in the chunk.","What types of cryptography are exposed by .NET, and which OS libraries do they use?","In .NET, a variety of cryptography types are exposed to enable secure communication between applications. Key components and their OS libraries include:

1. RSA (Rivest-Shamir-Adleman):
   - On Windows: Native interop with RSACryptoServiceProvider.
   - Non-Windows platforms: May use compatibility layers like RSACryptoServiceProvider.

2. ECDSA (Elliptic Curve Digital Signature Algorithm):
   - Implemented by the OS libraries, subject to their performance characteristics and size limitations.

3. RSA on Windows specific:
   - Native interop with RSACryptoServiceProvider for key generation and operations.

These types of cryptography are essential in .NET applications for secure data transmission and storage."
"53f416dccad7a9871ab27093082a6034a023c848b2e402c7097f67d8f0860b80","Cross-platform cryptography in .NET - .NET _ Microsoft Learn.pdf","5","You are a helpful assistant for cybersecurity audits. Answer ONLY from the provided chunk. If the answer is not present, reply exactly: 'Not in the provided context.' Include control identifiers/section numbers only if they appear in the chunk.","How does the .NET framework handle cross-platform cryptography, specifically mentioning RSA and ECDSA?","The .NET framework handles cross-platform cryptography through a combination of native interop and platform-specific libraries.

For RSA (Rivest-Shamir-Adleman) operations:
1. Windows uses either RSACryptoServiceProvider or the internally powered RSACng, depending on the API used.
2. Non-Windows platforms may use RSACryptoServiceProvider for compatibility with existing programs, but this is subject to PlatformNotSupportedException.

For ECDSA (Elliptic Curve Digital Signature Algorithm):
- Key generation is handled by the OS libraries, which are platform-specific and subject to their own limitations and performance characteristics.

In summary, .NET's cross-platform cryptography relies on native interop and OS library integration for RSA and ECDSA operations."
"e591c675c595f0cd6bb49e73000bf486126b6dd6beb6929b36bb17b91861b09d","Cross-platform cryptography in .NET - .NET _ Microsoft Learn.pdf","5","You are a helpful assistant for cybersecurity audits. Answer ONLY from the provided chunk. If the answer is not present, reply exactly: 'Not in the provided context.' Include control identifiers/section numbers only if they appear in the chunk.","Which cryptographic provider is used by default for RSACryptoServiceProvider on non-Windows platforms?","By default, for RSACryptoServiceProvider on non-Windows platforms, the cryptographic provider used is typically an OS library that supports interoperability with .NET's cryptography code. However, specific details about the exact provider may vary depending on the platform and its available libraries."
"4d2059fc7825edb7829fc28688d5c38e2bd5a33f4494dfd52f15c9543086258d","Cross-platform cryptography in .NET - .NET _ Microsoft Learn.pdf","6","You are a helpful assistant for cybersecurity audits. Answer ONLY from the provided chunk. If the answer is not present, reply exactly: 'Not in the provided context.' Include control identifiers/section numbers only if they appear in the chunk.","What are the specific named curve options available for ECDSA on Windows 10?","In Windows 10, ECDSA (Elliptic Curve Digital Signature Algorithm) supports named curve options for enhanced interoperability with other platforms and libraries.

The specific named curve options available for ECDSA on Windows 10 are:

- NIST P-256 (secp256r1)
- NIST P-384 (secp384r1)
- NIST P-521 (secp521r1)

These curves are defined by the National Institute of Standards and Technology (NIST) and are widely accepted for secure communication."
"5d83243a90a791f3aa1dbbca1566b91bad00383bdb15609526fc618ece884a48","Cross-platform cryptography in .NET - .NET _ Microsoft Learn.pdf","6","You are a helpful assistant for cybersecurity audits. Answer ONLY from the provided chunk. If the answer is not present, reply exactly: 'Not in the provided context.' Include control identifiers/section numbers only if they appear in the chunk.","How does .NET support cross-platform cryptography, and what types of interoperability do programs need to access OS libraries?",".NET supports cross-platform cryptography through a combination of built-in types and interoperability with operating system (OS) libraries.

1. **Built-in support**: .NET provides cryptographic classes like `RSACryptoServiceProvider`, `ECDsa`, and others, which are available across different platforms.

2. **Native Interop**: For more complex scenarios or direct access to OS-specific algorithms, .NET allows programs to interact with native code through P/Invoke (Platform Invoke) or COM interop.

3. **Security Providers**: .NET Framework provides a security framework that includes support for multiple cryptographic providers, allowing applications to choose the most appropriate provider based on platform and performance requirements.

In summary, .NET's cross-platform cryptography relies on built-in types, native interoperability, and a flexible security framework that enables seamless integration with OS libraries."
"c6f63b1acba694e7a8fd7ad132873ae2cdcf455fed7f64be8f091301dee49e89","Cross-platform cryptography in .NET - .NET _ Microsoft Learn.pdf","6","You are a helpful assistant for cybersecurity audits. Answer ONLY from the provided chunk. If the answer is not present, reply exactly: 'Not in the provided context.' Include control identifiers/section numbers only if they appear in the chunk.","Which version of Windows introduced support for named elliptic curves in CNG?","Named elliptic curves were introduced to Windows CNG support in Windows 10. This addition allowed for more secure and flexible cryptographic operations. Earlier versions of Windows, including Windows 7, had limited curve options compared to later releases."
"a98db921a3604e155e7c1f7b822d8494006b486b631bb0af5e4762b3100ae0d8","Cross-platform cryptography in .NET - .NET _ Microsoft Learn.pdf","7","You are a helpful assistant for cybersecurity audits. Answer ONLY from the provided chunk. If the answer is not present, reply exactly: 'Not in the provided context.' Include control identifiers/section numbers only if they appear in the chunk.","What are the specific key derivation functions supported by ECDiffieHellman in .NET across platforms?","In .NET across platforms, ECDiffieHellman supports several key derivation functions to enhance security. These include:

1. HASH(Z): Calculates a hash of the input Z.
2. HASH(prepend || Z || append): Hashes the input with additional prefix and suffix.
3. HMAC(key, Z) or HMAC(key, prepend || Z || append): Securely hashes the input using an HMAC function.
4. Tls11Prf(label, seed): A specific key derivation function used in TLS 1.1.

These functions allow for secure exchange of keys and data across different platforms in .NET."
"072881b9bac8100527a3989305beeee373f9cd4a94d237c936f1441b1d83b031","Cross-platform cryptography in .NET - .NET _ Microsoft Learn.pdf","7","You are a helpful assistant for cybersecurity audits. Answer ONLY from the provided chunk. If the answer is not present, reply exactly: 'Not in the provided context.' Include control identifiers/section numbers only if they appear in the chunk.","How does .NET's cross-platform cryptography handle elliptic curve Diffie-Hellman (ECDH) key generation and key derivation functions?","In .NET's cross-platform cryptography for ECDH, key generation is handled by the operating system libraries, which are subject to their limitations and performance characteristics.

Key derivation functions supported include:
1. HASH(Z): Calculates a hash of the ECDH computation result.
2. HMAC(key, Z): Hash-based message authentication code with the given key.
3. Tls11Prf(label, seed): A specific key derivation function used in TLS 1.1.

These functions allow for secure and platform-independent key management within .NET's cryptography framework."
"c4226db2c3004654c0bad71d81f708b627e6a89950baac237e3e00e2aa39d3b0","Cross-platform cryptography in .NET - .NET _ Microsoft Learn.pdf","7","You are a helpful assistant for cybersecurity audits. Answer ONLY from the provided chunk. If the answer is not present, reply exactly: 'Not in the provided context.' Include control identifiers/section numbers only if they appear in the chunk.","Which NIST P-256 curve is supported for ECDH in .NET across platforms?","In .NET across platforms, ECDH supports the NIST P-256 curve (also known as secp256r1). This curve is a standard choice for elliptic curve cryptography due to its security and performance characteristics."
"d4b4c78fb5b86f8589747ecc20e674c1f39403b0f0ee341ff27d17a128bc3569","Cross-platform cryptography in .NET - .NET _ Microsoft Learn.pdf","8","You are a helpful assistant for cybersecurity audits. Answer ONLY from the provided chunk. If the answer is not present, reply exactly: 'Not in the provided context.' Include control identifiers/section numbers only if they appear in the chunk.","What are the explicit curve parameters required for exporting on Apple platforms or earlier versions of Windows?","The explicit curve parameters required for exporting on Apple platforms or earlier versions of Windows are not explicitly mentioned in the provided chunk.

However, it's important to note that support for named curves was added to Windows CNG in Windows 10. For Apple platforms and earlier versions, which might not have native support for named curves, developers would typically rely on platform-specific libraries or custom implementations.

In summary, without specific details from the chunk, it's best to say that the exact curve parameters required for exporting on older platforms may vary depending on the platform's cryptography libraries."
"0f710ff374eab168631543540ef904fca6bef265b4d6d8d88b132b9cd031fb75","Cross-platform cryptography in .NET - .NET _ Microsoft Learn.pdf","8","You are a helpful assistant for cybersecurity audits. Answer ONLY from the provided chunk. If the answer is not present, reply exactly: 'Not in the provided context.' Include control identifiers/section numbers only if they appear in the chunk.","How does support for named curves differ between Windows CNG and earlier versions?","Support for named curves in Windows CNG (Cryptographic Next Generation) differs significantly from earlier versions. In Windows 10 and later with CNG, named curves are natively supported, providing a standardized set of curves for secure communication.

However, earlier versions of Windows, including Windows 7 and below, do not have native support for named curves in CNG. Instead, only three specific curves were available in those older versions.

In summary, Windows CNG supports named curves starting from Windows 10, while earlier versions lack this feature."
"9e7c7051a653ed83ee086cd7e1dce3622da343053c87b5dd02dd7382a65922a8","Cross-platform cryptography in .NET - .NET _ Microsoft Learn.pdf","8","You are a helpful assistant for cybersecurity audits. Answer ONLY from the provided chunk. If the answer is not present, reply exactly: 'Not in the provided context.' Include control identifiers/section numbers only if they appear in the chunk.","Which Linux distributions have native support for the same named curves as Windows CNG?","Linux distributions that have native support for the same named curves as Windows CNG are those that include the Cryptography Next Generation (CNG) library or a compatible alternative.

However, the specific Linux distributions with this support may vary depending on the release and updates made to the distribution's package repositories. To get an accurate list for a particular Linux distribution, consult its documentation or community forums."
"a79b1bcac382a6a14b89aee8e8c950b892a12bb1293d8c27e199399777f1d832","Cross-platform cryptography in .NET - .NET _ Microsoft Learn.pdf","9","You are a helpful assistant for cybersecurity audits. Answer ONLY from the provided chunk. If the answer is not present, reply exactly: 'Not in the provided context.' Include control identifiers/section numbers only if they appear in the chunk.","What are the key limitations and performance characteristics of DSA key generation on different platforms (Windows, Linux, macOS)?","The DSA key generation process on different platforms has its limitations and performance characteristics.

- **Windows**: Key creation for DSA keys up to 1024 bits is supported. Larger keys may have platform-specific behavior.

- **Linux**: Support for key generation with DSA keys up to 1024 bits is generally available, but larger keys might exhibit undefined behavior.

- **macOS**: macOS supports loading DSA keys larger than 1024 bits, but their behavior is undefined and not recommended for FIPS-compliant applications.

It's important to note that the use of Windows CNG or DSACng instances may vary depending on the specific .NET implementation."
"1dfe843254be0b77bff0e0cdb67216a40ae9d664f235b2b33d977e4cf7eddb78","Cross-platform cryptography in .NET - .NET _ Microsoft Learn.pdf","9","You are a helpful assistant for cybersecurity audits. Answer ONLY from the provided chunk. If the answer is not present, reply exactly: 'Not in the provided context.' Include control identifiers/section numbers only if they appear in the chunk.","How does Microsoft Learn's 'Cross-Platform Cryptography in .NET' guide developers when working with DSA keys across various operating systems?","The 'Cross-Platform Cryptography in .NET' guide from Microsoft Learn helps developers work with DSA keys across various operating systems by providing:

1. **Compatibility overview**: It explains how DSA keys behave differently on different platforms (Windows CNG vs CAPI).

2. **Key management**: The guide highlights the key creation process and loading keys of varying bit sizes.

3. **FIPS compliance**: It emphasizes the importance of FIPS 186-2 and -3 standards, especially when working with DSA keys.

4. **Implementation details**: Developers are informed about implementation details, such as the use of DSACng or DSACryptoServiceProvider based on key availability.

In summary, this guide acts as a reference to ensure consistent and secure DSA key management across different .NET platforms."
"560e9c093894b866bbece18242b82797743ee9753df194bebc5f584da21c4605","Cross-platform cryptography in .NET - .NET _ Microsoft Learn.pdf","9","You are a helpful assistant for cybersecurity audits. Answer ONLY from the provided chunk. If the answer is not present, reply exactly: 'Not in the provided context.' Include control identifiers/section numbers only if they appear in the chunk.","On Windows, which CryptoAPI is used for DSACryptoServiceProvider operations?","On Windows, when using DSACryptoServiceProvider operations, the CryptoAPI that is employed is Cryptography API Next Generation (CNG). This CNG provides the underlying support for DSACryptoServiceProvider functions in Windows."
"ed2e7b2f1ba90360180d7f8e7e4cdb0e90dcdbaab546fa89ed8018ca45cf585f","Cross-platform cryptography in .NET - .NET _ Microsoft Learn.pdf","10","You are a helpful assistant for cybersecurity audits. Answer ONLY from the provided chunk. If the answer is not present, reply exactly: 'Not in the provided context.' Include control identifiers/section numbers only if they appear in the chunk.","What are the specific platform compatibility details for DSACryptoServiceProvider in .NET?","In .NET, DSACryptoServiceProvider has specific platform compatibility as follows:

1. Windows:
   - Native interop with DSA.
   - Recommended for compatibility with existing programs.

2. Non-Windows platforms (Linux, macOS, iOS, tvOS, Mac Catalyst, Android):
   - DSACryptoServiceProvider can be used for compatibility but throws PlatformNotSupportedException for any system interop methods like opening a named key.

These details help developers understand the limitations and appropriate usage of DSACryptoServiceProvider across different .NET platforms."
"4376b5121e36ba76385d2b3284b354f7cedb33cab83e34d68714c7bc2e995969","Cross-platform cryptography in .NET - .NET _ Microsoft Learn.pdf","10","You are a helpful assistant for cybersecurity audits. Answer ONLY from the provided chunk. If the answer is not present, reply exactly: 'Not in the provided context.' Include control identifiers/section numbers only if they appear in the chunk.","How does .NET handle cross-platform cryptography, particularly with DSACryptoServiceProvider?","In .NET, cross-platform cryptography is handled through interop with operating system libraries that provide cryptographic services. One example is DSACryptoServiceProvider.

On non-Windows platforms, DSACryptoServiceProvider can be used for compatibility with existing programs. However, it throws a PlatformNotSupportedException when methods requiring system interop are called, like opening a named key.

macOS specifically uses DSAOpenSsl, which works if OpenSSL is installed and an appropriate libcrypto dylib can be found. If not, exceptions will be thrown.

Overall, .NET relies on OS libraries for cryptographic functionality to ensure cross-platform compatibility."
"f133762b8d8b2a32235f2d5e68bfccf3ccb6a4d7e714e9f8464d1549ace34be9","Cross-platform cryptography in .NET - .NET _ Microsoft Learn.pdf","10","You are a helpful assistant for cybersecurity audits. Answer ONLY from the provided chunk. If the answer is not present, reply exactly: 'Not in the provided context.' Include control identifiers/section numbers only if they appear in the chunk.","Which operating systems support DSACryptoServiceProvider directly in .NET?","In .NET, DSACryptoServiceProvider is supported directly on the following operating systems:

- Windows: This type works natively with Windows.
- Non-Windows platforms (Linux, macOS, iOS, tvOS, Mac Catalyst, Android): DSACryptoServiceProvider can be used for compatibility with existing programs. However, any method requiring system interop might throw a PlatformNotSupportedException."
"551e7688295b8f698f698393763a1cda9a7aeaedc464be3f35899f950f477915","Cross-platform cryptography in .NET - .NET _ Microsoft Learn.pdf","11","You are a helpful assistant for cybersecurity audits. Answer ONLY from the provided chunk. If the answer is not present, reply exactly: 'Not in the provided context.' Include control identifiers/section numbers only if they appear in the chunk.","What are the differences in PKCS7 blob formats between Windows, Linux, and macOS?","PKCS7 blob formats differ between Windows, Linux, and macOS due to their underlying implementation details.

- **Windows**: Windows emits DER-encoded PKCS7 blobs, which are standard and well-defined across platforms.

- **Linux**: Similar to Windows, Linux also produces DER-encoded PKCS7 blobs, reflecting compatibility with industry standards.

- **macOS**: macOS stands out from the other two operating systems. It emits indefinite-length-CERencoded PKCS7 blobs, which are less common but still compatible with certain cryptographic operations.

In summary, while all platforms produce PKCS7 blobs for certificate management, Windows and Linux use DER-encoded format, whereas macOS uses an indefinite-length-CERencoded format."
"b3676d87b62820f7fa14a824721638aca521ff86fb771c99cefe774233ba4a88","Cross-platform cryptography in .NET - .NET _ Microsoft Learn.pdf","11","You are a helpful assistant for cybersecurity audits. Answer ONLY from the provided chunk. If the answer is not present, reply exactly: 'Not in the provided context.' Include control identifiers/section numbers only if they appear in the chunk.","How does .NET handle cross-platform cryptography, particularly when it comes to loading certificates and private keys?","In .NET, cross-platform cryptography is handled through a combination of libraries and APIs that are compatible across different operating systems.

When it comes to loading certificates and private keys, .NET provides several options:

1. X509Store: This class allows you to manage certificate stores on Windows, while Linux and macOS use their own native certificate handling mechanisms.

2. PKCS12/PFX: These formats are used to store both certificates and private keys in a single file. .NET libraries can read and write PFX files across platforms.

3. Keychain objects (macOS only): macOS uses keychains to manage certificates and private keys. While not directly supported by the .NET APIs, you can interact with keychains using native Objective-C or Swift code.

In summary, .NET provides a consistent interface for cross-platform cryptography, while leveraging platform-specific features when necessary."
"e914aa6eef66a055dfd0e5862f6b727b22fa5ce845b9165e1fb1ab58a8026cae","Cross-platform cryptography in .NET - .NET _ Microsoft Learn.pdf","11","You are a helpful assistant for cybersecurity audits. Answer ONLY from the provided chunk. If the answer is not present, reply exactly: 'Not in the provided context.' Include control identifiers/section numbers only if they appear in the chunk.","On macOS, why can't a certificate's private key be loaded without a keychain object?","On macOS, certificate private keys cannot be loaded without a keychain object due to security restrictions imposed by Apple's operating system design. Keychains serve as secure containers that manage access to cryptographic keys and certificates, ensuring they remain encrypted on disk and accessible only when needed. Without a keychain, macOS would not have the necessary infrastructure to securely handle certificate private keys."
"e31a2a05cc10dcfe2b1d9b64f3676f093b8deb69658406ede22aa8502fe4826d","Cross-platform cryptography in .NET - .NET _ Microsoft Learn.pdf","12","You are a helpful assistant for cybersecurity audits. Answer ONLY from the provided chunk. If the answer is not present, reply exactly: 'Not in the provided context.' Include control identifiers/section numbers only if they appear in the chunk.","What are the exact scenarios supported for opening CurrentUser""My"" store on different platforms?","Opening the CurrentUser""My"" store on different platforms supports various scenarios:

1. **Windows**:
   - Read-only access (Open CurrentUser\My (ReadOnly)): ✔️
   - Read-write access (Open CurrentUser\My (ReadWrite)): ✔️
   - Existing stores only (Open CurrentUser\My (ExistingOnly)): ✔️

2. **Linux and macOS**:
   - Linux: Limited support, may fail for ""ExistingOnly"" scenario due to default store behavior.
   - macOS: Read-only access is supported (Open CurrentUser\My (ReadOnly)): ✔️
   - macOS read-write scenarios are not supported.

3. **iOS, tvOS, MacCatalyst, and Android**:
   - Varying levels of support based on platform specifics.
   - Some platforms may not have a direct equivalent to the ""My"" store.

It's important to note that CryptographicException is thrown for unsupported scenarios on each platform."
"ca54c74bc65a9a66d76e73613fb4ab8c3fa2fe5674a6e13814071e74fad2652e","Cross-platform cryptography in .NET - .NET _ Microsoft Learn.pdf","12","You are a helpful assistant for cybersecurity audits. Answer ONLY from the provided chunk. If the answer is not present, reply exactly: 'Not in the provided context.' Include control identifiers/section numbers only if they appear in the chunk.","How does the X509Store class in .NET Core and .NET 5 compare to its usage in .NET Framework, particularly on non-Windows platforms?","The X509Store class in .NET Core and .NET 5 shares similarities with its usage in .NET Framework, particularly on Windows platforms. Both versions provide access to certificate stores, which are essential for managing cryptographic keys.

On non-Windows platforms, however, the behavior of the X509Store class differs between .NET Framework and .NET Core/5. In .NET Framework, the class may not fully support user key storage or trust decisions on those platforms.

In contrast, .NET Core and .NET 5 provide a more consistent experience across platforms by using system trust decisions where applicable. This means that while the functionality of X509Store might be limited on non-Windows platforms, it still serves its purpose in managing cryptographic keys securely."
"9220045cd74ea0a9d38103fc4546d09e785d87b4e9d5b7678e389acb34dd143b","Cross-platform cryptography in .NET - .NET _ Microsoft Learn.pdf","12","You are a helpful assistant for cybersecurity audits. Answer ONLY from the provided chunk. If the answer is not present, reply exactly: 'Not in the provided context.' Include control identifiers/section numbers only if they appear in the chunk.","On Linux, what is the default behavior when creating a store for the first time?","On Linux, when creating a store for the first time, the default behavior is to create the store. However, it's important to note that no user stores exist by default, so opening CurrentUser\My with ExistingOnly may fail due to this initial state."
"c5eb5882364b123a73db600ece1485b9c4dc5af6ca59cc5d5da59c24167db1cb","Cross-platform cryptography in .NET - .NET _ Microsoft Learn.pdf","13","You are a helpful assistant for cybersecurity audits. Answer ONLY from the provided chunk. If the answer is not present, reply exactly: 'Not in the provided context.' Include control identifiers/section numbers only if they appear in the chunk.","What is the interpretation of the CA bundle in OpenSSL's default path for Linux, as described in the text?","The interpretation of the CA bundle in OpenSSL's default path for Linux, as described in the text, serves as a source of trusted root certificates. These certificates are used to verify the authenticity and trustworthiness of remote servers during SSL/TLS communication."
"4cafdd44ff0fc1309c1df03c7b4854e767d247fca986d8736c7db0bfca2c04cb","Cross-platform cryptography in .NET - .NET _ Microsoft Learn.pdf","13","You are a helpful assistant for cybersecurity audits. Answer ONLY from the provided chunk. If the answer is not present, reply exactly: 'Not in the provided context.' Include control identifiers/section numbers only if they appear in the chunk.","How does the Intermediate store on macOS differ between CurrentUseroot and LocalMachineoot?","The Intermediate store on macOS differentiates between the CurrentUser\Root and LocalMachine\Root stores.

1. **CurrentUser\Root**:
   - This store is specific to the current user.
   - It reflects the SecTrustSettings results for the user trust domain.
   - If read-only, it allows secure operations.

2. **LocalMachine\Root**:
   - This store applies to the system administrator and system trust domains.
   - On macOS, it represents an interpretation of the SecTrustSettings results for these domains.
   - Depending on the access mode (read-only or read-write), it allows varying levels of operation.

In summary, the CurrentUser\Root is user-specific while LocalMachine\Root reflects system-wide trust settings."
"aa54860b49e5c507413ec3b7b9dd24f4bfafb2983e6dabd186431c91ee8f786f","Cross-platform cryptography in .NET - .NET _ Microsoft Learn.pdf","13","You are a helpful assistant for cybersecurity audits. Answer ONLY from the provided chunk. If the answer is not present, reply exactly: 'Not in the provided context.' Include control identifiers/section numbers only if they appear in the chunk.","What is the purpose of the Root store mentioned in the text?","The Root store mentioned in the text serves as a central repository for cryptographic trust material. It is primarily used to manage and validate certificates required for secure communication.

On Windows, Linux, and macOS platforms, the Root store has different interpretations based on the operating system's trust model. For example, on Linux, it relates to OpenSSL's CA bundle."
"d1f338d80bd0840eb702203565876684bdd6cb9db7594ba9e0495e056a9a724b","Cross-platform cryptography in .NET - .NET _ Microsoft Learn.pdf","14","You are a helpful assistant for cybersecurity audits. Answer ONLY from the provided chunk. If the answer is not present, reply exactly: 'Not in the provided context.' Include control identifiers/section numbers only if they appear in the chunk.","What is the purpose of the Disallowed store on Linux, and how does it differ from other stores like CurrentUseroo?","The Disallowed store on Linux serves as a security measure to prevent unauthorized access or usage of certificates. It differs from other stores like CurrentUser\foo in that it specifically isolates and restricts certain items.

Key points about the Disallowed store:

1. Security: It helps maintain system integrity by keeping sensitive data out of reach.
2. Isolation: Certificates added to this store are not used in X.509 chain building.
3. Different from CurrentUser\foo: The CurrentUser\foo store might contain user-specific certificates, while the Disallowed store focuses on security restrictions.

Not in the provided context."
"4d0253ef8e087adcb41706d9d3e6696ed30e214a6d784295b5039b7e89b91d04","Cross-platform cryptography in .NET - .NET _ Microsoft Learn.pdf","14","You are a helpful assistant for cybersecurity audits. Answer ONLY from the provided chunk. If the answer is not present, reply exactly: 'Not in the provided context.' Include control identifiers/section numbers only if they appear in the chunk.","How does the use of custom stores like CurrentUseroo affect certificate management in macOS?","In macOS, custom stores like CurrentUseroo play a significant role in certificate management. These stores are treated differently from the default system stores:

1. **Customization**: Certificates added to the CurrentUseroo store are specific to the user and do not affect X.509 chain building for other users.

2. **Separation of concerns**: This separation allows for more granular control over certificates, which can be useful in scenarios where different users or applications require different levels of trust.

In summary, custom stores like CurrentUseroo in macOS provide a means to manage certificates tailored to individual user needs, without affecting the system's default certificate trust."
"534f39f7ae4917607e94803132a66f4ba8413dca9df33237f4ba977cbad33161","Cross-platform cryptography in .NET - .NET _ Microsoft Learn.pdf","14","You are a helpful assistant for cybersecurity audits. Answer ONLY from the provided chunk. If the answer is not present, reply exactly: 'Not in the provided context.' Include control identifiers/section numbers only if they appear in the chunk.","On Windows, where is the Intermediate store located by default?","On Windows, by default, the Intermediate store is located in the LocalMachine\Intermediate directory. This store serves as a cache for intermediate CAs and CA bundles used in X509Chain builds."
"448eb7254d2b50d3faaca6e1db6198d9530e5870551b5e1da0d0e16972d4d2a9","Cross-platform cryptography in .NET - .NET _ Microsoft Learn.pdf","15","You are a helpful assistant for cybersecurity audits. Answer ONLY from the provided chunk. If the answer is not present, reply exactly: 'Not in the provided context.' Include control identifiers/section numbers only if they appear in the chunk.","What are the specific interpretation rules for 'Disallowed' stores on macOS, as mentioned in the text?","On macOS, the 'Disallowed' stores have specific interpretation rules:

1. CurrentUser\Disallowed store:
   - This store represents an interpretation of certificates with trust set to Always Deny.
   - It is intended for use by the current user.

2. LocalMachine\Disallowed store:
   - Unlike on Windows, macOS does not have a well-defined interpretation for this location.
   - The text suggests that it might be similar to the CurrentUser\Disallowed store but with broader permissions.

macOS supports custom keychain creation in the CurrentUser location only, without password. Keychains in other locations are subject to user permissions."
"f34cee1a5b299ba24ec6c2f65423c23ba9d2254a0c38e74b28298a6f1362200e","Cross-platform cryptography in .NET - .NET _ Microsoft Learn.pdf","15","You are a helpful assistant for cybersecurity audits. Answer ONLY from the provided chunk. If the answer is not present, reply exactly: 'Not in the provided context.' Include control identifiers/section numbers only if they appear in the chunk.","How does the .NET Cryptography Model relate to the X509Store API usage on macOS described in the chunk?","The .NET Cryptography Model plays a role in ensuring secure cross-platform operations in .NET applications. On macOS, specifically, the X509Store API is used to interact with keychains for certificate storage and trust management.

In this context, the .NET Cryptography Model provides a framework that guides developers in securely managing cryptographic keys, certificates, and other security-related data.

macOS's use of the X509Store API adheres to the principles outlined in the .NET Cryptography Model, ensuring secure cross-platform operations for .NET applications on macOS."
"9866a04e47625c2e92e5fd281604cdfc1c6103b8f98484e1d35b0744be186fa9","Cross-platform cryptography in .NET - .NET _ Microsoft Learn.pdf","15","You are a helpful assistant for cybersecurity audits. Answer ONLY from the provided chunk. If the answer is not present, reply exactly: 'Not in the provided context.' Include control identifiers/section numbers only if they appear in the chunk.","What is the purpose of the 'Additional resources' section at the end of the chunk?","The 'Additional resources' section at the end of the chunk serves as a reference guide for further learning or exploration on the topic of cross-platform cryptography in .NET. It provides links to other Microsoft Learn materials that might complement or deepen understanding of the subject matter."
"d00742f931a3593eb05bc671e8da6c1781a9dc610030ef6f049799c5cd1d87ad","Cryptographic Signatures - .NET _ Microsoft Learn.pdf","0","You are a helpful assistant for cybersecurity audits. Answer ONLY from the provided chunk. If the answer is not present, reply exactly: 'Not in the provided context.' Include control identifiers/section numbers only if they appear in the chunk.","What algorithm does the example use for hashing before signing (SHA256)?","The example uses the SHA256 algorithm for hashing before signing. This is specified in the code when creating the RSAPKCS1SignatureFormatter instance:

```csharp
rsaFormatter.SetHashAlgorithm(nameof(SHA256)));
```

This line ensures that the digital signature will be created using the SHA256 hash function."
"a654515f34acf1ef09af6b2207c626b6480c979535901c638c041357fa9b0955","Cryptographic Signatures - .NET _ Microsoft Learn.pdf","0","You are a helpful assistant for cybersecurity audits. Answer ONLY from the provided chunk. If the answer is not present, reply exactly: 'Not in the provided context.' Include control identifiers/section numbers only if they appear in the chunk.","How does the RSA class generate a public/private key pair in the given example?","The RSA class generates a public/private key pair by creating a new instance of the RSA class. This process involves several steps:

1. **RSA Creation**: A new RSA object is instantiated using `RSA.Create()`.

2. **Key Generation**: The RSA object's methods are used to generate the key pair. By default, this includes both a public key and a private key.

3. **Exporting Parameters**: To use the private key later, it needs to be exported as parameters. This is done by calling `rsa.ExportParameters(false)`.

In summary, the RSA class generates a public/private key pair by creating an RSA object, generating keys, and exporting the private key parameters."
"82055bd19ddec4cba50f52590cb367c5597cd45d99f74f8ad40bc83556141efb","Cryptographic Signatures - .NET _ Microsoft Learn.pdf","0","You are a helpful assistant for cybersecurity audits. Answer ONLY from the provided chunk. If the answer is not present, reply exactly: 'Not in the provided context.' Include control identifiers/section numbers only if they appear in the chunk.","What is the name of the cryptographic service mentioned in the text?","The cryptographic service mentioned in the text is called ""Cryptographic Services."" This refers to the broader set of security features and algorithms available in .NET for maintaining data integrity and authenticity."
"89f1cb1b53806668073942629a6256ad0c5d3d449ffa474f63273e64cdb34e26","Cryptographic Signatures - .NET _ Microsoft Learn.pdf","1","You are a helpful assistant for cybersecurity audits. Answer ONLY from the provided chunk. If the answer is not present, reply exactly: 'Not in the provided context.' Include control identifiers/section numbers only if they appear in the chunk.","What are the RSAParameters values (Modulus and Exponent) required for verifying a signature using RSAPKCS1SignatureDeformatter?","To verify a signature using RSAPKCS1SignatureDeformatter, you need the RSAParameters values that specify the public key:

1. **Modulus (RSAParameters.Modulus)**:
   This is the large prime number that represents the core of the public key.

2. **Exponent (RSAParameters.Exponent)**):
   This is a smaller integer, typically 3 or 65537, which is used to perform modular exponentiation in RSA encryption and signature verification.

These values must be imported into an RSAPKCS1SignatureDeformatter instance during the verification process."
"9c8e023cfb28acd410c86718ffe3217f3afaa2568d69bee9ef7bea81946d1ebb","Cryptographic Signatures - .NET _ Microsoft Learn.pdf","1","You are a helpful assistant for cybersecurity audits. Answer ONLY from the provided chunk. If the answer is not present, reply exactly: 'Not in the provided context.' Include control identifiers/section numbers only if they appear in the chunk.","How do you verify a digital signature on data using an RSA public key with C#?","To verify a digital signature on data using an RSA public key with C#, you can follow these steps:

1. **Import necessary libraries**: Start by importing the `System.Security.Cryptography` namespace.

2. **Load the RSA public key**: Obtain the RSAParameters structure containing the Modulus and Exponent values of the public key.

3. **Create an RSAPKCS1SignatureDeformatter instance**: Instantiate the `RSAPKCS1SignatureDeformatter` class, passing the RSA public key.

4. **Verify the digital signature**: Call the `VerifySignature` method on the deformatter instance, providing the hash of the data and the signed hash.

If the verification is successful, the signature is considered valid for the given data."
"80a0e1607c8fee0456d7c82e40ca1c727ab21f220e0c21606f3bdf5e76d57ee6","Cryptographic Signatures - .NET _ Microsoft Learn.pdf","1","You are a helpful assistant for cybersecurity audits. Answer ONLY from the provided chunk. If the answer is not present, reply exactly: 'Not in the provided context.' Include control identifiers/section numbers only if they appear in the chunk.","In the given example, what is the purpose of sharing RSAParameters between creating and verifying signatures?","Sharing RSAParameters between creating and verifying signatures serves a crucial purpose in maintaining cryptographic integrity. 

Firstly, it ensures consistency by using the same key pair for both signing and verifying data. This prevents man-in-the-middle attacks where an attacker could substitute their own signature.

Secondly, by exporting and importing parameters during signature creation and verification, respectively, the RSA keypair remains securely bound to the public key used for verification.

In summary, sharing RSAParameters is vital for maintaining cryptographic trust, ensuring consistent use of key pairs, and preventing unauthorized modifications to signed data."
"26caf6970e24edda676005c54064dcae5578b917776f220fe12f3ac5adae74c2","Cryptographic Signatures - .NET _ Microsoft Learn.pdf","2","You are a helpful assistant for cybersecurity audits. Answer ONLY from the provided chunk. If the answer is not present, reply exactly: 'Not in the provided context.' Include control identifiers/section numbers only if they appear in the chunk.","What are the sharedParameters used in the RSAPKCS1SignatureDeformatter.VerifySignature method?","The sharedParameters used in the RSAPKCS1SignatureDeformatter.VerifySignature method are crucial for verifying digital signatures. These parameters likely include:

1. Public key: The RSA public key is used to verify the signature, ensuring that only the intended signer could have created it.

2. Algorithm identifier: This parameter specifies the cryptographic algorithm (e.g., RSA) and its padding scheme (PKCS#1).

Together, these sharedParameters form the context necessary for validating a digital signature in the RSAPKCS1SignatureDeformatter."
"de8ae2689afc855fb703ddcaedde4d3f9e6134cefefdfed080eb7cf38e8cd063","Cryptographic Signatures - .NET _ Microsoft Learn.pdf","2","You are a helpful assistant for cybersecurity audits. Answer ONLY from the provided chunk. If the answer is not present, reply exactly: 'Not in the provided context.' Include control identifiers/section numbers only if they appear in the chunk.","How does the VerifySignature method ensure the validity of a digital signature in .NET?","The VerifySignature method in .NET ensures the validity of a digital signature by following these steps:

1. It takes into account the sharedParameters, which are crucial for verifying the authenticity of the signature.

2. The hash value is compared against the expected hash that was supposedly signed by the digital certificate associated with the public key.

3. If the calculated hash matches the one in the signedHash, it indicates that the digital signature is valid and has not been tampered with.

In summary, the VerifySignature method ensures the authenticity of a digital signature by comparing the calculated hash against the expected hash in the signed data."
"b2e33c408b400487b3e027086caaabbaf0e1b7ea33fbf65f83fb77b2db8f2c87","Cryptographic Signatures - .NET _ Microsoft Learn.pdf","2","You are a helpful assistant for cybersecurity audits. Answer ONLY from the provided chunk. If the answer is not present, reply exactly: 'Not in the provided context.' Include control identifiers/section numbers only if they appear in the chunk.","What is the purpose of the hash and signedHash variables mentioned in this chunk?","The hash and signedHash variables mentioned in this chunk serve as critical components in cryptographic signatures using RSA PKCS#1 v1_5.

- Hash: The hash variable represents a condensed representation of the original data. It is used to ensure that even small changes in the input result in significantly different hashes.

- SignedHash: After hashing the data, the signedHash variable holds the hashed data along with a digital signature generated by the RSA algorithm. This signature serves as proof that the entity signing the hash had possession of the private key associated with the public key used for verification."
"756228da5c3b6b2a019da40f709811f357d5445ee9eacbf73a0a4c1402611749","Cryptographic Signatures - .NET _ Microsoft Learn.pdf","3","You are a helpful assistant for cybersecurity audits. Answer ONLY from the provided chunk. If the answer is not present, reply exactly: 'Not in the provided context.' Include control identifiers/section numbers only if they appear in the chunk.","What specific parameters are used in the RSA key creation and signature verification process?","In the RSA key creation and signature verification process, specific parameters are used as follows:

1. Key pair generation:
   - RSA.Create() generates an RSA object.
   - The RSA object's ExportParameters(false) method exports the public parameters (n, e).

2. Signature generation:
   - Using the exported public parameters, a signer creates a digital signature.
   - RSA object's CreateSignature(hash) method takes a hash of the data to be signed and returns the signed hash.

3. Signature verification:
   - The verifier uses the imported private parameters (d, p, q, dp, dq, inverseQ) from the RSA object.
   - RSAPKCS1SignatureDeformatter.VerifySignature(hash, signedHash) method checks if the provided signature is valid for the given hash using the private key."
"cb0a2bec6e27ab428e6c7163ebb15b11ee3cc228b8ab836e59173b845e129b7b","Cryptographic Signatures - .NET _ Microsoft Learn.pdf","3","You are a helpful assistant for cybersecurity audits. Answer ONLY from the provided chunk. If the answer is not present, reply exactly: 'Not in the provided context.' Include control identifiers/section numbers only if they appear in the chunk.","How does the code ensure the authenticity of a digital signature using SHA256 and RSA algorithms?","The code ensures the authenticity of a digital signature using SHA256 and RSA algorithms through a series of steps:

1. It computes the hash of the data using SHA256.
2. A shared RSA key pair is generated, and the public parameters are stored in `sharedParameters`.
3. The hash is signed using the private key from the RSA key pair (`rsaFormatter.CreateSignature(hash)`).
4. The signature is verified using the public key from the RSA key pair (`rsaDeformatter.VerifySignature(hash, signedHash)`).

If the verification succeeds, it confirms that the digital signature is authentic and was created with the corresponding private key."
"aefb33fefbe5cd53ae254df50e32d1dd1b6b10d29b89d53211991852fe455699","Cryptographic Signatures - .NET _ Microsoft Learn.pdf","3","You are a helpful assistant for cybersecurity audits. Answer ONLY from the provided chunk. If the answer is not present, reply exactly: 'Not in the provided context.' Include control identifiers/section numbers only if they appear in the chunk.","In the given code, what is the purpose of the 'sharedParameters' variable?","The 'sharedParameters' variable serves as a key for generating and verifying digital signatures. In this code, it is used to export the RSA parameters from an RSA object, which are then needed to create and verify the signature using the RSAPKCS1SignatureFormatter and RSAPKCS1SignatureDeformatter classes."
"2864d0f8c09a594001c3723572fbae4681915eb5e16a2a43f957f45344c01718","Decrypting data - .NET _ Microsoft Learn.pdf","0","You are a helpful assistant for cybersecurity audits. Answer ONLY from the provided chunk. If the answer is not present, reply exactly: 'Not in the provided context.' Include control identifiers/section numbers only if they appear in the chunk.","What are the steps involved in creating a CryptoStream object for decrypting data encrypted with symmetric algorithms, as described in the given chunk?","Creating a CryptoStream object for decrypting symmetrically encrypted data involves several steps as described below:

1. **Algorithm selection**: Choose an appropriate symmetric algorithm, such as Aes (Advanced Encryption Standard).

2. **Key and IV management**: Obtain the decryption key and initialization vector (IV) that were used during encryption.

3. **CryptoStream instantiation**: Instantiate a CryptoStream object, passing it the managed stream where decrypted data will be read from, and the decryption components (algorithm instance, key, and IV).

4. **Mode configuration**: Specify the mode of operation for the CryptoStream, usually set to Read for decryption purposes.

5. **Decryption process**: Use the CryptoStream's methods (e.g., Read) to decrypt data as it is read from the managed stream.

By following these steps, you can create a CryptoStream object for decrypting symmetrically encrypted data in .NET applications."
"7d658ae9929af82a0433393fac01e8896a8a9f66d8b3d5faa1624dfd9ae20677","Decrypting data - .NET _ Microsoft Learn.pdf","0","You are a helpful assistant for cybersecurity audits. Answer ONLY from the provided chunk. If the answer is not present, reply exactly: 'Not in the provided context.' Include control identifiers/section numbers only if they appear in the chunk.","How does the decryption process work when using the Aes class and CryptoStream to decrypt data encrypted with symmetric algorithms, as explained in the provided text?","The decryption process using the Aes class and CryptoStream involves several steps:

1. **Creating an instance of Aes**: First, you create a new instance of the Aes implementation class.

2. **Instantiating a CryptoStream object**: Next, you create a CryptoStream object, which acts as a wrapper around the managed stream.

3. **Initializing the CryptoStream with the IV and key**: You initialize the CryptoStream using the initialization vector (IV) value read from the managed stream, along with the same key used for encryption.

4. **Decrypting data**: As you read data from the encrypted managed stream through the CryptoStream, it decrypts the data in real-time.

In summary, decryption using Aes and CryptoStream involves setting up the necessary classes, initializing them with the appropriate IV and key, and then reading and decrypting data as needed."
"1f0a67bbfaf7ba13fcec6e806626393875b4a3ed4c005bf6241cafec71d2838d","Decrypting data - .NET _ Microsoft Learn.pdf","0","You are a helpful assistant for cybersecurity audits. Answer ONLY from the provided chunk. If the answer is not present, reply exactly: 'Not in the provided context.' Include control identifiers/section numbers only if they appear in the chunk.","What is the purpose of the SymmetricAlgorithm.CreateDecryptor method mentioned in the example code for decrypting data?","The SymmetricAlgorithm.CreateDecryptor method serves as a key component in decrypting data that has been encrypted using symmetric algorithms. This method takes an instance of a symmetric algorithm (like Aes) and the necessary decryption keys (IV and key) to create a decryptor object. The CryptoStream class then uses this decryptor to decrypt the encrypted data read from a managed stream."
"28f4b679ee32b7b394005092b9c9780160bb64881362f6ad5ecf5af66b681bd6","Decrypting data - .NET _ Microsoft Learn.pdf","1","You are a helpful assistant for cybersecurity audits. Answer ONLY from the provided chunk. If the answer is not present, reply exactly: 'Not in the provided context.' Include control identifiers/section numbers only if they appear in the chunk.","How does the `aes.CreateDecryptor` method work in this context, specifically regarding the parameters key and iv?","The `aes.CreateDecryptor` method in this context is used for decrypting data that has been encrypted using the Advanced Encryption Standard (AES).

Here's how it works with the parameters key and iv:

1. **Key**: The 'key' parameter represents the encryption key, which is a shared secret between the sender and receiver of the encrypted data.

2. **Initialization Vector (IV)**: The 'iv' parameter stands for an initialization vector. An IV is used to randomize the encryption process, making it more secure against brute-force attacks.

Together, these parameters are passed to the `CreateDecryptor` method, which returns a decryption object that can be used to decrypt the encrypted data."
"752df8c0b68864ed8a838d8398fdd52c7dc3165dbdc27a728ac7a54e0b61b988","Decrypting data - .NET _ Microsoft Learn.pdf","1","You are a helpful assistant for cybersecurity audits. Answer ONLY from the provided chunk. If the answer is not present, reply exactly: 'Not in the provided context.' Include control identifiers/section numbers only if they appear in the chunk.","What is the purpose of using `aes.CreateDecryptor` in decrypting data within .NET framework?","The purpose of using `aes.CreateDecryptor` in .NET framework for decrypting data is to create a decryption algorithm based on Advanced Encryption Standard (AES).

Here's how it works:

1. Key and Initialization Vector (IV): The function takes an encryption key and IV as input, which were previously used for encrypting the data.

2. Decryption Algorithm: `aes.CreateDecryptor` generates a decryption algorithm that can reverse the encryption process.

3. Decrypting Data: Once the decryption algorithm is created, it can be used with a CryptoStream in read mode to decrypt the encrypted data.

In summary, `aes.CreateDecryptor` plays a crucial role in .NET framework by facilitating secure decryption of data using AES encryption."
"22e60f51fad5ebf21906d53a222dc82411e8e26fe297b2d043bd4f98bfb11aab","Decrypting data - .NET _ Microsoft Learn.pdf","1","You are a helpful assistant for cybersecurity audits. Answer ONLY from the provided chunk. If the answer is not present, reply exactly: 'Not in the provided context.' Include control identifiers/section numbers only if they appear in the chunk.","In the code snippet, what library or namespace is being used for encryption and decryption operations?","In the code snippet, the library or namespace being used for encryption and decryption operations is `System.Security.Cryptography`. This namespace contains various classes for working with cryptographic algorithms such as AES (Advanced Encryption Standard)."
"448287fd775bf9871c7824b222afa4e0a2ec8df2e69095f739753d5250838573","Decrypting data - .NET _ Microsoft Learn.pdf","2","You are a helpful assistant for cybersecurity audits. Answer ONLY from the provided chunk. If the answer is not present, reply exactly: 'Not in the provided context.' Include control identifiers/section numbers only if they appear in the chunk.","What is the process for creating a CryptoStream using an Aes algorithm, and how does it handle decryption of data in 'TestData.txt' file?","The process for creating a CryptoStream using an Aes algorithm involves several steps:

1. **Key and Initialization Vector (IV)**:
   - Generate or obtain a key (e.g., `key` array) for the Aes encryption.
   - Create an IV (e.g., `iv` byte[]) to ensure each encrypted block is unique.

2. **Creating the CryptoStream**:
   - Instantiate a new `Aes` object and use it to create a decryptor with the key and IV.
   - Using the `FileStream` for 'TestData.txt', create a `CryptoStream` using the `FileStream`, the decryptor, and the appropriate mode (e.g., `Read`). 

3. **Decryption**:
   - The `CryptoStream` is now ready to read decrypted data from the 'TestData.txt' file.
   - Use a `StreamReader` on top of the `CryptoStream` to read the decrypted message.

In summary, creating a CryptoStream with Aes involves setting up keys and IVs, then using them to create a decryptor for the stream. The stream is used to decrypt data from 'TestData.txt'."
"91340fec00855869630914f952b7e53c219e8cb5def0759e9f490414d163392d","Decrypting data - .NET _ Microsoft Learn.pdf","2","You are a helpful assistant for cybersecurity audits. Answer ONLY from the provided chunk. If the answer is not present, reply exactly: 'Not in the provided context.' Include control identifiers/section numbers only if they appear in the chunk.","How does the given code decrypt data from a file ('TestData.txt')), using an AES encryption algorithm?","The given code decrypts data from a file named 'TestData.txt') using AES encryption algorithm as follows:

1. It first opens the file in read mode using `FileStream` with the path 'TestData.txt'.

2. Next, it creates an instance of the AES algorithm using `Aes.Create()`.

3. The IV (initialization vector) is extracted from the AES object and used for decryption. In this case, the IV length is not specified.

4. A key is defined as a byte array containing 16 hexadecimal values.

5. Using the key and IV, an instance of `Aes.CreateDecryptor()` is created to decrypt data.

6. The decrypted data is read from the encrypted file using a `CryptoStream` in read mode.

7. Finally, the decrypted data is read into memory using a `StreamReader`, and the original message is displayed on the console."
"a755aa4574727cbfbed6e7f6ab43c41c01b5978fb604d66f9700336ac5a9ed27","Decrypting data - .NET _ Microsoft Learn.pdf","2","You are a helpful assistant for cybersecurity audits. Answer ONLY from the provided chunk. If the answer is not present, reply exactly: 'Not in the provided context.' Include control identifiers/section numbers only if they appear in the chunk.","What type of key is used for decrypting data in the provided example?","In the provided example, the key used for decrypting data is an AES (Advanced Encryption Standard) key. The key is represented by a byte array, with specific values assigned to it for decryption purposes."
"39c2577303e9eee4c2bf155968fe371e467d034673aa4aa8b9f3347f9fb2688c","Decrypting data - .NET _ Microsoft Learn.pdf","3","You are a helpful assistant for cybersecurity audits. Answer ONLY from the provided chunk. If the answer is not present, reply exactly: 'Not in the provided context.' Include control identifiers/section numbers only if they appear in the chunk.","What is the process for retrieving an asymmetric key from a secure cryptographic key container in C#?","In C#, retrieving an asymmetric key from a secure cryptographic key container involves the following steps:

1. **Create or Locate Key Container**: First, you need to create or locate a key container where the asymmetric key is stored.

2. **Access Cryptographic Services**: Use `System.Security.Cryptography` namespace in C# to interact with the key container and retrieve the key.

3. **Key Retrieval**: Depending on the type of key container (e.g., software key container, hardware security module), you may need to call specific methods to retrieve the asymmetric key.

4. **Validation and Usage**: After retrieving the key, ensure it is valid for your intended use case (e.g., encryption or digital signatures).

Here's a sample code snippet that demonstrates how to retrieve an RSA key from a software key container in C#:

```csharp
using System;
using System.Security.Cryptography;

class KeyRetrievalExample
{
    static void Main(string[] args)
    {
        // Replace with your own key container name
        string keyContainerName = ""MyKeyContainer"";

        // Create an RSACryptoServiceProvider instance
        using (RSACryptoServiceProvider rsa = new RSACryptoServiceProvider())
        {
            // Import the private key from the software key container
            rsa.FromXmlString(keyContainerName);

            // Retrieve the public key as XML
            string publicKeyXml = rsa.ToXmlString(false);

            Console.WriteLine($""Public Key (XML):"");
            Console.WriteLine(publicKeyXml);
        }
    }
}
```

Please note that this example assumes you have administrative privileges on the machine where the code is running."
"2ad071b3cac44f1deba364e7d1412e955edb21b0d6ed647d61d94808c0c4cdab","Decrypting data - .NET _ Microsoft Learn.pdf","3","You are a helpful assistant for cybersecurity audits. Answer ONLY from the provided chunk. If the answer is not present, reply exactly: 'Not in the provided context.' Include control identifiers/section numbers only if they appear in the chunk.","How does party A decrypt data received from party B using their private key in .NET?","In .NET, party A decrypts data received from party B using their private key as follows:

1. Party A possesses a pair of keys - a public key and a corresponding private key.

2. When party B encrypts data using party A's public key, the encrypted data can only be decrypted with the associated private key.

3. Upon receiving the encrypted data from party B, party A uses their private key to decrypt the data.

4. If the decryption is successful, party A retrieves the original plaintext data that was encrypted by party B.

In summary, party A decrypts data using their private key in .NET, ensuring that only the intended recipient can access the original content."
"3bdb37daddf44cf2d05c0acdc7725f7527aaf74c1a42296f5d397a4960babaab","Decrypting data - .NET _ Microsoft Learn.pdf","3","You are a helpful assistant for cybersecurity audits. Answer ONLY from the provided chunk. If the answer is not present, reply exactly: 'Not in the provided context.' Include control identifiers/section numbers only if they appear in the chunk.","In the example, what are the two arrays of bytes that represent a symmetric key and IV?","In the example, the two arrays of bytes that represent a symmetric key and IV are not explicitly mentioned. The decryption process involves retrieving these keys from encrypted formats using the RSA object's Decrypt method with appropriate padding. However, without further details or code snippets, it is not possible to identify the exact byte arrays in this context."
"1aa4fd369bd9f50a0a51995ae24af68a407e5307486c1a36c08f2d42fac09b5e","Encrypting data - .NET _ Microsoft Learn.pdf","0","You are a helpful assistant for cybersecurity audits. Answer ONLY from the provided chunk. If the answer is not present, reply exactly: 'Not in the provided context.' Include control identifiers/section numbers only if they appear in the chunk.","What is the process for initializing a CryptoStream using Aes encryption, and what default key and IV are used?","The process for initializing a CryptoStream using Aes encryption involves several steps:

1. Create an instance of the Aes algorithm:
```csharp
Aes aes = Aes.Create();
```
2. Initialize the CryptoStream with the file stream and the Aes instance:
```csharp
FileStream fileStream = ...; // Your FileStream object
CryptoStream cryptStream = new CryptoStream(fileStream, aes.CreateEncryptor(), CryptoStreamMode.Write);
```
3. By default, the key and initialization vector (IV) used for encryption are generated automatically by the Aes class.

In summary, to initialize a CryptoStream with Aes encryption, you create an Aes instance, pass it to the CryptoStream constructor along with your file stream, and let the Aes class generate the default key and IV."
"eba584ed08f117aa91864a3bb59829c30042c8aa787791c38d99b493dd314fb1","Encrypting data - .NET _ Microsoft Learn.pdf","0","You are a helpful assistant for cybersecurity audits. Answer ONLY from the provided chunk. If the answer is not present, reply exactly: 'Not in the provided context.' Include control identifiers/section numbers only if they appear in the chunk.","How does symmetric encryption using the Aes algorithm work in conjunction with the CryptoStream class?","Symmetric encryption using the Aes algorithm with the CryptoStream class works as follows:

1. **Algorithm Selection**: The Aes class is used to create an instance of the Aes algorithm.

2. **CryptoStream Initialization**: A new instance of CryptoStream is created, which takes a managed stream (like FileStream) and initializes it with cryptographic operations.

3. **Encryption Process**: The CreateEncryptor method from the Aes class is passed the encryption key and initialization vector (IV). These values are used to perform the actual encryption on data written to the CryptoStream.

In summary, the combination of Aes algorithm and CryptoStream class provides a convenient way to encrypt data in a managed stream context."
"dbe36281cfe26ca2e5fbf6e14b7b513d18b8714f85d30bacb047bfa868ebe7b1","Encrypting data - .NET _ Microsoft Learn.pdf","0","You are a helpful assistant for cybersecurity audits. Answer ONLY from the provided chunk. If the answer is not present, reply exactly: 'Not in the provided context.' Include control identifiers/section numbers only if they appear in the chunk.","In the given example, which cryptographic algorithm's default implementation class is being created?","In the given example, the cryptographic algorithm being used is Advanced Encryption Standard (AES). The default implementation class for AES is created using `Aes.Create()`."
"bce421947659f678aa9c0baa105a130804f49cea3c7d56613c1ab04ba61548cf","Encrypting data - .NET _ Microsoft Learn.pdf","1","You are a helpful assistant for cybersecurity audits. Answer ONLY from the provided chunk. If the answer is not present, reply exactly: 'Not in the provided context.' Include control identifiers/section numbers only if they appear in the chunk.","In the given code snippet, what is the purpose of the 'iv' parameter passed to the 'Aes.CreateEncryptor()' method?","In the given code snippet, the 'iv' parameter passed to the 'Aes.CreateEncryptor()' method serves as a Initialization Vector. This IV is used in symmetric encryption algorithms like AES (Advanced Encryption Standard) to ensure that the same plaintext does not produce the same ciphertext, thus enhancing security and preventing data reuse attacks."
"edee38006ca6f4f657ce1dd485d79ae5d722102f10c17635ea1c7b7aa75fa897","Encrypting data - .NET _ Microsoft Learn.pdf","2","You are a helpful assistant for cybersecurity audits. Answer ONLY from the provided chunk. If the answer is not present, reply exactly: 'Not in the provided context.' Include control identifiers/section numbers only if they appear in the chunk.","What is the process for creating an IV and writing it to the file stream in the given C# code example?","The process for creating an IV and writing it to the file stream in the given C# code example involves the following steps:

1. Initialize a new `Aes` object to create an instance of the Advanced Encryption Standard.

2. Generate a random byte array as the initialization vector (IV). This is important because the same key should be used with different IVs for each encryption operation.

3. Set the generated IV as the value of the `IV` property of the `Aes` object.

4. Open or create a file stream using the `FileStream` class, and write the IV to the beginning of the file stream.

5. Create a `CryptoStream` instance, passing the file stream, an encryption transform (in this case, the `CreateEncryptor()` method), and the mode for reading/writing (`CryptoStreamMode.Write` in this example).

6. Use a `StreamWriter` to write encrypted data to the `CryptoStream`. The encryption process ensures that the plain text is transformed into ciphertext.

By following these steps, the given C# code example securely encrypts data by creating an IV and writing it to the file stream before encryption takes place."
"264da22fe496d98b4dcc384b4a682ce15d4dec1f45adf3e12653c5915c5a64be","Encrypting data - .NET _ Microsoft Learn.pdf","2","You are a helpful assistant for cybersecurity audits. Answer ONLY from the provided chunk. If the answer is not present, reply exactly: 'Not in the provided context.' Include control identifiers/section numbers only if they appear in the chunk.","How does the encryption process ensure that even when plain text is the same, the encrypted data will always be different?","The encryption process ensures that even when plain text is the same, the encrypted data will always be different through a combination of techniques.

1. Key and Initialization Vector (IV): Each encryption uses a unique key and an initialization vector (IV). The IV is randomly generated for each encryption, ensuring distinct ciphertexts.

2. Symmetric Encryption: Most encryption algorithms use symmetric keys, meaning the same key is used for both encryption and decryption. This property ensures that even if the plain text is identical, different keys and IVs will result in unique encrypted data.

In summary, the combination of a unique key and initialization vector (IV) during symmetric encryption guarantees that even identical plain text will produce distinct encrypted data."
"c5fe5a4013164f162755eb2be1d3103eb1ff43ee8803ef202a85e4182a6a5b3e","Encrypting data - .NET _ Microsoft Learn.pdf","2","You are a helpful assistant for cybersecurity audits. Answer ONLY from the provided chunk. If the answer is not present, reply exactly: 'Not in the provided context.' Include control identifiers/section numbers only if they appear in the chunk.","In the provided code snippet, what is the purpose of the `CryptoStreamMode.Write` parameter in the `CryptoStream` constructor?","The `CryptoStreamMode.Write` parameter in the `CryptoStream` constructor serves as a control identifier for the stream's operation mode.

In this context, `Write` indicates that data will be written to the encrypted stream, which is typically done when encrypting messages or files."
"2bad8619c75789cde78d2e905377482debc19f9c0ea2680a069bd6df4d5b8b7a","Encrypting data - .NET _ Microsoft Learn.pdf","3","You are a helpful assistant for cybersecurity audits. Answer ONLY from the provided chunk. If the answer is not present, reply exactly: 'Not in the provided context.' Include control identifiers/section numbers only if they appear in the chunk.","What byte arrays are initialized to represent the public key information in the example?","In the example provided, two byte arrays are initialized to represent the public key information. These byte arrays are:

1. `modulus`: This array holds the modulus component of the public key.

By initializing these byte arrays with the public key information, the example demonstrates how to use asymmetric encryption for encrypting symmetric keys and IVs."
"555f45aebd8a83415d9d865d3cabaf470843fff18935f12d13a0615ee68a32a7","Encrypting data - .NET _ Microsoft Learn.pdf","3","You are a helpful assistant for cybersecurity audits. Answer ONLY from the provided chunk. If the answer is not present, reply exactly: 'Not in the provided context.' Include control identifiers/section numbers only if they appear in the chunk.","How does the code use the RSA class to encrypt a symmetric key and IV using public key information?","The code uses the RSA class in C# to encrypt a symmetric key and IV using public key information. Here's how it works:

1. Initialize byte arrays with the public key information.
2. Create an `RSAParameters` object and set its values to the initialized byte arrays.
3. Import the `RSAParameters` into an `RSA` instance using the `RSA.ImportParameters()` method.
4. Finally, the private key and IV generated by an `Aes` class are encrypted using the public key from the `RSA` instance.

This process ensures secure communication by encrypting sensitive data with the recipient's public key."
"ca805368254c3b8399df3f78c1ece6cc6a29954a349b3f091d96a2b90d954834","Encrypting data - .NET _ Microsoft Learn.pdf","3","You are a helpful assistant for cybersecurity audits. Answer ONLY from the provided chunk. If the answer is not present, reply exactly: 'Not in the provided context.' Include control identifiers/section numbers only if they appear in the chunk.","In the given C# example, what is the purpose of the 'RSA.ImportParameters' method?","The 'RSA.ImportParameters' method serves a crucial purpose in the given C# example. This method imports the RSA parameters (which include the modulus and public exponent) into an RSA instance. By doing so, the code can utilize the imported private key for further asymmetric encryption operations."
"b57f7d7c9486f422b5650d908136ad430327f15a24d7069880e877c9e872d4f5","Encrypting data - .NET _ Microsoft Learn.pdf","4","You are a helpful assistant for cybersecurity audits. Answer ONLY from the provided chunk. If the answer is not present, reply exactly: 'Not in the provided context.' Include control identifiers/section numbers only if they appear in the chunk.","What are the specific values of 'modulus' and 'exponent' in the RSAParameters structure?","In the RSAParameters structure within the given chunk, the specific values for 'modulus' and 'exponent' are as follows:

- Modulus (byte array): The modulus value represents the large prime number used in the RSA algorithm. However, the exact decimal representation of this value is not provided in the given chunk.

- Exponent (byte array): The exponent value determines how many times the modular multiplicative inverse of the modulus should be applied to a message. In the given structure, the exponent is {1, 0, 1}, which corresponds to 101 in decimal notation.

Since the exact decimal representation of the modulus value is not provided, that part of the answer would be incomplete based on the given chunk."
"75570d32c72bea052e9a0913e6fb53330d85eebcf743c3532760b73b845c9b4a","Encrypting data - .NET _ Microsoft Learn.pdf","4","You are a helpful assistant for cybersecurity audits. Answer ONLY from the provided chunk. If the answer is not present, reply exactly: 'Not in the provided context.' Include control identifiers/section numbers only if they appear in the chunk.","How does the .NET framework securely encrypt symmetric keys using RSA encryption?","The .NET framework securely encrypts symmetric keys using RSA encryption through a series of steps:

1. **Key generation**: A new instance of the `RSA` class is created to generate public and private key pairs.

2. **RSAParameters structure**: An `RSAParameters` object is used to store the public key values (modulus and exponent).

3. **Importing key parameters**: The `ImportParameters` method is called on the `RSA` instance, importing the public key information for encryption.

4. **Symmetric key encryption**: A new instance of the `Aes` class is created to represent the symmetric key algorithm. The `Encrypt` method of the `RSA` instance is then used to encrypt the symmetric key and IV using RSA encryption padding (e.g., PKCS#1)."
"7961e3b00a0ef6bc84c4a87d9275498f046d4e74576e998ca2de7687a7772051","Encrypting data - .NET _ Microsoft Learn.pdf","4","You are a helpful assistant for cybersecurity audits. Answer ONLY from the provided chunk. If the answer is not present, reply exactly: 'Not in the provided context.' Include control identifiers/section numbers only if they appear in the chunk.","What is the type of object created when instantiating the RSA class?","When instantiating the RSA class, a type of object created is an instance of the RSA class itself. This object is used for cryptographic operations, particularly key encryption and decryption using public and private keys."
"4ea57b767f0c748153fa199fadbf1f6ce7edecf25d9cc9582dd4c8b605866508","Ensuring Data Integrity with Hash Codes - .NET _ Microsoft Learn.pdf","0","You are a helpful assistant for cybersecurity audits. Answer ONLY from the provided chunk. If the answer is not present, reply exactly: 'Not in the provided context.' Include control identifiers/section numbers only if they appear in the chunk.","What is the process for converting a string into an array of bytes using Encoding.UTF8 in C#?","In C#, you can convert a string into an array of bytes using the `Encoding.UTF8` class. Here's the process:

1. **Import necessary namespaces**: Start by importing the `System.Text`, `System.IO`, and `System.Security.Cryptography` namespaces.

2. **Create an instance of Encoding.UTF8**: Use the `Encoding.UTF8` constructor to create a new encoding object that handles UTF-8 encoded data.

3. **Convert the string to bytes**: Call the `GetBytes()` method on the `Encoding.UTF8` object, passing in the string you want to convert. This will return an array of bytes representing the original string.

Here's a code snippet demonstrating this process:

```csharp
string messageString = ""This is the original message!"";

byte[] messageBytes = Encoding.UTF8.GetBytes(messageString);

Console.WriteLine(""Original Message: "" + messageString);
Console.WriteLine(""Byte Array Representation: "" + Convert.ToHexString(messageBytes));
```

This code will output the original string and its byte array representation."
"fdd2b7c36581ea08ae91c6d329023943df76430c920fe292e0efa9ad0ca54d4b","Ensuring Data Integrity with Hash Codes - .NET _ Microsoft Learn.pdf","0","You are a helpful assistant for cybersecurity audits. Answer ONLY from the provided chunk. If the answer is not present, reply exactly: 'Not in the provided context.' Include control identifiers/section numbers only if they appear in the chunk.","How does the SHA256 class in C# help generate a hash value for a given array of bytes?","The SHA256 class in C# plays a crucial role in generating hash values for arrays of bytes. This class represents the Secure Hash Algorithm 256-bit variant, which is known for its strong cryptographic properties.

Here's how it works:

1. **Input Conversion**: The given array of bytes is first converted into a format that can be processed by the SHA256 algorithm.

2. **Hash Computation**: Once the input data is in the required format, the SHA256 class applies a series of complex mathematical operations to generate a fixed-length hash value.

3. **Output Representation**: The resulting hash value is typically represented as an array of bytes or a hexadecimal string for easy readability and comparison.

In summary, the SHA256 class in C# simplifies the process of generating strong cryptographic hash values from arrays of bytes."
"100769873b4b00da6fe6a6d1bf1efe51939b1e9542d43a16b3fbdd9dd6d5233c","Ensuring Data Integrity with Hash Codes - .NET _ Microsoft Learn.pdf","0","You are a helpful assistant for cybersecurity audits. Answer ONLY from the provided chunk. If the answer is not present, reply exactly: 'Not in the provided context.' Include control identifiers/section numbers only if they appear in the chunk.","In the provided code example, what is the output displayed to the console when running the program?","In the provided code example, when running the program, the output displayed to the console is a hexadecimal representation of the hash value generated using the SHA-256 algorithm. This hash represents the original message string."
"44cd4a8ee7894e3992c1142a884284342ac1a9bcf599a10ce66dede283e137fd","Ensuring Data Integrity with Hash Codes - .NET _ Microsoft Learn.pdf","1","You are a helpful assistant for cybersecurity audits. Answer ONLY from the provided chunk. If the answer is not present, reply exactly: 'Not in the provided context.' Include control identifiers/section numbers only if they appear in the chunk.","What is the purpose of converting a string into an array of bytes in this hash verification example?","In this hash verification example, converting a string into an array of bytes serves a crucial purpose. The process of encoding a string as bytes allows the data to be hashed and compared effectively.

Hashing a byte array ensures that any changes to the original string will result in a different hash value. This property is essential for verifying data integrity, as it enables the detection of tampering or corruption."
"31c098dc5c93945c5ee882f27d4e369f4a489a1d8f043d8c143101e8fd09279f","Ensuring Data Integrity with Hash Codes - .NET _ Microsoft Learn.pdf","1","You are a helpful assistant for cybersecurity audits. Answer ONLY from the provided chunk. If the answer is not present, reply exactly: 'Not in the provided context.' Include control identifiers/section numbers only if they appear in the chunk.","How does verifying a hash value ensure data integrity?","Verifying a hash value ensures data integrity by comparing the calculated hash of the data with a known or expected hash value. Here's how it works:

1. **Hash Generation**: When data is initially created or modified, its content is transformed into a fixed-length hash value using a cryptographic algorithm like SHA-256.

2. **Storing Hash Value**: The generated hash value is then securely stored alongside the original data. This could be in a database, file system metadata, or another trusted location.

3. **Verifying Data Integrity**: When the data needs to be accessed or verified, its hash value can be recalculated and compared with the stored hash. If they match, the data has not been tampered with; if they don't, there's reason to suspect data corruption or malicious interference."
"cd90f447d032ae2102405b53eb8309d5662ca3a8d69a49fab30f9054ffc101b8","Ensuring Data Integrity with Hash Codes - .NET _ Microsoft Learn.pdf","1","You are a helpful assistant for cybersecurity audits. Answer ONLY from the provided chunk. If the answer is not present, reply exactly: 'Not in the provided context.' Include control identifiers/section numbers only if they appear in the chunk.","In the given code, what is the name of the hashing algorithm used to create compareHashValue?","In the given code, the hashing algorithm used to create compareHashValue is SHA256. This is indicated by the line `byte[] compareHashValue = SHA256.HashData(messageBytes);`."
"72b28c9c764ef0f8901986f827d065a728d167c1a7f7db9d5337821639a7993a","Ensuring Data Integrity with Hash Codes - .NET _ Microsoft Learn.pdf","2","You are a helpful assistant for cybersecurity audits. Answer ONLY from the provided chunk. If the answer is not present, reply exactly: 'Not in the provided context.' Include control identifiers/section numbers only if they appear in the chunk.","What specific cryptographic services are utilized in the 'Ensuring Data Integrity with Hash Codes' example?","In the 'Ensuring Data Integrity with Hash Codes' example, specific cryptographic services are employed to ensure data integrity:

1. **Hash Functions**: These are used to compute a fixed-size output (hash code) from any input data. This helps verify that the original data has not been tampered with.

2. **Data Protection**: The example likely refers to ASP.NET Core Data Protection, which is a built-in mechanism for securely encrypting and decrypting sensitive data in web applications.

By using these cryptographic services, the 'Ensuring Data Integrity with Hash Codes' example demonstrates how to maintain the integrity of stored data."
"76ecc09a3a8a3906d7b7cec5dc155064a57485023bf85b64754b9a5138e567d4","Ensuring Data Integrity with Hash Codes - .NET _ Microsoft Learn.pdf","2","You are a helpful assistant for cybersecurity audits. Answer ONLY from the provided chunk. If the answer is not present, reply exactly: 'Not in the provided context.' Include control identifiers/section numbers only if they appear in the chunk.","How does the ASP.NET Core Data Protection feature contribute to ensuring data integrity using hash codes?","ASP.NET Core Data Protection plays a crucial role in ensuring data integrity using hash codes. This feature integrates encryption and decryption mechanisms into the application, providing the following benefits:

1. Secure Key Storage: The Data Protection mechanism securely stores cryptographic keys, ensuring that sensitive information remains protected.

2. Encryption at Rest: When data is stored on disk or other persistent storage, ASP.NET Core Data Protection encrypts it, making it harder for unauthorized access.

3. Decryption on Demand: Applications can decrypt data as needed, allowing for secure retrieval of information without exposing the underlying encryption.

In summary, ASP.NET Core Data Protection contributes to ensuring data integrity with hash codes by providing secure key storage, encryption at rest, and decryption on demand."
"6cca8fb24b8288f7b21030c885b55645eec12878759df1da4edd167cb7fe111a","Ensuring Data Integrity with Hash Codes - .NET _ Microsoft Learn.pdf","2","You are a helpful assistant for cybersecurity audits. Answer ONLY from the provided chunk. If the answer is not present, reply exactly: 'Not in the provided context.' Include control identifiers/section numbers only if they appear in the chunk.","In the given code snippet, what is the purpose of the `Console.WriteLine` statement?","In the given code snippet, the purpose of the `Console.WriteLine` statement is to provide feedback or an error message. If the hash codes being compared do not match, this line would indicate that data integrity might be compromised."
"30e81888d3492b2ffe5b60fc7b84398948e9715703463a3948608f89dd0ba8c7","Generating Keys for Encryption and Decryption - .NET _ Microsoft Learn.pdf","0","You are a helpful assistant for cybersecurity audits. Answer ONLY from the provided chunk. If the answer is not present, reply exactly: 'Not in the provided context.' Include control identifiers/section numbers only if they appear in the chunk.","What is the process for creating a new instance of the Aes algorithm's default implementation class in C#?","In C#, to create a new instance of the Aes algorithm's default implementation class, you would use the following code:

```csharp
Aes aes = Aes.Create();
```

Here, `Aes.Create()` is used to generate a new instance of the Aes algorithm. This will automatically create a key and initialization vector (IV) for symmetric encryption and decryption purposes."
"a6b790575fa08f467811da725589e4f000732597fc1591754655544f5a49b52e","Generating Keys for Encryption and Decryption - .NET _ Microsoft Learn.pdf","0","You are a helpful assistant for cybersecurity audits. Answer ONLY from the provided chunk. If the answer is not present, reply exactly: 'Not in the provided context.' Include control identifiers/section numbers only if they appear in the chunk.","How does one securely communicate a symmetric key and IV to a remote party using asymmetric encryption?","To securely communicate a symmetric key and IV to a remote party using asymmetric encryption, follow these steps:

1. **Choose an asymmetric algorithm**: Select a widely accepted public-key cryptography standard, such as RSA or Elliptic Curve Cryptography (ECC).

2. **Encrypt the symmetric key with the recipient's public key**: Use the recipient's public key to encrypt the symmetric key. This ensures that only the intended recipient can decrypt the key.

3. **Send the encrypted symmetric key and IV**: Transmit the encrypted symmetric key, along with the IV, securely over a communication channel.

4. **Recipient receives and decrypts the keys**: Upon receiving the encrypted keys, the recipient uses their private key to decrypt the symmetric key.

By following these steps, you can securely communicate a symmetric key and IV to a remote party using asymmetric encryption."
"f33d62a6f002322d3352b47c93e374d95d18e59bc34bccce4b38b05ad8819980","Generating Keys for Encryption and Decryption - .NET _ Microsoft Learn.pdf","0","You are a helpful assistant for cybersecurity audits. Answer ONLY from the provided chunk. If the answer is not present, reply exactly: 'Not in the provided context.' Include control identifiers/section numbers only if they appear in the chunk.","In the given example, what are the properties that the newly created key and IV are set as values for?","In the given example, after creating a new instance of the Aes algorithm's default implementation class, a new key and IV are generated. These newly created keys and IVs are then set as values for the Key and IV properties, respectively."
"616dec3af8eb4c532cd27df7f4953e3900b07eec5e7b105039798528c951d4a7","Generating Keys for Encryption and Decryption - .NET _ Microsoft Learn.pdf","1","You are a helpful assistant for cybersecurity audits. Answer ONLY from the provided chunk. If the answer is not present, reply exactly: 'Not in the provided context.' Include control identifiers/section numbers only if they appear in the chunk.","How does one generate keys for encryption and decryption in .NET using Aes algorithm?","To generate keys for encryption and decryption in .NET using the Aes algorithm, follow these steps:

1. **Import necessary namespaces**:
   ```csharp
   using System;
   using System.Security.Cryptography;
   ```
2. **Create an instance of the Aes algorithm**:
   ```csharp
   Aes aes = Aes.Create();
   ```
3. **Generate a key pair** (optional, if you want separate encryption and decryption keys):
   ```csharp
   byte[] encryptionKey = aes.Key;
   byte[] initializationVector (IV) = aes.IV;
   ```

4. **Store the keys securely**:
   After generating the keys, ensure they are stored in a secure manner, such as using key storage libraries or encrypted databases.

By following these steps, you can generate keys for encryption and decryption in .NET using the Aes algorithm."
"2bbbae3828e047ae2a3cabf3e6e3730abbdafe1e1a2338a27f21a9496b713219","Generating Keys for Encryption and Decryption - .NET _ Microsoft Learn.pdf","1","You are a helpful assistant for cybersecurity audits. Answer ONLY from the provided chunk. If the answer is not present, reply exactly: 'Not in the provided context.' Include control identifiers/section numbers only if they appear in the chunk.","In .NET, what class is used to create an instance of the Advanced Encryption Standard (Aes) algorithm?","In .NET, the class used to create an instance of the Advanced Encryption Standard (Aes) algorithm is `Aes`. The code snippet demonstrates this by initializing the `Aes` object with `Aes.Create();`."
"565c0d48fa64095726c94ed3a506696d1299165503f668b834b1fcc9d4b0674d","Generating Keys for Encryption and Decryption - .NET _ Microsoft Learn.pdf","2","You are a helpful assistant for cybersecurity audits. Answer ONLY from the provided chunk. If the answer is not present, reply exactly: 'Not in the provided context.' Include control identifiers/section numbers only if they appear in the chunk.","What methods can be used to extract key information from an RSA instance after creating a new instance using the RSA.Create(RSAParameters) method?","After creating a new instance of RSA using the RSA.Create(RSAParameters) method, you can extract key information from the RSA instance using various methods. Here are some options:

1. RSA.ExportRSAPublicKey()
   - This method exports the public key as an RSAPublicKey structure.

2. RSA.ExportRSAPrivateKey()
   - For private keys, this method exports the private key as an RSAPrivateKey structure.

3. AsymmetricAlgorithm.ExportSubjectPublicKeyInfo()
   - If you need a Subject Public Key Information (SPKIS) format, use this method for both public and private keys.

4. AsymmetricAlgorithm.ExportPkcs8PrivateKey()
   - This method exports the private key in PKCS#8 format.

5. AsymmetricAlgorithm.ExportEncryptedPkcs8PrivateKey()
   - For enhanced security, you can export an encrypted PKCS#8 private key.

Remember to handle these methods securely and according to your application's requirements."
"18c91a2e2a1cb9ad99aa8b478753b8f08ed28340f93e63071ff8cdf47147fd45","Generating Keys for Encryption and Decryption - .NET _ Microsoft Learn.pdf","2","You are a helpful assistant for cybersecurity audits. Answer ONLY from the provided chunk. If the answer is not present, reply exactly: 'Not in the provided context.' Include control identifiers/section numbers only if they appear in the chunk.","How does .NET ensure the security of asymmetric private keys when storing or handling them?","To ensure the security of asymmetric private keys in .NET, several precautions are taken:

1. **Secure Storage**: Private keys should never be stored verbatim or as plain text. Instead, they are typically encrypted and stored securely.

2. **Key Management**: Access to private keys must be strictly controlled. They should only be accessible when required for a specific operation.

3. **API Usage**: .NET provides secure methods for handling asymmetric keys, such as ImportParameters and RSA.Create(). These methods help ensure proper key management and security.

In summary, .NET ensures the security of asymmetric private keys by implementing secure storage practices, strict key management, and using appropriate API methods."
"aa9e7ab4ef1c5386d8ea979d8ddf16a36dee22e07215b86f7dfc17c562245257","Generating Keys for Encryption and Decryption - .NET _ Microsoft Learn.pdf","2","You are a helpful assistant for cybersecurity audits. Answer ONLY from the provided chunk. If the answer is not present, reply exactly: 'Not in the provided context.' Include control identifiers/section numbers only if they appear in the chunk.","What class in .NET is responsible for asymmetric encryption, and what method should be used to create a new instance without specifying key information?","The class responsible for asymmetric encryption in .NET is RSA. To create a new instance without specifying key information, you should use the parameterless Create() method:

```csharp
RSA rsa = RSA.Create();
```

This will generate a new RSA key pair automatically."
"01c4e80f59d7977921f29d30c68ea3938d00be8da04a91444a954f7cd5ed4005","Generating Keys for Encryption and Decryption - .NET _ Microsoft Learn.pdf","3","You are a helpful assistant for cybersecurity audits. Answer ONLY from the provided chunk. If the answer is not present, reply exactly: 'Not in the provided context.' Include control identifiers/section numbers only if they appear in the chunk.","How should you securely manage private key storage in .NET applications, specifically using the RSA.Create(RSAParameters) method?","When securely managing private key storage in .NET applications using RSA.Create(RSAParameters), it's crucial to follow these guidelines:

1. **Avoid plaintext storage**: Never store private keys verbatim or as plain text on the local computer.

2. **Key management**: Use secure key management practices, such as generating strong key pairs and rotating keys periodically.

3. **Encryption at rest**: If storing keys is necessary, encrypt them using a well-protected master key or a hardware security module (HSM).

4. **Access control**: Implement strict access controls to limit who can access the private keys.

By following these best practices, you can ensure the secure management of private keys in your .NET applications."
"504c03343eed307e5a1d99f7aea08119e5629561380f7d3638d481008644b622","Generating Keys for Encryption and Decryption - .NET _ Microsoft Learn.pdf","3","You are a helpful assistant for cybersecurity audits. Answer ONLY from the provided chunk. If the answer is not present, reply exactly: 'Not in the provided context.' Include control identifiers/section numbers only if they appear in the chunk.","In .NET, what is the recommended approach for storing asymmetric private keys to ensure security?","In .NET, when it comes to storing asymmetric private keys securely, the recommended approach is NOT to store them verbatim or as plain text. Instead, if you need to persist a private key, you should use a secure key storage mechanism, such as the `System.Security.Cryptography.X509Certificates` namespace in .NET.

This practice ensures that sensitive information remains protected from unauthorized access."
"67c3d8eb7371ecf285935ee03c0ecb0ab8ffb2e580633e708faf0f9be3a5ef97","Generating Keys for Encryption and Decryption - .NET _ Microsoft Learn.pdf","4","You are a helpful assistant for cybersecurity audits. Answer ONLY from the provided chunk. If the answer is not present, reply exactly: 'Not in the provided context.' Include control identifiers/section numbers only if they appear in the chunk.","How does the RSA class in .NET create and save a public/ private key pair using an RSAParameters structure?","The RSA class in .NET creates and saves a public/private key pair using an RSAParameters structure in the following steps:

1. **Key Pair Generation**: Create a new instance of the `RSA` class, which automatically generates a public-private key pair.

2. **Exporting Key Information**: Use the `ExportParameters()` method to save the public key information into an `RSAParameters` structure. This structure contains details about the key's modulus and exponent.

3. **Storing or Saving Keys**: Depending on your application requirements, you can store the `RSAParameters` structure in a secure location (e.g., KeyContainer, database encryption), ready for future use in encryption and decryption operations."
"be620596d1006ec478e2c06de3408262ec06b9219bf7c0b187fed6a7b07c8d0e","Generating Keys for Encryption and Decryption - .NET _ Microsoft Learn.pdf","4","You are a helpful assistant for cybersecurity audits. Answer ONLY from the provided chunk. If the answer is not present, reply exactly: 'Not in the provided context.' Include control identifiers/section numbers only if they appear in the chunk.","What is the process for generating a public/private key pair and saving the public key information in .NET using RSA class?","In .NET using the RSA class, the process for generating a public/-private key pair and saving the public key information involves the following steps:

1. Create an instance of the RSA class:
```csharp
RSA rsa = RSA.Create();
```
2. Generate a public/private key pair:
```csharp
// Save the public key information to an RSAParameters structure.
RSAParameters rsaKeyInfo = rsa.ExportParameters(false);
```
The `ExportParameters` method with `false` as the parameter indicates that you want to export only the public key.

3. The `rsaKeyInfo` variable now holds the public key information, which can be used for encryption and decryption operations in .NET."
"23b835c07afdb11fa5ba10d18d88dac32b979b666f12b283ba2d2c2ab03c2f41","Generating Keys for Encryption and Decryption - .NET _ Microsoft Learn.pdf","4","You are a helpful assistant for cybersecurity audits. Answer ONLY from the provided chunk. If the answer is not present, reply exactly: 'Not in the provided context.' Include control identifiers/section numbers only if they appear in the chunk.","In the given code example, what does the 'false' parameter passed to the ExportParameters method indicate?","In the given code example, the 'false' parameter passed to the ExportParameters method indicates that the exported key should include the private exponent (d) as well as other necessary components for a complete RSA key pair.

This means that if you were to save this information and later use it for decryption, you would have access to both the public and private keys needed for secure communication."
"5a100ae4e4acdd95f01ac5f579bd71231e1c5d2fd581b2a7ab2b626256fa6a1c","How System Guard helps protect Windows _ Microsoft Learn.pdf","0","You are a helpful assistant for cybersecurity audits. Answer ONLY from the provided chunk. If the answer is not present, reply exactly: 'Not in the provided context.' Include control identifiers/section numbers only if they appear in the chunk.","What are the key security guarantees provided by System Guard in Windows 11 and 10?","System Guard in Windows 11 and 10 provides several key security guarantees:

1. **Boot Integrity**: System Guard ensures that only trusted boot components start before the Windows bootloader, preventing unauthorized software from persisting.

2. **Hardware-based Root of Trust**: By leveraging Secure Boot feature in modern hardware, System Guard creates a hardware-based root of trust, which prevents bootkits or other malicious firmware from executing.

3. **Local and Remote Attestation**: System Guard enables validation that system integrity has been maintained throughout the system's lifecycle, both locally and remotely.

In summary, System Guard provides robust security by safeguarding the boot process, leveraging hardware roots of trust, and enabling attestations for maintaining system integrity."
"8202fa86ea81902309a1708ab10a912a77efb9d978c681df8d1eedcd93cac278","How System Guard helps protect Windows _ Microsoft Learn.pdf","0","You are a helpful assistant for cybersecurity audits. Answer ONLY from the provided chunk. If the answer is not present, reply exactly: 'Not in the provided context.' Include control identifiers/section numbers only if they appear in the chunk.","How does the hardware-based root of trust, Secure Boot feature in UEFI, contribute to preventing bootkits or rootkits in modern Windows systems?","The hardware-based root of trust, Secure Boot feature in UEFI, plays a crucial role in preventing bootkits or rootkits in modern Windows systems. Here's how it works:

1. **Secure Boot Environment**: Secure Boot ensures that only trusted firmware and operating system images are allowed to load during the boot process.

2. **Static Root of Trust for Measurement (SRTM)**: As mentioned, due to the diversity of PC vendors and UEFI BIOS versions, SRTM measurements are numerous. Secure Boot helps validate these measurements by ensuring they come from a known trustworthy source.

3. **Blocklist/Allowlist**: By maintaining either a blocklist of known malicious SRTM measurements or an allowlist of trusted ones, Secure Boot further enhances the system's protection against bootkits and rootkits.

In summary, the hardware-based root of trust in Secure Boot, as part of UEFI, significantly contributes to preventing bootkits and rootkits by validating firmware and operating system images, managing trusted lists, and maintaining a secure boot environment."
"86a1ecec2528d773a6562f050f123810bc6af44d5c9d2258b492ed1e95f7c452","How System Guard helps protect Windows _ Microsoft Learn.pdf","0","You are a helpful assistant for cybersecurity audits. Answer ONLY from the provided chunk. If the answer is not present, reply exactly: 'Not in the provided context.' Include control identifiers/section numbers only if they appear in the chunk.","What is the purpose of the Static Root of Trust for Measurement (SRTM) in ensuring system integrity during bootup?","The Static Root of Trust for Measurement (SRTM) serves as a critical component during system bootup to ensure system integrity. Its primary purpose is to:

1. Verify the authenticity of early boot UEFI components.
2. Prevent unauthorized firmware or software, such as bootkits, from starting before the Windows bootloader.
3. Establish trust by maintaining either a blocklist (of known 'bad' SRTM measurements) or an allowlist (of known 'good' SRTM measurements)).

In summary, the SRTM is a hardware-based mechanism that safeguards system integrity during bootup by verifying trusted components and preventing unauthorized software"
"58a73fe86cee0ded45e81760a55a7cb6fd616a2a389294a6b9029dae91adc8a0","How System Guard helps protect Windows _ Microsoft Learn.pdf","1","You are a helpful assistant for cybersecurity audits. Answer ONLY from the provided chunk. If the answer is not present, reply exactly: 'Not in the provided context.' Include control identifiers/section numbers only if they appear in the chunk.","What is the purpose of maintaining an allowlist for 'good' SRTM measurements in System Guard?","The purpose of maintaining an allowlist for 'good' SRTM measurements in System Guard is to ensure system security and integrity. By having a predefined list of trusted measurements, System Guard can filter out potentially malicious or inaccurate data. This helps protect the Windows operating system from potential threats that could exploit vulnerabilities through unreliable SRTM measurements."
"c78bf77e9fa84e3808289259ed3b0a92bc98068d12be70fc87a3c35231036feb","How System Guard helps protect Windows _ Microsoft Learn.pdf","1","You are a helpful assistant for cybersecurity audits. Answer ONLY from the provided chunk. If the answer is not present, reply exactly: 'Not in the provided context.' Include control identifiers/section numbers only if they appear in the chunk.","How does System Guard's Static Root of Trust for Measurement (SRTM) contribute to protecting Windows?","System Guard's Static Root of Trust for Measurement (SRTM) plays a crucial role in protecting Windows. SRTM serves as an essential foundation for maintaining system integrity and security.

Firstly, SRTM ensures that only trusted measurements are used by the system. This helps prevent malicious software from exploiting vulnerabilities or manipulating system data.

Secondly, SRTM contributes to the secure boot process. By validating the authenticity of boot components, it prevents unauthorized modifications during startup.

In summary, System Guard's SRTM is a vital component in safeguarding Windows. It ensures trusted measurements, protects against secure boot attacks, and maintains overall system integrity and security."
"55920b555f4a5833b6042d7330dd3098ecf36503e8a78c398a12a76ac05224f8","How System Guard helps protect Windows _ Microsoft Learn.pdf","1","You are a helpful assistant for cybersecurity audits. Answer ONLY from the provided chunk. If the answer is not present, reply exactly: 'Not in the provided context.' Include control identifiers/section numbers only if they appear in the chunk.","What is the term used for a predefined list that includes approved SRTM measurements in System Guard?","In the context of System Guard within Windows security, the term used for a predefined list that includes approved SRTM measurements is an ""allowlist."" This allowlist maintains the integrity of the system by ensuring only trusted SRTM measurements are processed."
"c365e219a608379665c45ce416cc661414ea24884cc69d3d6473263052de81f0","How System Guard helps protect Windows _ Microsoft Learn.pdf","2","You are a helpful assistant for cybersecurity audits. Answer ONLY from the provided chunk. If the answer is not present, reply exactly: 'Not in the provided context.' Include control identifiers/section numbers only if they appear in the chunk.","What is the process by which System Guard's Secure Launch transitions a system from untrusted early UEFI code to a trusted and measured state?","System Guard's Secure Launch employs a dynamic process to transition a system from untrusted early UEFI code to a trusted and measured state. This process involves:

1. **Initial Boot**: The system allows untrusted early UEFI code to boot, ensuring that any malicious attempts are detected initially.

2. **Secure Transition**: Once the initial boot is completed, Secure Launch takes control by forcing all CPUs down a well-known and measured code path.

3. **Trusted State**: This transition ensures that the system is securely in a trusted state, where all subsequent operations are verified and protected against potential threats."
"99e3ee26678f6ed5d06fec061ea5b60beef4c2dbf2aabbc1fcee8855b902b9ae","How System Guard helps protect Windows _ Microsoft Learn.pdf","2","You are a helpful assistant for cybersecurity audits. Answer ONLY from the provided chunk. If the answer is not present, reply exactly: 'Not in the provided context.' Include control identifiers/section numbers only if they appear in the chunk.","How does the Dynamic Root of Trust for Measurement (DRTM) in Secure Launch simplify management of SRTM measurements compared to traditional methods?","The Dynamic Root of Trust for Measurement (DRTM) in Secure Launch simplifies management of SRTM measurements compared to traditional methods in several ways:

1. **Reduced Complexity**: DRTM allows the system to boot initially with untrusted code, but it quickly transitions into a trusted state. This separation reduces the need for managing numerous hardware-specific code measurements.

2. **Standardized Code Path**: By forcing all CPUs down a well-known and measured code path, DRTM ensures that updates can be deployed more widely and quickly without fear of compatibility issues.

3. **Simplified Measurement Management**: With DRTM in Secure Launch, the number of valid code measurements is significantly reduced. This makes it easier to manage and maintain the integrity of these measurements over time.

In summary, the DRTM in Secure Launch simplifies SRTM measurement management by reducing complexity, standardizing code paths, and streamlining measurement management."
"277cb32bc83c2372a2f401daf9b07006e2a556e9e777711ac5da0228fa32c5d8","How System Guard helps protect Windows _ Microsoft Learn.pdf","2","You are a helpful assistant for cybersecurity audits. Answer ONLY from the provided chunk. If the answer is not present, reply exactly: 'Not in the provided context.' Include control identifiers/section numbers only if they appear in the chunk.","What is the key benefit of using System Guard's Secure Launch with DRTM technology?","The key benefit of using System Guard's Secure Launch with DRTM technology lies in its enhanced security and management efficiency. DRTM ensures:

1. **Early Boot Trust**: The system initially boots into untrusted code but transitions quickly to a trusted state.

2. **Code Path Control**: By forcing CPUs down a well-known measured path, the system reduces the risk of exploitation.

3. **Simplified SRTM Management**: Secure Launch decouples launch code from hardware-specific configurations, resulting in fewer valid measurements and faster updates.

In summary, System Guard's Secure Launch with DRTM technology enhances security by providing early boot trust and"
"3e187b7eeea3ded49055fd2e69942a88e3dfa6e7aae598ed8da99752a43af2ba","How System Guard helps protect Windows _ Microsoft Learn.pdf","3","You are a helpful assistant for cybersecurity audits. Answer ONLY from the provided chunk. If the answer is not present, reply exactly: 'Not in the provided context.' Include control identifiers/section numbers only if they appear in the chunk.","What specific hardware features does the supervisor SMI handler use to monitor and prevent unauthorized access in SMM code?","The supervisor SMI handler uses specific hardware features to monitor and prevent unauthorized access in SMM code. These features include:

1. **Paging protection**: This ensures that certain code tables are read-only, preventing tampering with critical system data.

2. **Supervisor SMI handler**: A hardware-enforced processor feature that acts as a watchdog, monitoring the SMM code for any suspicious activity.

3. **Hardware attestation**: In the future, Windows 10 will also attest to the integrity of the SMI Handler, verifying that no unauthorized memory tampering has occurred.

These features work together to provide robust security in the SMM environment."
"13bf9b361ca441e1c69ea102a7810f8d9813f1cc073995308dec43d5b0aa9971","How System Guard helps protect Windows _ Microsoft Learn.pdf","3","You are a helpful assistant for cybersecurity audits. Answer ONLY from the provided chunk. If the answer is not present, reply exactly: 'Not in the provided context.' Include control identifiers/section numbers only if they appear in the chunk.","How does System Guard's paging protection mechanism help ensure code and data integrity during system operations?","System Guard's paging protection mechanism plays a crucial role in maintaining code and data integrity during system operations. This mechanism works as follows:

1. **Read-Only Locking**: Paging protection ensures that critical code tables are locked to be read-only, preventing unauthorized tampering.

2. **Address Space Control**: By enforcing restrictions on memory access, paging protection helps prevent malicious code from accessing sensitive areas of the address space.

3. **Hardware Supervision**: The SMM hardware supervision feature monitors the SMM code and ensures that it adheres to predefined security rules.

In summary, System Guard's paging protection mechanism is a vital component in safeguarding code and data integrity during system operations by enforcing strict memory access controls and monitoring for potential threats."
"a0f17370cd12e776281113cc07b36e823567e55294cabae7ea84c7520589333d","How System Guard helps protect Windows _ Microsoft Learn.pdf","3","You are a helpful assistant for cybersecurity audits. Answer ONLY from the provided chunk. If the answer is not present, reply exactly: 'Not in the provided context.' Include control identifiers/section numbers only if they appear in the chunk.","What is the purpose of Secure Launch technology in relation to SMM protection?","Secure Launch technology plays a crucial role in enhancing SMM protection for Windows 10 platforms. It works in conjunction with SMM hardware supervision and attestation to ensure:

1. Late launch security: Secure Launch enables late-stage boot process, reducing the attack surface during early stages.

2. Integrity verification: By measuring the behavior of the SMI Handler, Secure Launch ensures that no unauthorized tampering has occurred.

In summary, Secure Launch technology is an integral part of the SMM protection mechanism in Windows 10, enhancing platform integrity and security."
"34a76a7211234a1eda80f695b37b675b26aabc70f7464f09c29e8e6deb589b09","How System Guard helps protect Windows _ Microsoft Learn.pdf","4","You are a helpful assistant for cybersecurity audits. Answer ONLY from the provided chunk. If the answer is not present, reply exactly: 'Not in the provided context.' Include control identifiers/section numbers only if they appear in the chunk.","What specific hardware and TPM version does System Guard Secure Launch support?","System Guard Secure Launch supports a specific hardware and TPM version. It requires a device with a Trusted Platform Module 2.0 (TPM 2.0). Earlier TPM versions, such as TPM 1.2, are not supported by System Guard Secure Launch."
"1fce5975ad31e6a89027dca377634d235716dfc0477a928f6f12f69037b114c9","How System Guard helps protect Windows _ Microsoft Learn.pdf","4","You are a helpful assistant for cybersecurity audits. Answer ONLY from the provided chunk. If the answer is not present, reply exactly: 'Not in the provided context.' Include control identifiers/section numbers only if they appear in the chunk.","How does System Guard ensure the integrity of a Windows device during boot process using TPM 2.0?","System Guard ensures the integrity of a Windows device during boot using TPM 2.0 through a series of steps:

1. **Integrity measurements**: As the device boots up, System Guard takes advantage of the TPM 2.0's hardware-based security features.

2. **Hardware-isolation**: The measurements and data are isolated from the running Windows to minimize tampering risks.

3. **Platform validation**: Once the device is booted and running, the integrity measurements taken during boot can be used to validate the platform's continued integrity.

In summary, System Guard leverages TPM 2.0 for hardware-based security during the boot process, ensuring the integrity of the Windows device."
"3d59dbdc5302ba570400d02f2bb17a0bc07741030140aa71c2f81ec3841589bd","How System Guard helps protect Windows _ Microsoft Learn.pdf","4","You are a helpful assistant for cybersecurity audits. Answer ONLY from the provided chunk. If the answer is not present, reply exactly: 'Not in the provided context.' Include control identifiers/section numbers only if they appear in the chunk.","Which earlier TPM versions is not supported by System Guard Secure Launch?","System Guard Secure Launch does not support earlier TPM versions such as TPM 1.2. This limitation ensures that the platform integrity protection offered by System Guard leverages the most secure hardware capabilities available."
"dd4d96c85b4bfb31ad40f91e488b847d045a748bb9dad7e3646c98853deaf443","How System Guard helps protect Windows _ Microsoft Learn.pdf","5","You are a helpful assistant for cybersecurity audits. Answer ONLY from the provided chunk. If the answer is not present, reply exactly: 'Not in the provided context.' Include control identifiers/section numbers only if they appear in the chunk.","What specific components and measurements does System Guard sign and seal using the TPM?","System Guard signs and seals specific components and measurements using the TPM to ensure device integrity. These components include:

1. **Device firmware**: System Guard verifies the authenticity of the device's firmware.

2. **Hardware configuration state**: It ensures that hardware settings are consistent and not tampered with.

3. **Windows boot-related components**: This includes critical files and processes involved in the Windows startup process.

4. **Additional measurements**: These may include system performance metrics, security event logs, or other indicators of device health.

By sealing these components, System Guard provides a strong foundation for maintaining the integrity and security of the Windows operating system."
"03a8cb2448e55b12ad5c592ecabf4271fbe191ce38ba51661a973053514d2293","How System Guard helps protect Windows _ Microsoft Learn.pdf","5","You are a helpful assistant for cybersecurity audits. Answer ONLY from the provided chunk. If the answer is not present, reply exactly: 'Not in the provided context.' Include control identifiers/section numbers only if they appear in the chunk.","How does System Guard contribute to maintaining device integrity and what actions can a management system take if System Guard indicates lack of integrity?","System Guard plays a crucial role in maintaining device integrity by performing regular checks on various system components. These checks include verifying the firmware, hardware configuration state, Windows boot-related components, and more.

If System Guard indicates a lack of integrity, a management system like Intune or Microsoft Configuration Manager can take several actions to address the issue:

1. **Deny access**: Temporarily restrict the device from accessing critical resources until the issue is resolved.

2. **Remediation**: Provide automated or manual instructions for修复 detected issues, such as updating firmware or reinstalling Windows components.

3. **Alert IT team**: Notify the IT department about the integrity issue, so they can prioritize addressing it in a timely manner.

4. **Device wipe/reinstall**: As a last resort, if all other options fail, the management system may recommend wiping the device and reinstalling Windows to ensure a clean slate.

By implementing these actions, management systems can effectively safeguard devices and maintain their integrity within an organization's IT infrastructure."
"330242d708e474592e2dfe0373a05f56801a849274f4785a27ddaaaa70055d9f","How System Guard helps protect Windows _ Microsoft Learn.pdf","5","You are a helpful assistant for cybersecurity audits. Answer ONLY from the provided chunk. If the answer is not present, reply exactly: 'Not in the provided context.' Include control identifiers/section numbers only if they appear in the chunk.","Which editions of Windows are supported by System Guard?","Supported editions of Windows by System Guard include:

- Windows Pro
- Windows Enterprise
- Windows Pro Education/SE
- Windows Education

These editions are designed to leverage System Guard's hardware-based root-of-trust feature for enhanced device security."
"3dc5c3dc9b24db30ded512eeb48dba0e0d0dcb2b4cddc9acfedf32a4a7ef25e6","How System Guard helps protect Windows _ Microsoft Learn.pdf","6","You are a helpful assistant for cybersecurity audits. Answer ONLY from the provided chunk. If the answer is not present, reply exactly: 'Not in the provided context.' Include control identifiers/section numbers only if they appear in the chunk.","What specific hardware and software requirements must Intel® vPro™ processors starting with Intel® CoffeeLake, WhiskeyLake, or later silicon meet for System Guard to function properly?","System Guard on Intel® vPro™ processors requires specific hardware and software configurations. Here are the requirements for CoffeeLake, WhiskeyLake, or later silicon:

1. **Processor**: Intel® vPro™ processors starting with at least Intel® CoffeeLake, WhiskeyLake, or later silicon.

2. **Hardware Requirements**:
   - A 64-bit computer with a minimum of four cores (logical processors) is essential.
   - For hypervisor and Virtualization-based security (VBS), the platform must support Hyper-V on Windows Server 2016 or later.

3. **Software Requirements**:
   - The processor must support Intel® vPro™ features, which include hardware-based root of trust.
   - A compatible version of Microsoft Windows is required, with specific licensing for System Guard functionality.

Please note that these requirements are based on the information provided in the chunk. For the most up-to-date and complete system requirements, consult the official Microsoft documentation or contact their support team."
"fede141ef474ac5c5aa4699d80765fc7ba2e20dedd82fbf0863fa8a21783f3e8","How System Guard helps protect Windows _ Microsoft Learn.pdf","6","You are a helpful assistant for cybersecurity audits. Answer ONLY from the provided chunk. If the answer is not present, reply exactly: 'Not in the provided context.' Include control identifiers/section numbers only if they appear in the chunk.","In order to support System Guard on Intel® vPro™ processors, what are the minimum processor requirements and any additional specifications that need to be met?","To support System Guard on Intel® vPro™ processors, the minimum requirements are as follows:

- **Processor**: Starting with Intel® Coffee Lake, Whiskey Lake, or later silicon generations.

Additionally, there are specific specifications that need to be met for proper System Guard functionality:

1. **64-bit CPU**: A computer with at least four logical processors (cores) is required.
2. **Trusted Platform Module (TPM)**): The platform must support a discrete TPM 2.0, excluding integrated/firmware TPMs unless specified for Intel chips with PTT.
3. **Windows DMA Protection**: Platforms must meet the Windows DMA Protection Specification, ensuring external DMA ports are off by default until explicitly enabled by the OS.
4. **SMM communication buffers**: All SMM communication buffers must be implemented in specific memory types.

By adhering to these requirements and specifications, Intel® vPro™ processors can effectively support System Guard for enhanced security on Windows systems."
"43ee6d4c271f673fe774b3a66dd3be50e43295374a91d4b2adbf4315deb27265","How System Guard helps protect Windows _ Microsoft Learn.pdf","6","You are a helpful assistant for cybersecurity audits. Answer ONLY from the provided chunk. If the answer is not present, reply exactly: 'Not in the provided context.' Include control identifiers/section numbers only if they appear in the chunk.","What is the primary purpose of System Guard in Microsoft Windows?","System Guard in Microsoft Windows primarily serves as a security feature that helps protect the system from unauthorized access and malicious activities. Key aspects of System Guard include:

1. **Hardware-based root of trust**: It relies on secure hardware components like Intel vPro or TPM 2.0 to establish a trusted environment.

2. **Windows DMA Protection**: This ensures that data transfers between devices are securely managed, preventing potential attacks.

3. **Secure SMM communication**: System Guard maintains strict security measures for the System Management Mode (SMM), which is critical for maintaining system stability and security.

In summary, System Guard plays a vital role in enhancing Windows"
"841b466e5560d05ff2342bec8880f30690f6b4c7c86d15d996bb375d2d88c29d","How System Guard helps protect Windows _ Microsoft Learn.pdf","7","You are a helpful assistant for cybersecurity audits. Answer ONLY from the provided chunk. If the answer is not present, reply exactly: 'Not in the provided context.' Include control identifiers/section numbers only if they appear in the chunk.","What are the exact attributes and policy requirements for the TPM NV index setup by platform firmware?","The exact attributes and policy requirements for the TPM NV index setup by platform firmware are as follows:

- Handle: 0x01C101C0
- Attributes:
   - Must have read/write permissions.
   - Pages must allow marking executable, with memory map reporting TSEG EfiReservedMemoryType.

Additionally, there are policy requirements:
- BIOS SMI handler must lock page tables on every SMM entry.
- Platform must support Modern/Connected Standby.
- TPM AUX Index: exact policy and attributes specified in the chunk.
- TPM NV Index: specific handle and attribute values mentioned earlier.

These details ensure proper security and functionality for the platform."
"10e6b7d59cc90e571adca6f7763e16dcefce85b85b1f4e2e471d4b5fe95eb3d4","How System Guard helps protect Windows _ Microsoft Learn.pdf","7","You are a helpful assistant for cybersecurity audits. Answer ONLY from the provided chunk. If the answer is not present, reply exactly: 'Not in the provided context.' Include control identifiers/section numbers only if they appear in the chunk.","How does System Guard protect Windows by enforcing specific security policies on the TPM NV index?","System Guard protects Windows by enforcing strict security policies on the TPM NV index. This index serves as a secure storage area for the operating system.

Key aspects of System Guard's protection include:

1. **Authorization Policies**: The required AUX policy ensures that only authorized actions can be performed, such as defining or undefining special spaces.

2. **Secure Index Attributes**: The platform firmware sets up the NV index with specific attributes, like read/write permissions and handle values, to ensure secure data storage.

3. **Initialization and Locking**: The TPM NV index must be initialized and locked at the time of OS launch, ensuring that only authorized parties can access its contents.

In summary, System Guard leverages the TPM NV index to enforce strict security policies, safeguarding Windows from unauthorized access or malicious actions."
"dd9e755bce8bcef6563296e1a83d7e7062d77f213b8839d263c218bb962bc4bf","How System Guard helps protect Windows _ Microsoft Learn.pdf","7","You are a helpful assistant for cybersecurity audits. Answer ONLY from the provided chunk. If the answer is not present, reply exactly: 'Not in the provided context.' Include control identifiers/section numbers only if they appear in the chunk.","What is the handle value assigned to the TPM NV index by platform firmware?","The handle value assigned to the TPM NV index by platform firmware is 0x01C101C0. This handle is used by the operating system for interacting with the TPM NV index."
"0dfc70cfcea3a9a467765af0d3de1375e1c58f8e732813de4f1ecb269081eec8","How System Guard helps protect Windows _ Microsoft Learn.pdf","8","You are a helpful assistant for cybersecurity audits. Answer ONLY from the provided chunk. If the answer is not present, reply exactly: 'Not in the provided context.' Include control identifiers/section numbers only if they appear in the chunk.","What are the specific requirements for TPM 2.0 support in platforms mentioned in the text?","The text specifies that platforms mentioned must support a discrete TPM 2.0 OR Microsoft Pluton TPM. This requirement ensures that the hardware-based security features are in place to protect Windows operating systems."
"1a4c68c34a8f61bbdd6dcd577df986ae544614e6d60ff2b62b7d8ffb1a8544b5","How System Guard helps protect Windows _ Microsoft Learn.pdf","8","You are a helpful assistant for cybersecurity audits. Answer ONLY from the provided chunk. If the answer is not present, reply exactly: 'Not in the provided context.' Include control identifiers/section numbers only if they appear in the chunk.","How does System Guard, using a TPM, contribute to the overall protection of Windows as described in the document?","System Guard, as described in the document, leverages a Trusted Platform Module (TPM) to enhance Windows' overall protection. Here's how it contributes:

1. **Root of Trust**: TPM acts as a root of trust, ensuring that system integrity is not compromised by unauthorized modifications.

2. **Secure Boot**: By enforcing secure boot policies, System Guard ensures that only trusted operating system images are loaded during startup.

3. **Hardware-based Encryption**: TPM enables hardware-based encryption for sensitive data, making it more difficult for attackers to access or steal.

4. **Policy Enforcement**: TPM allows the OS to enforce security policies, such as limiting certain actions based on user privileges or system state.

In summary, System Guard's use of a TPM significantly strengthens Windows' protection by providing a secure root of trust and enabling hardware-based security measures."
"077c74bf7ab33191c4538036635d5375945590f0a7daf2ccbe70844be2e5f954","How System Guard helps protect Windows _ Microsoft Learn.pdf","8","You are a helpful assistant for cybersecurity audits. Answer ONLY from the provided chunk. If the answer is not present, reply exactly: 'Not in the provided context.' Include control identifiers/section numbers only if they appear in the chunk.","What is the minimum core requirement for hypervisor and Virtualization-based security (VBS) as stated in the chunk?","The minimum core requirement for hypervisor and Virtualization-Based Security (VBS) as stated in the chunk is a 64-bit computer with at least four cores (logical processors). This requirement applies to platforms supporting Intel® Trusted Execution Technology secure launch."
"fab063806e14222c73f642532203408201da847d26fe9b4d81f456d01cd241d1","How System Guard helps protect Windows _ Microsoft Learn.pdf","9","You are a helpful assistant for cybersecurity audits. Answer ONLY from the provided chunk. If the answer is not present, reply exactly: 'Not in the provided context.' Include control identifiers/section numbers only if they appear in the chunk.","What are the specific requirements for Windows DMA Protection in platforms supporting Secure Launch?","Windows DMA Protection is a crucial requirement for platforms supporting Secure Launch. The specific requirements include:

1. **Platform Compliance**: Platforms must meet the Windows DMA Protection Specification, ensuring that external DMA ports are off by default until explicitly powered by the OS.

2. **SMM Communication Buffers**: All SMM communication buffers must be implemented in secure memory locations, such as EfiRuntimeServicesData, EfiRuntimeServicesCode, or dedicated non-volatile storage.

3. **SMM Page Tables**: SMM page tables must not contain mappings to conventional memory (OS/VM-owned memory) or code sections within the EfiRuntimeServicesCode area.

4. **BIOS SMI Handler Locking**: The BIOS SMI handler must ensure that SMM page tables are locked during every SMM entry, providing secure access control.

By adhering to these requirements, platforms supporting Secure Launch can effectively enhance system security by preventing unauthorized DMA access."
"6d50b0c1ae04b6bd9d18db061d3ebc2b2cc6bed0c2752006fc96ef8688f126c2","How System Guard helps protect Windows _ Microsoft Learn.pdf","9","You are a helpful assistant for cybersecurity audits. Answer ONLY from the provided chunk. If the answer is not present, reply exactly: 'Not in the provided context.' Include control identifiers/section numbers only if they appear in the chunk.","How does the SMM communication buffer implementation ensure security during Secure Launch on AMD platforms?","During Secure Launch on AMD platforms, the SMM communication buffer implementation ensures security through several key measures:

1. **Buffer isolation**: The buffers are implemented in secure memory types like EfiRuntimeServicesData and EfiACPIMemoryNVS. This prevents unauthorized access.

2. **Access control**: The buffer implementation enforces strict access controls. Only authorized components, such as the SMM handler, can interact with these buffers.

3. **Buffer locking**: The requirement for the SMM page tables to be locked on every entry ensures that buffer accesses are synchronized and secure.

By implementing these security measures, the SMM communication buffer implementation helps protect the system during Secure Launch on AMD platforms."
"0544499c2d70c47b56691d9790ce68aae09731edeee2a0412357ca1831bbbf1a","How System Guard helps protect Windows _ Microsoft Learn.pdf","9","You are a helpful assistant for cybersecurity audits. Answer ONLY from the provided chunk. If the answer is not present, reply exactly: 'Not in the provided context.' Include control identifiers/section numbers only if they appear in the chunk.","What is the handle value of the TPM NV index used by the OS during Secure Launch?","The handle value of the TPM NV index used by the OS during Secure Launch is:

Handle: 0x01C101C0

This handle is associated with specific attributes that enable secure operations during the launch process."
"afc82ed66078b65a9c4dc23e0cee3a8eb4cb9e5bcde6e8e87d05ff9bc405e1e0","How System Guard helps protect Windows _ Microsoft Learn.pdf","10","You are a helpful assistant for cybersecurity audits. Answer ONLY from the provided chunk. If the answer is not present, reply exactly: 'Not in the provided context.' Include control identifiers/section numbers only if they appear in the chunk.","What are the specific requirements for Qualcomm® processors with SD850 or later chipsets in terms of Platform firmware update and Modern/Connected Standby support?","The specific requirements for Qualcomm® processors with SD850 or later chipsets are as follows:

1. **Platform firmware update**: It's recommended to update the System firmware via UpdateCapsule within Windows Update.

2. **Modern/Connected Standby support**: The platform must support Modern/Connected Standby, which is a power-efficient mode that allows devices to remain connected and ready for use even when powered down.

These requirements ensure that Qualcomm processors with the specified chipsets meet the necessary standards for compatibility and performance with the Windows operating system."
"773b4fd5a9d51cc9ceaf096e32b5b54c4c6258f99eee28ecaa5443c4a3cb9ff4","How System Guard helps protect Windows _ Microsoft Learn.pdf","10","You are a helpful assistant for cybersecurity audits. Answer ONLY from the provided chunk. If the answer is not present, reply exactly: 'Not in the provided context.' Include control identifiers/section numbers only if they appear in the chunk.","How does System Guard protect Windows by ensuring platform security features like AMD Secure Processor Firmware, Memory Guard, and Monitor Mode page table protections?","System Guard protects Windows by ensuring platform security features are enabled and functioning correctly. Key aspects of this protection include:

1. **AMD Secure Processor Firmware**: This firmware provides anti-rollback protection, ensuring that system integrity is maintained.

2. **Memory Guard**: By enabling Memory Guard, System Guard helps prevent unauthorized access to memory resources, thus enhancing overall system security.

3. **Monitor Mode Page Tables**: These protections ensure that page tables are secure and cannot be modified without proper authorization. This prevents potential attacks on the system's memory management.

In summary, System Guard leverages these platform-specific security features to safeguard Windows from potential threats and maintain a strong root of trust."
"def3232b51e9b68d4a9c6d69f2342cb361faed36a2c7ac87b3f94c6728179df7","How System Guard helps protect Windows _ Microsoft Learn.pdf","10","You are a helpful assistant for cybersecurity audits. Answer ONLY from the provided chunk. If the answer is not present, reply exactly: 'Not in the provided context.' Include control identifiers/section numbers only if they appear in the chunk.","What is the recommended method for updating system firmware on Qualcomm® processors with SD850 or later chipsets?","The recommended method for updating system firmware on Qualcomm® processors with SD850 or later chipsets is via UpdateCapsule in Windows Update. This process ensures that you receive the latest firmware updates from Microsoft."
"81e842713d152b3774e7aa42d59d7790384163131437f1ed83fcba0813c89738","How Windows uses the TPM _ Microsoft Learn.pdf","0","You are a helpful assistant for cybersecurity audits. Answer ONLY from the provided chunk. If the answer is not present, reply exactly: 'Not in the provided context.' Include control identifiers/section numbers only if they appear in the chunk.","What are the original design goals of TPMs and how have newer versions expanded their functionality?","The original design goals of TPMs were to enhance platform security and privacy for the owner and users. Key features included:

1. Data encryption and decryption: TPM facilitated secure storage and access to sensitive data.

2. Authentication credentials protection: TPM helped safeguard user login credentials, reducing the risk of unauthorized access.

3. Software integrity verification: TPM ensured that only genuine software could run on a system, preventing malware from executing.

Newer versions of TPMs have expanded their functionality beyond just securing the platform for users. These advancements include:

1. Protection of hardware itself: TPM can now safeguard the system's hardware components against tampering or malicious attacks.

2. Advanced security features: Newer TPMs support more advanced security features, such as secure boot and remote attestation, which further enhance the overall system security.

In summary, while the original design goals of TPMs were to secure user data and authentication credentials, newer versions have expanded their functionality to protect hardware components and offer advanced security features."
"fd99db04af86a3131097b4db8fe5056a657b41e2edf994cf863dc5d81e52e424","How Windows uses the TPM _ Microsoft Learn.pdf","0","You are a helpful assistant for cybersecurity audits. Answer ONLY from the provided chunk. If the answer is not present, reply exactly: 'Not in the provided context.' Include control identifiers/section numbers only if they appear in the chunk.","How does a TPM enhance computer security and privacy, and what are some specific scenarios where TPMs provide advanced security benefits?","A TPM (Trusted Platform Module) enhances computer security and privacy by providing a secure hardware-based environment for sensitive data operations. Some specific scenarios where TPMs offer advanced security benefits include:

1. **Data encryption**: TPMs can store cryptographic keys, enabling strong encryption of data both at rest and in transit.

2. **Secure boot process**: TPMs ensure that only trusted operating system images are loaded during the boot process, preventing malware from gaining control.

3. **Authentication and attestation**: TPMs can securely store user credentials and provide hardware-based authentication. They also support remote attestation, allowing a verifier to confirm the integrity of a device's software stack.

4. **Secure key management**: TPMs can manage cryptographic keys securely, enabling secure communication channels and protecting against unauthorized access.

In summary, TPMs play a crucial role in enhancing computer security and privacy by providing a secure hardware foundation for various sensitive operations."
"84bd3509e238db9951637600449d6806949aff29d752ddadf1f6144928c1adfc","How Windows uses the TPM _ Microsoft Learn.pdf","0","You are a helpful assistant for cybersecurity audits. Answer ONLY from the provided chunk. If the answer is not present, reply exactly: 'Not in the provided context.' Include control identifiers/section numbers only if they appear in the chunk.","What is the historical trend in TPM implementations, from discrete chips to integrated solutions?","Historically, TPM implementations have evolved from discrete chips to integrated solutions. In the past, TPMs were standalone components soldered onto a motherboard, allowing OEMs to evaluate and certify them separately.

However, with advancements in technology, newer TPM implementations integrate the functionality into the same chipset as other platform components. This integration not only reduces physical size and power consumption but also enhances system-level security by providing logical separation between TPM and other hardware components."
"831b73537fcf36d67f5a20b438dac21172a05d722c18bd1febe44f6ac8191fff","How Windows uses the TPM _ Microsoft Learn.pdf","1","You are a helpful assistant for cybersecurity audits. Answer ONLY from the provided chunk. If the answer is not present, reply exactly: 'Not in the provided context.' Include control identifiers/section numbers only if they appear in the chunk.","What specific steps are required for Windows to automatically provision a TPM, and what might be the consequences if this process is not completed correctly?","Windows automatically provisions a TPM (Trusted Platform Module) during its installation process. This ensures that the TPM is ready to provide security features like encryption and secure boot.

However, if the operating system is reinstalled without explicitly provisioning the TPM again, it may not be able to use all of its advanced features. Users might experience reduced security or compatibility issues with certain software applications that rely on TPM functionality."
"86d7b5b43535d1c947dcf4a6fbaf7a71eefbc23041d945b83e0eccf993051f9e","How Windows uses the TPM _ Microsoft Learn.pdf","1","You are a helpful assistant for cybersecurity audits. Answer ONLY from the provided chunk. If the answer is not present, reply exactly: 'Not in the provided context.' Include control identifiers/section numbers only if they appear in the chunk.","How does the provisioning of a TPM in Windows ensure its security features can be utilized by the system hardware?","The provisioning of a TPM (Trusted Platform Module) in Windows ensures its security features can be utilized by the system hardware through a systematic process.

1. **Automatic Provisioning**: Windows OS automatically provisions a TPM during installation or when needed for enhanced security scenarios.

2. **Reprovisioning**: In case of a system reinstall, the TPM may need explicit reprovisioning to restore its full functionality and security features.

By following this provisioning process, Windows ensures that the TPM's security capabilities are available to protect the system hardware from potential threats."
"ee81f70cfc6eb3e1800aacc48858927befdefdd22c3afc3739a451ab385dcea5","How Windows uses the TPM _ Microsoft Learn.pdf","1","You are a helpful assistant for cybersecurity audits. Answer ONLY from the provided chunk. If the answer is not present, reply exactly: 'Not in the provided context.' Include control identifiers/section numbers only if they appear in the chunk.","In the context of Windows using the TPM, what happens if the operating system is reinstalled without explicit reprovisioning of the TPM?","In the context of Windows using the TPM, if the operating system is reinstalled without explicit reprovisioning of the TPM, the TPM may no longer function at its full capacity. This means it could limit advanced security features and require manual intervention to restore the TPM's functionality."
"68c76a8166ce1fc0e5d223b4b28b5d2a8388a56834b32677bb9e6ffaf2797042","How Windows uses the TPM _ Microsoft Learn.pdf","2","You are a helpful assistant for cybersecurity audits. Answer ONLY from the provided chunk. If the answer is not present, reply exactly: 'Not in the provided context.' Include control identifiers/section numbers only if they appear in the chunk.","What are the specific security requirements and variations across different TPM implementations as described by the TCG?","The TCG's description of TPM implementations highlights several security requirements and variations across different devices:

1. **Hardware root of trust**: TPMs provide a hardware-based foundation for trust, ensuring that keys and other sensitive data are stored securely.

2. **Security properties**: Different TPM implementations may have varying levels of security features, such as encryption algorithms, key management capabilities, and resistance to physical attacks.

3. **Customer segments**: TPMs were designed to cater to diverse customer segments with varying needs and regulatory requirements. This leads to a range of TPM offerings in the market.

4. **Regulatory compliance**: TPM implementations may differ in their ability to meet specific regulatory requirements, such as data protection laws or industry-specific security standards.

In summary, the TCG's description of TPMs emphasizes the need for hardware-based trust, while acknowledging variations in security properties and compliance with diverse customer segments and regulations."
"dde22249214626814493d4f595db9c878b70fd4dd35f6d3b69fd5eba9fdc8cc6","How Windows uses the TPM _ Microsoft Learn.pdf","2","You are a helpful assistant for cybersecurity audits. Answer ONLY from the provided chunk. If the answer is not present, reply exactly: 'Not in the provided context.' Include control identifiers/section numbers only if they appear in the chunk.","How does the Trusted Computing Group (TCG) design the TPM to address diverse customer segments' security needs?","The Trusted Computing Group (TCG) designs the TPM with a focus on addressing diverse customer segments' security needs. Key aspects of this design include:

1. **Low-cost and mass-market**: TCG aims to provide an affordable solution that can be widely adopted across various industries.

2. **Adaptability to different segments**: The TPM is designed to accommodate varying levels of security requirements, catering to both enterprise and consumer markets.

3. **Hardware root of trust**: By integrating tightly with the platform, the TPM establishes a hardware-based foundation for trust in the system.

In summary, the TCG designs the TPM to be cost-effective, adaptable to different customer segments, and capable of providing a hardware-rooted trust in the computing platform."
"2f6ca0987c703db602e8d8b32cf326dc6c5b2822d904078865c2ad6e9d415aa2","How Windows uses the TPM _ Microsoft Learn.pdf","2","You are a helpful assistant for cybersecurity audits. Answer ONLY from the provided chunk. If the answer is not present, reply exactly: 'Not in the provided context.' Include control identifiers/section numbers only if they appear in the chunk.","What is the primary purpose of a TPM according to the text?","The primary purpose of a TPM (Trusted Platform Module) according to the text is to serve as a hardware root of trust. It provides a secure foundation for trusted computing platforms, such as PCs, tablets, and phones. The TPM helps ensure privacy and security scenarios that software alone cannot achieve."
"7af663b049266b32266a9448074fa0f960ef157cd54ce29417cb0326739edcc7","How Windows uses the TPM _ Microsoft Learn.pdf","3","You are a helpful assistant for cybersecurity audits. Answer ONLY from the provided chunk. If the answer is not present, reply exactly: 'Not in the provided context.' Include control identifiers/section numbers only if they appear in the chunk.","What are the specific customer and regulatory requirements mentioned for different sectors in the text?","The text mentions specific customer and regulatory requirements for different sectors without providing an exhaustive list. It highlights that public-sector procurement, for example, may have clear regulations or preferences for TPM-equipped systems. However, to determine the exact requirements for each sector, one would need to consult relevant government guidelines or industry-specific standards."
"c3eb8828ebc11ee3676b22f8d22b237392b0eca6cf2f136baf0207ba4c8614f3","How Windows uses the TPM _ Microsoft Learn.pdf","3","You are a helpful assistant for cybersecurity audits. Answer ONLY from the provided chunk. If the answer is not present, reply exactly: 'Not in the provided context.' Include control identifiers/section numbers only if they appear in the chunk.","How does Microsoft advise organizations to determine their security needs related to TPM?","Microsoft advises organizations to determine their security needs related to TPM by following these steps:

1. **Assess your organization's security requirements**: Understand the critical assets and data that need protection.

2. **Research regulatory requirements**: Check industry-specific regulations that may mandate TPM usage or set security standards.

3. **Evaluate TPM implementation options**: Consider different TPM versions (TPM 1.2, 2.0, etc.) and their compatibility with your organization's systems.

4. **Cost-benefit analysis**: Weigh the costs of implementing and maintaining a TPM against the potential benefits in terms of improved security and compliance.

By following these steps, organizations can make informed decisions about incorporating TPM into their overall cybersecurity strategy."
"9871335f2ec29bae0cf3d995709055352e2b8948bcb4fb7f833c8c631dff57ec","How Windows uses the TPM _ Microsoft Learn.pdf","3","You are a helpful assistant for cybersecurity audits. Answer ONLY from the provided chunk. If the answer is not present, reply exactly: 'Not in the provided context.' Include control identifiers/section numbers only if they appear in the chunk.","In public-sector procurement, what is an example of a clear requirement for TPM implementation?","In public-sector procurement, a clear requirement for TPM implementation might be data encryption and secure key storage. Governments often mandate the use of hardware security modules (HSMs) like TPMS to ensure compliance with national security standards and regulations."
"7dc1ded352281aa1970f612669b3f7b3e1feb4fd441c5185c997678050b5bafc","How Windows uses the TPM _ Microsoft Learn.pdf","4","You are a helpful assistant for cybersecurity audits. Answer ONLY from the provided chunk. If the answer is not present, reply exactly: 'Not in the provided context.' Include control identifiers/section numbers only if they appear in the chunk.","What are the specific restrictions placed on keys by the Platform Crypto Provider in Windows?","The Platform Crypto Provider in Windows places specific restrictions on keys to enhance security. These restrictions include:

1. Key protection: The Platform Crypto Provider can create keys within the TPM with usage limitations. This prevents unauthorized access and malware exploitation.

2. Memory isolation: When keys are stored in the TPM, they remain isolated from system memory. This reduces the risk of key theft by malware.

3. Unremovable keys: The Platform Crypto Provider allows for keys to be configured so that they cannot be removed or tampered with.

In summary, the Platform Crypto Provider's restrictions on keys aim to secure sensitive information and prevent unauthorized access."
"3556b515b0500840e73aa35a1521c6b3972a343d4c5707f0de3df3b2880360a7","How Windows uses the TPM _ Microsoft Learn.pdf","4","You are a helpful assistant for cybersecurity audits. Answer ONLY from the provided chunk. If the answer is not present, reply exactly: 'Not in the provided context.' Include control identifiers/section numbers only if they appear in the chunk.","How does the Platform Crypto Provider in Windows enhance key protection compared to software-only CNG providers?","The Platform Crypto Provider in Windows enhances key protection compared to software-only CNG providers through several key features:

1. **Hardware-backed storage**: The Platform Crypto Provider utilizes TPM (Trusted Platform Module), a dedicated piece of hardware that securely stores cryptographic keys.

2. **Restrictions on key usage**: The provider can create keys with specific restrictions, ensuring they are only used for authorized purposes.

3. **Operating system access without copying**: When the operating system needs to use a key stored in the TPM, it doesn't copy the key into memory, reducing the risk of malware exploitation.

4. **Non-removable keys**: The Platform Crypto Provider can configure keys that cannot be removed from the TPM, adding an extra layer of security.

These features collectively make the Platform Crypto Provider more robust and secure compared to software-only CNG providers."
"12009e6ab6d70c7b514074f8e412e1e29533c13f94ee8d43273442429c57fe28","How Windows uses the TPM _ Microsoft Learn.pdf","4","You are a helpful assistant for cybersecurity audits. Answer ONLY from the provided chunk. If the answer is not present, reply exactly: 'Not in the provided context.' Include control identifiers/section numbers only if they appear in the chunk.","What is a unique property of keys created by the TPM according to the text?","A unique property of keys created by the TPM, according to the text, is their inherent protection and immutability. These keys are:

1. **Key-protected**: The Platform Crypto Provider can create keys with restrictions on their use.

2. **Memory-safe**: The operating system can load and use these keys without copying them to vulnerable memory.

3. **Removable-restricted**: The TPM can configure keys that cannot be removed or used outside of the specified restrictions.

This level of protection is not achievable with software-only solutions, which are more susceptible to reverse-engineering attacks."
"f7b8794b0da4a0a26bcd80a9d8749f96074b19775b21ca6a71a75ab9613a9201","How Windows uses the TPM _ Microsoft Learn.pdf","5","You are a helpful assistant for cybersecurity audits. Answer ONLY from the provided chunk. If the answer is not present, reply exactly: 'Not in the provided context.' Include control identifiers/section numbers only if they appear in the chunk.","What protection does the TPM provide against reverse-engineering attacks on key copying?","The TPM (Trusted Platform Module) provides robust protection against reverse-engineering attacks on key copying. Key features include:

1. **Hardware-based security**: The TPM stores cryptographic keys and performs encryption/decryption operations outside of the main system memory, making it harder to extract.

2. **Countermeasures against attacks**: TPM includes built-in mechanisms like dictionary attack protection, which limits the number of guesses for a PIN or other authorization values.

3. **Tamper resistance**: The TPM is designed to detect and respond to physical tampering, further securing key data.

In summary, the TPM's hardware-based security, countermeasures against attacks, and tamper resistance make it an effective defense mechanism against reverse-engineering attacks on key copying."
"04d7eb08960d8a7f6462e103e7d8dc0ca422d52cc91ebc5b861c500b60d7b0bf","How Windows uses the TPM _ Microsoft Learn.pdf","5","You are a helpful assistant for cybersecurity audits. Answer ONLY from the provided chunk. If the answer is not present, reply exactly: 'Not in the provided context.' Include control identifiers/section numbers only if they appear in the chunk.","How does the presence of a TPM in Windows devices enhance certificate management compared to software-based solutions?","The presence of a TPM (Trusted Platform Module) in Windows devices significantly enhances certificate management compared to software-based solutions. Here are some key advantages:

1. **Hardware-level security**: The TPM provides a secure environment for storing and managing cryptographic keys, including those used for certificates.

2. **Tamper resistance**: A TPM is designed to detect any unauthorized tampering with its contents or the system as a whole.

3. **Revocation management**: With a TPM, Windows can more efficiently manage certificate revocations by securely storing and updating revocation lists.

4. **Improved performance**: Since TPM operations are hardware-accelerated, they generally offer faster processing times compared to software-based solutions.

In summary, the presence of a TPM in Windows devices significantly enhances certificate management through improved security, tamper resistance, and better performance compared to software-based solutions."
"d1ffdde535cab4f486cfb86df25ae86bccb8f0f6694ba799be181c5f41c2f0dd","How Windows uses the TPM _ Microsoft Learn.pdf","5","You are a helpful assistant for cybersecurity audits. Answer ONLY from the provided chunk. If the answer is not present, reply exactly: 'Not in the provided context.' Include control identifiers/section numbers only if they appear in the chunk.","What is one advantage of using the Platform Crypto Provider with a TPM over software-based solutions?","One advantage of using the Platform Crypto Provider with a TPM over software-based solutions is improved security and protection against attacks. The TPM (Trusted Platform Module) provides hardware-level encryption and secure key storage, which are difficult to replicate in purely software solutions. This enhanced security ensures that sensitive data remains protected from unauthorized access or manipulation."
"0db4065d68cd7435d804431955c7f67f9e2cad12de4511f631852f364c238586","How Windows uses the TPM _ Microsoft Learn.pdf","6","You are a helpful assistant for cybersecurity audits. Answer ONLY from the provided chunk. If the answer is not present, reply exactly: 'Not in the provided context.' Include control identifiers/section numbers only if they appear in the chunk.","How does Windows utilize the Platform Crypto Provider in certificate storage for TPM-based virtual smart cards?","Windows utilizes the Platform Crypto Provider for certificate storage on TPM-based virtual smart cards. This integration ensures:

1. **Key Protection**: The TPM safeguards the private key associated with the certificate, preventing unauthorized access.

2. **Certificate Storage**: The Platform Crypto Provider handles the secure storage of certificates within the TPM's infrastructure.

3. **PIN Security**: For virtual smart cards, a PIN is required for card unlocking. The TPM's dictionary attack protection adds an extra layer of security to the PIN process.

In summary, Windows leverages the Platform Crypto Provider in conjunction with the TPM to ensure secure certificate storage and authentication on virtual smart cards."
"452c96b31cc8cf0ff5f4e7c2117e400ef5ffba2097a6cb22c980fdc2c2c6da0a","How Windows uses the TPM _ Microsoft Learn.pdf","6","You are a helpful assistant for cybersecurity audits. Answer ONLY from the provided chunk. If the answer is not present, reply exactly: 'Not in the provided context.' Include control identifiers/section numbers only if they appear in the chunk.","What role does the TPM play in providing twofactor authentication through virtual smart cards in Windows?","The TPM (Trusted Platform Module) plays a crucial role in providing twofactor authentication through virtual smart cards in Windows. Here's how it works:

1. **Certificate and Key Protection**: The TPM securely stores the certificate private key, ensuring that it cannot be copied while in use or stored elsewhere.

2. **Virtual Smart Card Functionality**: By mimicking a permanently inserted smart card, the TPM enables users to enter a PIN for authentication, providing an additional layer of security.

3. **Dictionary Attack Protection**: Since virtual smart cards rely on the TPM's built-in protection against dictionary attacks, they are less susceptible to brute-force attempts to guess the PIN.

In summary, the TPM plays a vital role in ensuring secure twofactor authentication through virtual smart cards in Windows by protecting keys and providing additional security measures."
"b0bb109d5701e0ccf91c4ae217b9973a83586f7a494f017de76320978f4a98ef","How Windows uses the TPM _ Microsoft Learn.pdf","6","You are a helpful assistant for cybersecurity audits. Answer ONLY from the provided chunk. If the answer is not present, reply exactly: 'Not in the provided context.' Include control identifiers/section numbers only if they appear in the chunk.","How does a PIN protect the virtual smart card in Windows, using the TPM's dictionary attack protection?","A PIN protects the virtual smart card in Windows using the TPM's dictionary attack protection in the following ways:

1. **Two-factor authentication**: The PIN acts as an additional layer of security, requiring both something the user has (the smart card) and something they know (the PIN).

2. **Restricted key access**: When a certificate is configured to not be exportable, the TPM restricts access to the private key, preventing unauthorized copying.

3. **Dictionary attack protection**: The TPM's built-in security features automatically protect against dictionary attacks on the PIN. This ensures that even if an attacker tries multiple PIN guesses, the TPM will prevent"
"ae87d4957ed3fe82d544ed5877a671689924abedc10494b4cc035ba6eadacb19","How Windows uses the TPM _ Microsoft Learn.pdf","7","You are a helpful assistant for cybersecurity audits. Answer ONLY from the provided chunk. If the answer is not present, reply exactly: 'Not in the provided context.' Include control identifiers/section numbers only if they appear in the chunk.","What specific protections does the TPM provide for certificate private keys in virtual smart cards?","The TPM (Trusted Platform Module) provides specific protections for certificate private keys in virtual smart cards. These protections include:

1. **Hardware isolation**: The TPM securely stores and manages cryptographic keys within its dedicated hardware component.

2. **Tamper resistance**: The TPM is designed to detect any unauthorized access or tampering, ensuring the integrity of the private key.

3. **Secure key management**: The TPM facilitates secure key generation, storage, and revocation, minimizing the risk of key compromise.

4. **Virtual smart card authentication**: By leveraging the TPM's security features, virtual smart cards can authenticate users with high confidence, preserving the benefits of physical smart cards."
"bab616f2548274142282ab011e619ab71352bd8c04274187296172493ba584a2","How Windows uses the TPM _ Microsoft Learn.pdf","7","You are a helpful assistant for cybersecurity audits. Answer ONLY from the provided chunk. If the answer is not present, reply exactly: 'Not in the provided context.' Include control identifiers/section numbers only if they appear in the chunk.","How does the TPM enhance security for virtual smart card-based multifactor authentication?","The TPM (Trusted Platform Module) enhances security for virtual smart card-based multifactor authentication in several ways:

1. **Certificate Protection**: The TPM securely stores and manages the private key associated with a certificate, preventing unauthorized access.

2. **PIN Protection**: By leveraging the TPM's secure storage capabilities, the PIN used to unlock virtual smart cards is safeguarded against brute-force attacks.

3. **Scalability and Flexibility**: The TPM enables virtual smart cards to support various scenarios, aligning with the flexibility offered by physical smart cards.

4. **Transition to Modern Authentication**: By encouraging customers using virtual smart cards to migrate to more modern authentication methods like Windows Hello for Business or FIDO2 security keys, the TPM contributes to overall security improvements in the ecosystem."
"41a7edc5527f649e96209d3862294b1f9957bc17d4c10b30f71934358bb5aa04","How Windows uses the TPM _ Microsoft Learn.pdf","7","You are a helpful assistant for cybersecurity audits. Answer ONLY from the provided chunk. If the answer is not present, reply exactly: 'Not in the provided context.' Include control identifiers/section numbers only if they appear in the chunk.","What is the primary benefit of using a TPM for virtual smart cards?","The primary benefit of using a TPM (Trusted Platform Module) for virtual smart cards lies in enhanced security and data protection. The TPM:

1. Safely stores cryptographic keys, ensuring they can't be accessed or copied without proper authorization.

2. Provides a secure environment for key operations, like signing and encryption, which are critical for virtual smart card functionality.

3. Enables strong authentication by enforcing the use of PINs and other security measures, thereby reducing the risk of unauthorized access.

In summary, the TPM's role in securing virtual smart cards is crucial for maintaining user privacy and data integrity."
"4dad22934ca2b3f69e474ee99b3c1ec5082105587f27eed133b04dfad97eaf6a","How Windows uses the TPM _ Microsoft Learn.pdf","8","You are a helpful assistant for cybersecurity audits. Answer ONLY from the provided chunk. If the answer is not present, reply exactly: 'Not in the provided context.' Include control identifiers/section numbers only if they appear in the chunk.","What TPM capabilities are required to distinguish a genuine TPM from malware posing as one, as mentioned in the text?","To distinguish a genuine TPM from malware posing as one, the following TPM capabilities are required, as mentioned in the text:

1. Endorsement key: This capability allows the TPM manufacturer to create a special endorsement key that is unique to genuine TPMS.

These TPM capabilities serve as essential security measures to differentiate between legitimate hardware and malicious software attempting to impersonate a TPM."
"53fbb4b020ee730589408b582677ac76edbbd51c8fc0c5831fa4a183015363b0","How Windows uses the TPM _ Microsoft Learn.pdf","8","You are a helpful assistant for cybersecurity audits. Answer ONLY from the provided chunk. If the answer is not present, reply exactly: 'Not in the provided context.' Include control identifiers/section numbers only if they appear in the chunk.","How does Windows Hello for Business combine device information and additional user input for authentication purposes?","Windows Hello for Business combines device information and additional user input to enhance authentication security. This process involves:

1. **Device Information**: The cryptographic key stored on a device with a TPM (Trusted Platform Module) is protected by the TPM's hardware security.

2. **Additional User Input**: To authenticate, users provide a PIN or biometric data if the system supports it. Biometric information, like fingerprint or facial recognition, is used locally and not shared across devices to protect privacy.

By integrating these elements, Windows Hello for Business creates a multi-layered authentication process that enhances security while maintaining user convenience."
"b448fe4d175c0ef122f5107b17b870399b6ba162c5ab3e47060b561a2ec8433d","How Windows uses the TPM _ Microsoft Learn.pdf","8","You are a helpful assistant for cybersecurity audits. Answer ONLY from the provided chunk. If the answer is not present, reply exactly: 'Not in the provided context.' Include control identifiers/section numbers only if they appear in the chunk.","What type of biometric information can be used with Windows Hello for Business, according to the text?","According to the text, Windows Hello for Business supports biometric information that can be used on devices with the necessary hardware. This includes fingerprint recognition or facial recognition for authentication purposes. The biometric data is used locally on the device and isn't shared across different devices to protect privacy."
"6925887824ff32efe861babe02a407292754a892f1780d5d8cac6aa236de7df8","How Windows uses the TPM _ Microsoft Learn.pdf","9","You are a helpful assistant for cybersecurity audits. Answer ONLY from the provided chunk. If the answer is not present, reply exactly: 'Not in the provided context.' Include control identifiers/section numbers only if they appear in the chunk.","What specific TPM capabilities are required for the ability to distinguish a genuine TPM from malware impersonating it?","To distinguish a genuine TPM from malware impersonating it, specific TPM capabilities are required. These capabilities include:

1. **Endorsement key**: A unique certificate with the endorsement key, issued by the TPM manufacturer. This key confirms the device's authenticity.

2. **Attestation identity key**: To protect privacy, scenarios typically use attestation identity keys instead of the endorsement key directly. Identity CA certificates are used to prove the existence and authenticity of these keys.

In summary, the endorsement key and attestation identity key capabilities are crucial for distinguishing genuine TPMs from malware impostors."
"326dc0348437c7ec0cf51efdbaaedf6b0226a2e8e6592ab26946a3e99ddec062","How Windows uses the TPM _ Microsoft Learn.pdf","9","You are a helpful assistant for cybersecurity audits. Answer ONLY from the provided chunk. If the answer is not present, reply exactly: 'Not in the provided context.' Include control identifiers/section numbers only if they appear in the chunk.","How does the use of attestation identity keys protect privacy in TPM scenarios?","The use of attestation identity keys in TPM scenarios protects privacy by implementing a secure and controlled information sharing process.

1. **Limited Information**: Attestation identity keys allow for the creation of multiple certificates, each containing limited details about the TPM device.

2. **Identity CA Validation**: The endorsement key certificate from the TPM manufacturer is used to verify the authenticity of attestation identity keys.

3. **Privacy Preserving**: By using attestation identity keys instead of direct endorsement keys, privacy is maintained as users don't reveal their exact TPM credentials.

In summary, the use of attestation identity keys in TPM scenarios enhances privacy by controlling information shared and validating key certificates from trusted sources."
"fbe08666582a4ed40c284be4e6e8fc33ed17f1738b7727197a7d1799ef1a9228","How Windows uses the TPM _ Microsoft Learn.pdf","9","You are a helpful assistant for cybersecurity audits. Answer ONLY from the provided chunk. If the answer is not present, reply exactly: 'Not in the provided context.' Include control identifiers/section numbers only if they appear in the chunk.","What is the purpose of an endorsement key certificate in verifying a TPM's authenticity?","The endorsement key certificate serves as a crucial authentication mechanism for verifying a TPM's (Trusted Platform Module) authenticity. The purpose of this certificate is to:

1. Confirm the manufacturer: The endorsement key certificate links the TPM to its specific manufacturer, distinguishing it from malware posing as a TPM.

2. Establish trust in the TPM: By using the endorsement key and its certificate, identity CA (Certificate Authority) can verify that the attestation identity keys within the TPM are genuine.

In summary, the endorsement key certificate is vital for ensuring the authenticity of a TPM in various security scenarios."
"64bfaf93bfc0bc7ec6c039d3aba5af5d20015379e92c2bf8f94fb465f471cbd8","How Windows uses the TPM _ Microsoft Learn.pdf","10","You are a helpful assistant for cybersecurity audits. Answer ONLY from the provided chunk. If the answer is not present, reply exactly: 'Not in the provided context.' Include control identifiers/section numbers only if they appear in the chunk.","What specific volumes does BitLocker encrypt in the most common device configuration?","In the most common device configuration, BitLocker encrypts two specific volumes:

1. **Operating System Volume**: This volume contains the user's operating system and essential data.

2. **User Data Volume**: This is the volume where users store their personal files, documents, and other sensitive information.

BitLocker ensures that these encrypted volumes remain secure even if the device or hard disk is lost or stolen."
"2b56ec1cf1d5c99278d0eea9aee95c7e860f3ba47083b1656eb4cef390401f03","How Windows uses the TPM _ Microsoft Learn.pdf","10","You are a helpful assistant for cybersecurity audits. Answer ONLY from the provided chunk. If the answer is not present, reply exactly: 'Not in the provided context.' Include control identifiers/section numbers only if they appear in the chunk.","How does Microsoft's identity CA role ensure privacy and device TPM requirements for Windows Hello for Business?","Microsoft's identity CA role in Windows Hello for Business ensures privacy and device TPM requirements through several key mechanisms:

1. **Attestation Identity Key Certificates**: Microsoft issues these certificates to each device, user, and identity provider, ensuring that only authorized entities can access sensitive information.

2. **Privacy Protection**: By using the TPM (Trusted Platform Module), Microsoft helps protect privacy by sealing data within the TPM, making it more difficult for unauthorized parties to access.

3. **Device TPM Requirements**: The identity CA role ensures that devices meet the necessary TPM requirements before Windows Hello for Business credentials can be provisioned.

In summary, Microsoft's identity CA plays a crucial role in maintaining privacy and ensuring device TPM compliance for Windows Hello for Business."
"adbde2309d4cdcb80b0c666771ea37f255f89600d12bd0ee7c46660e0c950c12","How Windows uses the TPM _ Microsoft Learn.pdf","10","You are a helpful assistant for cybersecurity audits. Answer ONLY from the provided chunk. If the answer is not present, reply exactly: 'Not in the provided context.' Include control identifiers/section numbers only if they appear in the chunk.","In the given scenario, what is the primary purpose of using TPM in Windows?","The primary purpose of using TPM (Trusted Platform Module) in Windows is to enhance device security and protect sensitive data. TPM plays a crucial role in:

1. Cryptographic key management: It securely stores cryptographic keys, enabling strong authentication and encryption.

2. Attestation: TPM can provide digital certificates that attest to the integrity and authenticity of a device or system.

3. Secure boot process: By ensuring that only trusted software can start up, TPM helps protect against malware and unauthorized access.

In summary, TPM in Windows is essential for maintaining device security by managing cryptographic keys, providing attestation, and securing the boot process."
"727f6465fecff4066f14853d7b2912d447b147ef38f341daff2b5462f702dc15","How Windows uses the TPM _ Microsoft Learn.pdf","11","You are a helpful assistant for cybersecurity audits. Answer ONLY from the provided chunk. If the answer is not present, reply exactly: 'Not in the provided context.' Include control identifiers/section numbers only if they appear in the chunk.","What specific measurements does the TPM record during each step of the system startup process?","The TPM records specific measurements during each step of the system startup process. These measurements include:

1. Boot software components: The TPM hashes and measures the loaded software to ensure its authenticity.

2. Configuration details: The TPM records information about how the system started, such as whether it booted from a hard drive or USB device.

3. Chain of trust: Each component's measurement is sent to the TPM before running, ensuring a chain of trust throughout the startup process.

These measurements are crucial for maintaining the integrity and security of the system during its boot sequence."
"5acb09fd02cc23a781e77cb2e4f552b1aead953f6601fef8de00e958295a5169","How Windows uses the TPM _ Microsoft Learn.pdf","11","You are a helpful assistant for cybersecurity audits. Answer ONLY from the provided chunk. If the answer is not present, reply exactly: 'Not in the provided context.' Include control identifiers/section numbers only if they appear in the chunk.","How does the TPM and system firmware collaborate to ensure a hardware root of trust for measurement?","The TPM (Trusted Platform Module) and system firmware collaborate to ensure a hardware root of trust for measurement through a series of coordinated steps:

1. **Measurement initiation:** The system firmware's Core Root of Trust for Measurement (CRTM) starts the process by hashing the next software component.

2. **Sequential measurements:** Each subsequent software component or configuration information is hashed, and its measurement value is sent to the TPM.

3. **Tamper-evident record:** The TPM maintains a tamper-evident record of these measurements, ensuring that any changes in boot software or configuration can be detected.

In summary, the TPM and system firmware work together to create a hardware root of trust for measurement by recording and verifying each step of the system startup process."
"19981a13669addb461929e87adfddef4ee11d0aea1543b7f7b18d0f9ba4953c3","How Windows uses the TPM _ Microsoft Learn.pdf","11","You are a helpful assistant for cybersecurity audits. Answer ONLY from the provided chunk. If the answer is not present, reply exactly: 'Not in the provided context.' Include control identifiers/section numbers only if they appear in the chunk.","During system startup, what is the role of the CRTM in the measurement chain?","During system startup, the CRTM (Core Root of Trust for Measurement) plays a crucial role in the measurement chain. The CRTM acts as an implicit trust anchor, initiating the process by unconditionally hashing the next software component.

This initial hash measurement is then sent to the TPM (Trusted Platform Module), which stores these measurements throughout the system startup sequence. This ensures that any changes in boot software or configuration lead to distinct TPM measurements, providing a hardware root of trust for the system's security."
"17242b8d28456993f0a9bfbb33a2a397e545eb9bcda85b50131ba4a5778f7b53","How Windows uses the TPM _ Microsoft Learn.pdf","12","You are a helpful assistant for cybersecurity audits. Answer ONLY from the provided chunk. If the answer is not present, reply exactly: 'Not in the provided context.' Include control identifiers/section numbers only if they appear in the chunk.","How does Windows Boot Manager ensure the accuracy of boot measurements using the TPM?","Windows Boot Manager ensures the accuracy of boot measurements using the TPM by following a specific process:

1. **Measurement chain**: The system firmware starts a measurement chain when the platform boots up.

2. **Boot software and configuration changes**: Any alterations to boot software or configuration result in different TPM measurements at that step and later ones.

3. **Expected value calculation**: Windows Boot Manager calculates an expected value for the boot measurement during the startup process when it runs from the operating system volume.

4. **TPM key usage**: BitLocker creates a TPM key that can be used only if the boot measurements match the expected value. This ensures that critical data on the operating system volume remains encrypted until the correct configuration is detected.

In summary, Windows Boot Manager leverages the TPM to validate boot measurements and ensure the integrity of the operating system during startup."
"b6e4286b16729088c2348a5038eae9cd3e3cddf8b13bc3f5968bec53bc55703a","How Windows uses the TPM _ Microsoft Learn.pdf","12","You are a helpful assistant for cybersecurity audits. Answer ONLY from the provided chunk. If the answer is not present, reply exactly: 'Not in the provided context.' Include control identifiers/section numbers only if they appear in the chunk.","What is the role of the TPM in ensuring secure startup for Windows systems?","The Trusted Platform Module (TPM) plays a crucial role in ensuring secure startup for Windows systems. During the boot process, the TPM:

1. Measures and verifies system configuration changes, which helps detect tampering.
2. Ensures that only authorized software, like Windows Boot Manager, can access sensitive data during startup.
3. Acts as a key storage device, allowing the creation of keys that are valid only under specific platform configurations.

By performing these tasks, the TPM significantly strengthens the security of the Windows system's boot process."
"ce5a08b42b4cdb1c45055cb06dc0b623f30e04799cc7b8ce1c2d138ae4639b3f","How Windows uses the TPM _ Microsoft Learn.pdf","12","You are a helpful assistant for cybersecurity audits. Answer ONLY from the provided chunk. If the answer is not present, reply exactly: 'Not in the provided context.' Include control identifiers/section numbers only if they appear in the chunk.","During system startup, how does the TPM help prevent unauthorized access to encrypted data?","During system startup, the TPM (Trusted Platform Module) plays a crucial role in ensuring security and preventing unauthorized access to encrypted data.

1. Boot Integrity Measurement: The TPM starts measuring boot software and configuration changes. Any deviation from expected values stops the measurement process.

2. Encrypted Data Protection: Windows creates keys in the TPM that can be used only when platform configuration matches specific measurements. This ensures that encrypted operating system data remains secure.

3. Boot Manager Access Control: If a different OS is booted or configurations change, the TPM measures will differ, preventing unauthorized access to the key and boot process.

In summary, the TPM's"
"db57d4080a0df3e31a3b6b082558402e9f459ba294d0a3ec9ab3020463e71ad7","How Windows uses the TPM _ Microsoft Learn.pdf","13","You are a helpful assistant for cybersecurity audits. Answer ONLY from the provided chunk. If the answer is not present, reply exactly: 'Not in the provided context.' Include control identifiers/section numbers only if they appear in the chunk.","What are the specific conditions under which BitLocker requires both software measurements and an authorization value from the TPM key?","BitLocker requires both software measurements and an authorization value from the TPM key under specific conditions. These conditions include:

1. **Device vulnerability**: When the device has attack vectors, such as direct memory access through ports during sign-in.

2. **TPM-Only configuration**: In cases where BitLocker is configured to rely solely on the TPM (Trusted Platform Module), additional security measures are necessary.

3. **Enhanced security**: To mitigate risks associated with vulnerability in device hardware, organizations configure BitLocker to require both software measurements and an authorization value from the TPM key.

In summary, these specific conditions necessitate a combination of software measurements and TPM authorization for secure BitLocker usage."
"923119b9bb6c073c324b14635f94161ddf72721721132e84dd8f1b90156bc190","How Windows uses the TPM _ Microsoft Learn.pdf","13","You are a helpful assistant for cybersecurity audits. Answer ONLY from the provided chunk. If the answer is not present, reply exactly: 'Not in the provided context.' Include control identifiers/section numbers only if they appear in the chunk.","How does Windows Boot Manager mitigate potential direct memory access attacks during sign-in screen?","Windows Boot Manager mitigates potential direct memory access (DMA) attacks during the sign-in screen by implementing a controlled startup process. This process stops at Windows Boot Manager, where the user is prompted to enter an authorization value for the TPM key or insert a USB device with the value.

By requiring this additional input, Windows Boot Manager ensures that DMA attempts are restricted and that the system's security is not compromised during the sign-in process."
"1518389e4c97c485130e465b720479dd24716d26b0f70995f1272398191de6e2","How Windows uses the TPM _ Microsoft Learn.pdf","13","You are a helpful assistant for cybersecurity audits. Answer ONLY from the provided chunk. If the answer is not present, reply exactly: 'Not in the provided context.' Include control identifiers/section numbers only if they appear in the chunk.","What is the 'TPM-Only' configuration in BitLocker, and how does it simplify the user experience?","The 'TPM-Only' configuration in BitLocker simplifies the user experience by leveraging Trusted Platform Modules (TPMs). This configuration allows users to authenticate with a single sign-on (SSO) experience during boot-up.

Without requiring a PIN or USB key input, the TPM-Only setup streamlines the login process and enhances security by leveraging hardware-based encryption."
"44d9cca70c52b54cf1c3e10216464f9a4cbbdc2582b74608017208281f3ee06a","How Windows uses the TPM _ Microsoft Learn.pdf","14","You are a helpful assistant for cybersecurity audits. Answer ONLY from the provided chunk. If the answer is not present, reply exactly: 'Not in the provided context.' Include control identifiers/section numbers only if they appear in the chunk.","What is the 'TPM-only' configuration in Windows BitLocker, and how does it simplify the user experience during boot without requiring a PIN or USB key?","The 'TPM-Only' configuration in Windows BitLocker refers to a setup where device encryption relies primarily on the Trusted Platform Module (TPM). This configuration simplifies the user experience during boot by eliminating the need for a PIN or USB key.

Key benefits of the TPM-only configuration include:

1. Single Sign-On: Users have a seamless login process without additional authentication steps.
2. Hardware Security: TPM provides hardware-level security, reducing the risk of unauthorized access.
3. Reduced Complexity: By relying on TPM, BitLocker simplifies device management and reduces the need for manual intervention.

In summary, the 'TPM-Only' configuration in Windows BitLocker streamlines the user experience during boot by leveraging TPM's hardware security features."
"0187b04a3d9bdb45252d027f85718ed4868d9275433670c624317424b9f96142","How Windows uses the TPM _ Microsoft Learn.pdf","14","You are a helpful assistant for cybersecurity audits. Answer ONLY from the provided chunk. If the answer is not present, reply exactly: 'Not in the provided context.' Include control identifiers/section numbers only if they appear in the chunk.","How does Device Encryption in Windows utilize the TPM for secure consumer experiences?","Device Encryption in Windows utilizes the TPM (Trusted Platform Module) to ensure secure consumer experiences. The TPM plays a crucial role by:

1. **Single Sign-On**: Enabling BitLocker with the ""TPM-Only"" configuration, users have a seamless login experience without entering PINs or USB keys during boot.

2. **Hardware Security**: Modern Standby hardware is designed specifically for Device Encryption, ensuring that the hardware meets the requirements for secure consumer experiences.

3. **Reducing Measurement Variability**: By relying on software measurements of code signing authorities rather than precise component hashes, Device Encryption can be serviced without affecting measurement values, minimizing customer inconvenience.

In summary, the TPM plays a vital role in Device Encryption's secure consumer experience by facilitating single sign-on, ensuring hardware security, and reducing measurement variability during updates."
"bdf6a6416ce2342b532b40c8f1310b85b1f5e82bc64bfa95cd438ddd76a78e0e","How Windows uses the TPM _ Microsoft Learn.pdf","14","You are a helpful assistant for cybersecurity audits. Answer ONLY from the provided chunk. If the answer is not present, reply exactly: 'Not in the provided context.' Include control identifiers/section numbers only if they appear in the chunk.","In Windows, what is the role of Modern Standby hardware in facilitating the 'TPM-only' configuration?","Modern Standby hardware in Windows plays a crucial role in facilitating the 'TPM-only' configuration. This configuration simplifies the user experience by allowing single sign-on without requiring a PIN or USB key during boot.

The Modern Standby hardware is designed with specific requirements that enable Device Encryption and support for the 'TPM-only' configuration. By meeting these requirements, the hardware ensures a secure and seamless consumer experience in Windows."
"19851d0ae67262075a5f57dcc3c3bc074c7abbeb83fab9913caad795f8bd8eba","How Windows uses the TPM _ Microsoft Learn.pdf","15","You are a helpful assistant for cybersecurity audits. Answer ONLY from the provided chunk. If the answer is not present, reply exactly: 'Not in the provided context.' Include control identifiers/section numbers only if they appear in the chunk.","What specific security-relevant information does Measured Boot record in the TPM during Windows boot process?","Measured Boot records specific security-relevant information in the TPM during the Windows boot process. This includes:

1. **Windows kernel measurements**: The core of the operating system's functionality is recorded.

2. **Early-Launch anti-malware driver measurements**: These drivers help protect against malware threats.

3. **Boot driver measurements**: Essential drivers that initialize hardware components are also recorded.

4. **Security-relevant configuration data**: This includes signature data for anti-malware drivers and settings related to Windows security features, such as BitLocker.

These TPM measurements ensure the integrity of the operating system's initial state, which is crucial for maintaining system security."
"cbbee7429c8e0f0a86035a2f7a85edfdd6bb1302c0c294198187c85780eb7419","How Windows uses the TPM _ Microsoft Learn.pdf","15","You are a helpful assistant for cybersecurity audits. Answer ONLY from the provided chunk. If the answer is not present, reply exactly: 'Not in the provided context.' Include control identifiers/section numbers only if they appear in the chunk.","How does Measured Boot ensure that TPM measurements accurately reflect the starting state of Windows software and configuration settings?","Measured Boot ensures accurate TPM measurements by recording specific software and configuration settings during the initial stages of Windows boot-up.

- It records measurements of the Windows kernel, early-launch anti-malware drivers, and boot drivers stored in the TPM.
- For configuration settings, it captures security-relevant information like signature data for anti-malware drivers and configuration details about Windows security features.
- By doing so, Measured Boot maintains a consistent starting state representation in the TPM, enabling trust in the system's integrity."
"7f823c7805d86c199795972a3e0835320a0704928998fff8139f43e51065b996","How Windows uses the TPM _ Microsoft Learn.pdf","15","You are a helpful assistant for cybersecurity audits. Answer ONLY from the provided chunk. If the answer is not present, reply exactly: 'Not in the provided context.' Include control identifiers/section numbers only if they appear in the chunk.","What is the primary purpose of introducing Measured Boot in Windows 8?","Measured Boot was introduced in Windows 8 primarily to enhance security and trustworthiness of the operating system. The key purpose is as follows:

1. **Record accurate starting state**: Measured Boot ensures that TPM (Trusted Platform Module) measurements accurately reflect the initial software configuration.

2. **Prevent tampering**: By recording a fixed starting point, Measured Boot helps prevent unauthorized changes to critical system components.

3. **Enhance trust in operating system**: For scenarios where trustworthiness is crucial, such as secure boot or device management, Measured Boot provides a solid foundation for trust.

In summary, the introduction of Measured"
"1bba61c640244222816740bf31b1b429848a3b88c15214f998b4631f6ec551b4","How Windows uses the TPM _ Microsoft Learn.pdf","16","You are a helpful assistant for cybersecurity audits. Answer ONLY from the provided chunk. If the answer is not present, reply exactly: 'Not in the provided context.' Include control identifiers/section numbers only if they appear in the chunk.","What specific scenarios can Windows create unique attestation identity keys for?","Windows can create unique attestation identity keys for various scenarios to ensure secure and trusted operations. Some specific scenarios include:

1. Remote Attestation (RA): This allows a remote system to verify the integrity of another device by checking its TPM measurements.

2. Enterprise Trust: In corporate environments, Windows may use unique attestation keys to demonstrate that devices are following established security policies.

3. Device Management and Compliance: Unique identity keys can help ensure that devices adhere to specific device management and compliance requirements.

In summary, Windows creates unique attestation identity keys for scenarios such as remote attestation, enterprise trust, and device management compliance."
"b7b2d9a050955471854c3b2d9559c8bf7b08d08b622358ca7d2a679dc4a5ef4f","How Windows uses the TPM _ Microsoft Learn.pdf","16","You are a helpful assistant for cybersecurity audits. Answer ONLY from the provided chunk. If the answer is not present, reply exactly: 'Not in the provided context.' Include control identifiers/section numbers only if they appear in the chunk.","How does the TPM enable remote attestation in Windows?","The TPM (Trusted Platform Module) enables remote attestation in Windows through a secure process. Key aspects of this process include:

1. **Attestation Identity Key**: A unique key generated by the TPM is used to authenticate the device's measurements.

2. **Quote Generation**: The TPM generates a cryptographic quote, which contains the current system measurements. This quote is signed with the attestation identity key.

3. **Communication and Verification**: The quote can be shared securely with an external entity (e.g., a security service). The entity verifies the signature using the known attestation identity key, ensuring the device's integrity and adherence to security policies."
"44d39845bbd38c5374f16e9147c3532713f4b404fb6258f5b29fc8f3e9e7d62e","How Windows uses the TPM _ Microsoft Learn.pdf","16","You are a helpful assistant for cybersecurity audits. Answer ONLY from the provided chunk. If the answer is not present, reply exactly: 'Not in the provided context.' Include control identifiers/section numbers only if they appear in the chunk.","What is the primary purpose of using measurements recorded in the TPM during boot?","The primary purpose of using measurements recorded in the TPM (Trusted Platform Module) during boot is to ensure Remote Attestation. By leveraging an attestation identity key, the TPM generates a cryptographically signed statement (quote) of the current TPM measurements. This process helps verify that the device is running securely and hasn't been tampered with at startup."
"f92eaae5beb70e96ea73b45f0df8a0f35a3695ba1e348e81e7aa8deb620f7652","How Windows uses the TPM _ Microsoft Learn.pdf","17","You are a helpful assistant for cybersecurity audits. Answer ONLY from the provided chunk. If the answer is not present, reply exactly: 'Not in the provided context.' Include control identifiers/section numbers only if they appear in the chunk.","What specific information is scrambled in the quote to protect privacy?","The specific information scrambled in the quote to protect privacy includes device configuration settings and boot software details. This cryptographically scrambled data allows for secure remote attestation while minimizing the sharing of sensitive information."
"0a729e9bf899bde918d58323646c17c1376400089e75f89f3e51de04e5a84ece","How Windows uses the TPM _ Microsoft Learn.pdf","17","You are a helpful assistant for cybersecurity audits. Answer ONLY from the provided chunk. If the answer is not present, reply exactly: 'Not in the provided context.' Include control identifiers/section numbers only if they appear in the chunk.","How does Measured Boot contribute to enabling remote attestation in Windows?","Measured Boot significantly contributes to enabling remote attestation in Windows by enhancing security and configuration verification during device bootup.

- **Enhanced Security**: Measured Boot adds security-relevant information to the measurements stored in the TPM. This helps ensure that only authorized software is running on the device.

- **Configuration Verification**: By recording measurements of system firmware and initial operating system setup, Measured Boot enables remote attestation scenarios that reflect these critical aspects of a device's configuration.

In summary, Measured Boot plays a crucial role in enabling secure remote attestation in Windows by ensuring the integrity of both the system firmware and the operating system initialization process."
"3673fb0b5f64fdb6071d1bc1fe3f12ae09f06148487d095e03feb154ea2d359e","How Windows uses the TPM _ Microsoft Learn.pdf","17","You are a helpful assistant for cybersecurity audits. Answer ONLY from the provided chunk. If the answer is not present, reply exactly: 'Not in the provided context.' Include control identifiers/section numbers only if they appear in the chunk.","What is the purpose of the Health Attestation service mentioned in the text?","The Health Attestation service mentioned in the text serves as a crucial component for implementing remote attestation scenarios in Windows systems. This service generates attestation identity key certificates for TPMs from various manufacturers. Additionally, it parses measured boot information to ensure the integrity and trustworthiness of the system's boot process."
"5e84551127be91c9b622000df9ed6851310ebc01528092622c79bfb4972ba317","How Windows uses the TPM _ Microsoft Learn.pdf","18","You are a helpful assistant for cybersecurity audits. Answer ONLY from the provided chunk. If the answer is not present, reply exactly: 'Not in the provided context.' Include control identifiers/section numbers only if they appear in the chunk.","What specific security assertions does the Microsoft Health Attestation service provide to MDM solutions without detailed TPM measurements?","The Microsoft Health Attestation service provides MDM solutions with specific security assertions without detailed TPM measurements. These include:

1. **BitLocker status**: Whether BitLocker encryption is enabled or disabled on the device.

2. **Device health**: Simple assessments of the device's overall condition, which can be used for device management and potentially quarantining unhealthy devices.

These security assertions enable MDM solutions to take appropriate actions based on the device's security state without requiring detailed TPM measurements."
"27c757dce6d41f24b2c0145509fe11fdd2eb09711e28cd42d15e7f8309676a42","How Windows uses the TPM _ Microsoft Learn.pdf","18","You are a helpful assistant for cybersecurity audits. Answer ONLY from the provided chunk. If the answer is not present, reply exactly: 'Not in the provided context.' Include control identifiers/section numbers only if they appear in the chunk.","How does Credential Guard use virtualization to protect Windows credentials in organizations with AD DS?","Credential Guard uses virtualization to enhance security for Windows credentials in organizations with Active Directory Domain Services (AD DS). Here's how it works:

1. **Isolation**: Credential Guard isolates the process responsible for hashing credentials within a memory area that is inaccessible to the operating system kernel.

2. **Boot Protection**: This isolated memory area is safeguarded during the boot process, ensuring that components in the larger operating system environment cannot tamper with it.

3. **TPM Integration**: To further secure its keys, Credential Guard utilizes the Trusted Platform Module (TPM) to perform measurements and protect its cryptographic material.

In summary, by leveraging virtualization, isolation, and TPM integration, Credential Guard provides a robust security mechanism for safeguarding Windows credentials in AD DS environments."
"b62ff509571de6a8b9cb3e72a7b3f72067e6d8658edd9d254afc40e2d56cb36b","How Windows uses the TPM _ Microsoft Learn.pdf","18","You are a helpful assistant for cybersecurity audits. Answer ONLY from the provided chunk. If the answer is not present, reply exactly: 'Not in the provided context.' Include control identifiers/section numbers only if they appear in the chunk.","What is the purpose of the isolated memory area used by Credential Guard during boot process?","The isolated memory area used by Credential Guard during boot process serves a crucial purpose in enhancing security. This protected memory area ensures that the process responsible for hashing credentials remains inaccessible to the operating system kernel and other potentially malicious components.

By safeguarding this critical operation, Credential Guard mitigates the risk of ""pass the hash"" attacks, where malware could exploit vulnerabilities to steal access tokens. The use of a TPM further enhances security by protecting keys with measurements that can only be accessed during specific intervals."
"f99eab501e4e0e816ed11355aa54954cfdc6629c428a7fe7bc746138cdb48dcd","How Windows uses the TPM _ Microsoft Learn.pdf","19","You are a helpful assistant for cybersecurity audits. Answer ONLY from the provided chunk. If the answer is not present, reply exactly: 'Not in the provided context.' Include control identifiers/section numbers only if they appear in the chunk.","What specific measurements does TPM use to protect Credential Guard's keys?","The TPM (Trusted Platform Module) uses specific measurements to protect Credential Guard's keys. These measurements involve cryptographic techniques such as hashing and encryption. The TPM securely stores these key-related measurements, ensuring that only authorized components within the operating system can access them during isolated memory operations."
"5c59d3f0afe775877e48fd5c78730d6c36d029a5b513d123a7c21a584aa21f26","How Windows uses the TPM _ Microsoft Learn.pdf","19","You are a helpful assistant for cybersecurity audits. Answer ONLY from the provided chunk. If the answer is not present, reply exactly: 'Not in the provided context.' Include control identifiers/section numbers only if they appear in the chunk.","How does the combination of Windows kernel and smart cards enhance the protection offered by Credential Guard?","The combination of Windows kernel and smart cards significantly enhances the protection offered by Credential Guard. This synergy works as follows:

1. **Windows Kernel**: The normal operation of the Windows kernel provides a baseline level of security. However, malware running in the kernel can be limited in its ability to access sensitive data.

2. **Smart Cards**: Smart cards act as physical tokens that store cryptographic keys. When used for authentication, smart cards provide an additional layer of security by requiring possession of the physical card.

3. **Credential Guard Integration**: With smart cards in place, Credential Guard takes advantage of this added security by ensuring that sensitive credentials are protected within the isolated memory area.

In summary, the combination of Windows kernel and smart cards strengthens the protection offered by Credential Guard by providing multiple layers of defense against potential threats."
"d30fa52abf92261a6596fdd245c708257fe2378fedcc26b548c2f487d4b42ff7","How Windows uses the TPM _ Microsoft Learn.pdf","19","You are a helpful assistant for cybersecurity audits. Answer ONLY from the provided chunk. If the answer is not present, reply exactly: 'Not in the provided context.' Include control identifiers/section numbers only if they appear in the chunk.","What is the primary purpose of using the TPM in the context of Windows' security measures?","The primary purpose of using the TPM (Trusted Platform Module) in the context of Windows' security measures is to enhance the protection and integrity of system credentials and sensitive data.

Key benefits of using TPM in Windows include:

1. **Isolated storage**: The TPM securely stores cryptographic keys, ensuring they are not accessible by unauthorized entities.

2. **Tamper resistance**: TPM measurements detect any physical tampering with the system, alerting security personnel to potential threats.

3. **Credential protection**: In Credential Guard, the TPM is used to protect sensitive authentication credentials, making them inaccessible to malware or other malicious actors.

Overall, the TPM plays"
"e12013863b0fedfaa5464ec30719fc70499d0dae07f79d25a27adeb4a1965ab7","How Windows uses the TPM _ Microsoft Learn.pdf","20","You are a helpful assistant for cybersecurity audits. Answer ONLY from the provided chunk. If the answer is not present, reply exactly: 'Not in the provided context.' Include control identifiers/section numbers only if they appear in the chunk.","What are the key benefits of each TPM feature mentioned in the table?","The table summarizes the key benefits of each TPM feature when used on a system with a TPM:

1. **Platform Crypto**:
   - Protects private keys associated with certificates even if the machine is compromised.
   - Utilizes TPM's dictionary attack mechanism for enhanced PIN protection.

2. **Virtual Smart Card**:
   - Achieves security similar to physical smart cards without hardware deployment.
   
3. **Windows Hello for Business**:
   - Ensures credentials stored on a device cannot be copied elsewhere.
   - Requires TPM validation before provisioning credentials.

4. **BitLocker Drive Encryption**:
   - Offers multiple options for enterprises to protect data at rest while balancing security and hardware requirements.

These features collectively provide a strong foundation of security in Windows systems with a TPM."
"4592c7fb30d4a92400559c0432b3ca5bcbd9140d52d9280c6823ff02a52fa1c2","How Windows uses the TPM _ Microsoft Learn.pdf","20","You are a helpful assistant for cybersecurity audits. Answer ONLY from the provided chunk. If the answer is not present, reply exactly: 'Not in the provided context.' Include control identifiers/section numbers only if they appear in the chunk.","How does the TPM contribute to improved security in Windows systems?","The TPM (Trusted Platform Module) significantly contributes to improved security in Windows systems through several key features:

1. **Hardware-based encryption**: The TPM stores sensitive data, such as cryptographic keys, securely within its hardware. This makes it difficult for malware to access these keys.

2. **Platform Crypto Provider**: By leveraging the TPM's secure environment, Windows can use the TPM for certificate operations, protecting private keys from unauthorized access.

3. **Virtual Smart Card**: The TPM enables a virtual smart card functionality without requiring physical smart cards or readers. This adds an extra layer of security to digital transactions.

4. **Windows Hello for Business**: By integrating with the TPM, Windows Hello for Business can securely store and authenticate user credentials, reducing the risk of credential theft.

In summary, the TPM plays a crucial role in enhancing Windows system security by providing hardware-based encryption, secure certificate management, and advanced authentication mechanisms."
"5a603e5771ced0e1e6f5a21731a0fa93121c33386ca395c4ab94254d61b8d3a0","How Windows uses the TPM _ Microsoft Learn.pdf","20","You are a helpful assistant for cybersecurity audits. Answer ONLY from the provided chunk. If the answer is not present, reply exactly: 'Not in the provided context.' Include control identifiers/section numbers only if they appear in the chunk.","What is Platform Crypto and how does it protect private keys associated with certificates?","Platform Crypto is a key feature of Windows security that leverages the TPM (Trusted Platform Module) for enhanced protection. When used on a system with a TPM, Platform Crypto safeguards private keys associated with certificates by:

1. Ensuring the integrity of the private key: If the machine becomes compromised, the TPM's hardware-based security mechanisms prevent unauthorized access to the private key.

2. Protecting PIN values: The TPM's built-in dictionary attack mechanism adds an extra layer of protection for PINs used to access certificates.

In summary, Platform Crypto leverages the TPM to safeguard private keys and PIN values, thereby enhancing overall system security."
"33423cf96209fd636f22f281a2f1e9ef455d337d41b217dcb82f8ffe6186736e","How Windows uses the TPM _ Microsoft Learn.pdf","21","You are a helpful assistant for cybersecurity audits. Answer ONLY from the provided chunk. If the answer is not present, reply exactly: 'Not in the provided context.' Include control identifiers/section numbers only if they appear in the chunk.","What are the specific hardware requirements for virtualization support mentioned in the text?","The text mentions that certain features of Windows with virtualization support have more hardware requirements. However, it does not specify the exact hardware requirements for virtualization support in the context provided. Therefore, the specific details are Not in the provided context."
"ff634c6ddf03e3cafd0645e54b8129b1a8da34eb1864ca72a9e2a9b1423b37f8","How Windows uses the TPM _ Microsoft Learn.pdf","21","You are a helpful assistant for cybersecurity audits. Answer ONLY from the provided chunk. If the answer is not present, reply exactly: 'Not in the provided context.' Include control identifiers/section numbers only if they appear in the chunk.","How does the TPM contribute to the overall security of Windows, as described in the chunk?","The TPM (Trusted Platform Module) significantly contributes to the overall security of Windows as described in the chunk. Key ways the TPM enhances security include:

1. **Hardware-based encryption**: The TPM stores sensitive data, such as cryptographic keys, securely within its hardware.

2. **Secure boot process**: By verifying the integrity of boot firmware and operating system images, the TPM ensures that only trusted software starts up.

3. **Credential protection**: The TPM can store user credentials securely, reducing the risk of unauthorized access.

4. **Remote attestation**: This feature allows a remote entity to verify the exact state of a device's hardware and software, ensuring trust in cloud services or IoT deployments.

In summary, the TPM plays a crucial role in bolstering Windows' security by providing hardware-based encryption, secure boot processes, credential protection, and remote attestation capabilities."
"64f4a819c457f17f66e545bd9a5a4109136e8f48bd69f4bb07a0e44af3befb09","How Windows uses the TPM _ Microsoft Learn.pdf","21","You are a helpful assistant for cybersecurity audits. Answer ONLY from the provided chunk. If the answer is not present, reply exactly: 'Not in the provided context.' Include control identifiers/section numbers only if they appear in the chunk.","Which IoT device management service is mentioned in connection with the use of TPM in IoT devices?","The mention of an IoT device management service in connection with the use of TPM in IoT devices is Azure IoT Hub. This cloud-based platform enables secure and efficient management of IoT devices that utilize the TPM for enhanced security."
"2d4978db1eb51c26f472e8e6dc55522b8ec6ef37eb0691b2b5d453cffa94a029","How to_ Create GenericPrincipal and GenericIdentity Objects - .NET _ Microsoft Learn.pdf","0","You are a helpful assistant for cybersecurity audits. Answer ONLY from the provided chunk. If the answer is not present, reply exactly: 'Not in the provided context.' Include control identifiers/section numbers only if they appear in the chunk.","What is the process for creating a GenericPrincipal object in C#, including the initialization of an identity and role array?","To create a GenericPrincipal object in C#, follow these steps:

1. **Create a GenericIdentity instance**: Initialize an instance of the `GenericIdentity` class with the desired user name or identifier.

```csharp
GenericIdentity myIdentity = new GenericIdentity(""MyUser"");
```

2. **Define role array**: Create an array of strings that represent the roles associated with this principal.

```csharp
String[] myStringArray = { ""Manager"", ""Teller"" };
```

3. **Create a GenericPrincipal instance**: Initialize an instance of the `GenericPrincipal` class, passing in the `GenericIdentity` and the role array.

```csharp
GenericPrincipal myPrincipal = new GenericPrincipal(myIdentity, myStringArray);
```

Now you have successfully created a `GenericPrincipal` object in C#."
"e0354ce2bdebe71dd0433c53bf688a5a741bda9e54bd4dc92423e6ab4efc4a7e","How to_ Create GenericPrincipal and GenericIdentity Objects - .NET _ Microsoft Learn.pdf","0","You are a helpful assistant for cybersecurity audits. Answer ONLY from the provided chunk. If the answer is not present, reply exactly: 'Not in the provided context.' Include control identifiers/section numbers only if they appear in the chunk.","How do you create a new GenericPrincipal instance in .NET, associating it with a GenericIdentity and specifying roles?","To create a new GenericPrincipal instance in .NET, follow these steps:

1. **Create a GenericIdentity**: First, instantiate a GenericIdentity object with the desired user name or identifier.

```csharp
GenericIdentity myIdentity = new GenericIdentity(""MyUser"");
```

2. **Define roles**: Create an array of strings that represent the roles associated with this principal.

```csharp
String[] myStringArray = { ""Manager"", ""Teller"" };
```

3. **Create the GenericPrincipal**: Finally, initialize a new instance of the GenericPrincipal class using the GenericIdentity and role array created earlier.

```csharp
GenericPrincipal myPrincipal = new GenericPrincipal(myIdentity, myStringArray);
```

Now you have successfully created a GenericPrincipal instance in .NET."
"fff16a81cb45053bbc288a51307033e7e2739934bd24a5d5b844eb361a02ad08","How to_ Create GenericPrincipal and GenericIdentity Objects - .NET _ Microsoft Learn.pdf","0","You are a helpful assistant for cybersecurity audits. Answer ONLY from the provided chunk. If the answer is not present, reply exactly: 'Not in the provided context.' Include control identifiers/section numbers only if they appear in the chunk.","In .NET, what class is used to represent a principal that exists independent of a Windows domain?","In .NET, the class used to represent a principal that exists independent of a Windows domain is `GenericPrincipal`. This class is typically combined with the `GenericIdentity` class to create an authorization scheme outside of a Windows domain context."
"12596b939a35ec1ec7565b0e32943472cfbcc882213834295b32b03ca6344657","How to_ Create GenericPrincipal and GenericIdentity Objects - .NET _ Microsoft Learn.pdf","1","You are a helpful assistant for cybersecurity audits. Answer ONLY from the provided chunk. If the answer is not present, reply exactly: 'Not in the provided context.' Include control identifiers/section numbers only if they appear in the chunk.","What is the process for creating a GenericPrincipal object in C# as demonstrated in the provided code example?","Creating a GenericPrincipal object in C# involves several steps as demonstrated in the code example. Here's the process:

1. **Create a GenericIdentity**: First, you need to create an instance of `GenericIdentity`, passing the desired identity name.

2. **Define roles with String arrays**: Create a string array representing the roles associated with the principal.

3. **Combine Identity and Roles**: Instantiate a new `GenericPrincipal` object by combining the `GenericIdentity` and the role array.

4. **Attach Principal to Current Thread**: Optionally, set the current thread's principal using `Thread.CurrentPrincipal`.

The provided code example illustrates these steps in action."
"2ecfd1b8ba2197217b09ecdefca4191a9836d450dce18f0322e1b40653e2bbc9","How to_ Create GenericPrincipal and GenericIdentity Objects - .NET _ Microsoft Learn.pdf","1","You are a helpful assistant for cybersecurity audits. Answer ONLY from the provided chunk. If the answer is not present, reply exactly: 'Not in the provided context.' Include control identifiers/section numbers only if they appear in the chunk.","How can you create and assign a GenericPrincipal object to the current thread in C#, as shown in the given code snippet?","To create and assign a GenericPrincipal object to the current thread in C#, you can follow these steps:

1. **Create a GenericIdentity**: First, create an instance of `GenericIdentity` by passing a unique name for the identity.

```csharp
GenericIdentity myIdentity = new GenericIdentity(""MyIdentity"");
```

2. **Create a GenericPrincipal**: Next, create an instance of `GenericPrincipal` by passing the `GenericIdentity` and an array of roles that the principal can assume.

```csharp
String[] myStringArray = { ""Manager"", ""Teller"" };
GenericPrincipal myPrincipal = new GenericPrincipal(myIdentity, myStringArray);
```

3. **Assign to the current thread**: Finally, assign the `GenericPrincipal` object to the current thread's principal using `Thread.CurrentPrincipal`.

```csharp
Thread.CurrentPrincipal = myPrincipal;
```

Now you have successfully created and assigned a `GenericPrincipal` object to the current thread in C#."
"f4e9801405837fdc33ef1f358d476504d23ad98be606f6c37c7f4d3c0d33276c","How to_ Create GenericPrincipal and GenericIdentity Objects - .NET _ Microsoft Learn.pdf","1","You are a helpful assistant for cybersecurity audits. Answer ONLY from the provided chunk. If the answer is not present, reply exactly: 'Not in the provided context.' Include control identifiers/section numbers only if they appear in the chunk.","In the provided code, what is the purpose of the `Thread.CurrentPrincipal = myPrincipal;` line?","In the provided code, the line `Thread.CurrentPrincipal = myPrincipal;` serves a crucial purpose. It attaches the `myPrincipal` object to the current thread's principal. This ensures that any role-based validation or access control checks performed by the application will use the identity associated with `myPrincipal`."
"c8a75959b659264d1abab0980ba408b85c9fff9e0909905e2c99477b33553eaf","How to_ Create GenericPrincipal and GenericIdentity Objects - .NET _ Microsoft Learn.pdf","2","You are a helpful assistant for cybersecurity audits. Answer ONLY from the provided chunk. If the answer is not present, reply exactly: 'Not in the provided context.' Include control identifiers/section numbers only if they appear in the chunk.","What specific parameters are used when creating a GenericPrincipal object in .NET?","Creating a GenericPrincipal object in .NET involves specific parameters that define its behavior. Here are the key components:

1. **GenericIdentity**: This parameter represents the identity of the principal. It typically contains information like username or user ID.

2. **Authorization Rules**: These rules determine the permissions granted to the principal. They usually include a list of roles and associated actions.

3. **Parent Principal**: In some cases, a GenericPrincipal may have a parent principal, which could be another GenericPrincipal or a built-in .NET principal type.

By providing these parameters, you can create a tailored GenericPrincipal object in your .NET application."
"da419a7e6fd2af2dce817c7cd117efee68aa7d121e8e466641c61532cdd8bdaa","How to_ Create GenericPrincipal and GenericIdentity Objects - .NET _ Microsoft Learn.pdf","2","You are a helpful assistant for cybersecurity audits. Answer ONLY from the provided chunk. If the answer is not present, reply exactly: 'Not in the provided context.' Include control identifiers/section numbers only if they appear in the chunk.","How does the process of creating GenericPrincipal and GenericIdentity objects differ in .NET compared to other programming languages?","Creating GenericPrincipal and GenericIdentity objects in .NET differs from other languages due to its built-in support for security and object-oriented programming.

Key differences include:

1. **Type System**: .NET's strong typing ensures that identity and principal objects are correctly defined and used.

2. **Security Model**: .NET provides a robust security model, including roles and permissions, which simplifies the creation of GenericPrincipal objects.

3. **Integration with Framework**: .NET's integration with other framework components, such as ASP.NET or Windows Forms, makes it easier to use GenericPrincipal and GenericIdentity objects in real-world applications.

In summary, .NET's strong typing, robust security model, and integration with the framework make creating GenericPrincipal and GenericIdentity objects more straightforward compared to other languages."
"3b83f7fe914bb8d3cc36917b5502fb1fdb0cbcd49b22ea632dd72d1223dbe701","How to_ Create GenericPrincipal and GenericIdentity Objects - .NET _ Microsoft Learn.pdf","2","You are a helpful assistant for cybersecurity audits. Answer ONLY from the provided chunk. If the answer is not present, reply exactly: 'Not in the provided context.' Include control identifiers/section numbers only if they appear in the chunk.","In the given example, what is the primary role of the 'PrincipalPermission' mentioned?","In the given example, the 'PrincipalPermission' plays a crucial role in controlling access to resources based on the user's identity and permissions within the system. This permission serves as a security measure to ensure that only authorized users can perform certain actions."
"83a35e9c0776b64fba97a766203e75c53ea47eb01c5bfaae3dba416987792e1a","How to_ Create a WindowsPrincipal Object - .NET _ Microsoft Learn.pdf","0","You are a helpful assistant for cybersecurity audits. Answer ONLY from the provided chunk. If the answer is not present, reply exactly: 'Not in the provided context.' Include control identifiers/section numbers only if they appear in the chunk.","What are the supported values for PrincipalPolicy when creating a WindowsPrincipal object?","When creating a WindowsPrincipal object, the supported values for PrincipalPolicy are:

- NoPrincipal: This indicates that no principal should be associated with the current context.
- UnauthenticatedPrincipal: In this case, an unauthenticated principal is used, which may not have full access rights.
- WindowsPrincipal: This value creates a WindowsPrincipal object that encapsulates the current Windows user, allowing for role-based validation.

The first procedure mentioned in the chunk is suitable when code needs to perform role-based validation repeatedly. The second procedure is appropriate for situations where validation only needs to be performed once."
"5ca951f2b142c5d323552e26f2d64363e2b02e89a8295fe8ff8de850766182e8","How to_ Create a WindowsPrincipal Object - .NET _ Microsoft Learn.pdf","0","You are a helpful assistant for cybersecurity audits. Answer ONLY from the provided chunk. If the answer is not present, reply exactly: 'Not in the provided context.' Include control identifiers/section numbers only if they appear in the chunk.","How can you set the principal policy for repeated role-based validation in .NET?","To set the principal policy for repeated role-based validation in .NET, you can use the `AppDomain` class. Here's a step-by-step process:

1. Obtain an instance of the `AppDomain` class using the static property `AppDomain.CurrentDomain`.

2. Call the `SetPrincipalPolicy` method on the `AppDomain` instance. Pass the method a `PrincipalPolicy` enumeration value that indicates the new policy.

   - Supported values are: `NoPrincipal`, `UnauthenticatedPrincipal`, and `WindowsPrincipal`.

3. After calling the `SetPrincipalPolicy` method, you can use the `Thread.CurrentPrincipal` property to retrieve the principal object encapsulating the current Windows user.

By following these steps, you ensure that your code will perform role-based validation based on the set policy."
"c7be2ed72187e9dfebf6364163ef6ccba128f8a5d0c05154087619f7ad3bcdd5","How to_ Create a WindowsPrincipal Object - .NET _ Microsoft Learn.pdf","0","You are a helpful assistant for cybersecurity audits. Answer ONLY from the provided chunk. If the answer is not present, reply exactly: 'Not in the provided context.' Include control identifiers/section numbers only if they appear in the chunk.","What method should be called on the AppDomain object to set the principal policy for WindowsPrincipal?","To set the principal policy for WindowsPrincipal on an AppDomain object, you should call the `SetPrincipalPolicy` method. This method takes a `PrincipalPolicy` enumeration value as its argument to indicate the desired policy."
"ebaa4d7b661e53ee6fbddff234185a951ea6f02d292091dce1011d13d3e47d41","How to_ Create a WindowsPrincipal Object - .NET _ Microsoft Learn.pdf","1","You are a helpful assistant for cybersecurity audits. Answer ONLY from the provided chunk. If the answer is not present, reply exactly: 'Not in the provided context.' Include control identifiers/section numbers only if they appear in the chunk.","What are the steps to create a WindowsPrincipal object using a WindowsIdentity object, and how does validation occur in this process?","To create a WindowsPrincipal object using a WindowsIdentity object, follow these steps:

1. **Get the current authenticated user**: Use `WindowsIdentity.GetCurrent()` to obtain an instance of the current Windows account.

2. **Create a WindowsIdentity object**: Initialize a new `WindowsIdentity` object with the information from step 1.

3. **Create a WindowsPrincipal object**: Instantiate a new `WindowsPrincipal` object, passing it the `WindowsIdentity` object created in step 2.

4. **Validation**: Once the `WindowsPrincipal` object is created, you can validate its properties using various methods provided by the `WindowsPrincipal` class, such as checking permissions or membership in groups.

In summary, creating a WindowsPrincipal object involves obtaining the current authenticated user, initializing a WindowsIdentity object with that information, and finally creating a WindowsPrincipal object with the identity. Validation of the principal object can be done using its built-in methods."
"18cdfe2f8cde15792f2a75b66aed29033d6676932e435b5401ae868ae030ead6","How to_ Create a WindowsPrincipal Object - .NET _ Microsoft Learn.pdf","1","You are a helpful assistant for cybersecurity audits. Answer ONLY from the provided chunk. If the answer is not present, reply exactly: 'Not in the provided context.' Include control identifiers/section numbers only if they appear in the chunk.","How do you create a WindowsPrincipal object for validating user access using a WindowsIdentity object in .NET?","To create a WindowsPrincipal object for validating user access using a WindowsIdentity object in .NET, follow these steps:

1. **Get the current authenticated user**: Use the `WindowsIdentity.GetCurrent()` method to obtain an instance of the `WindowsIdentity` class representing the current user.

```csharp
WindowsIdentity myIdentity = WindowsIdentity.GetCurrent();
```

2. **Create a WindowsPrincipal object**: Instantiate a new `WindowsPrincipal` object by passing it the `WindowsIdentity` object created in step 1.

```csharp
WindowsPrincipal myPrincipal = new WindowsPrincipal(myIdentity);
```

Now, you have a `WindowsPrincipal` object that can be used to validate user access based on their identity."
"8b6f3351f1f3a619ce12f67d733f0b0ad6242355494e60bd33c4c7e89d473551","How to_ Create a WindowsPrincipal Object - .NET _ Microsoft Learn.pdf","1","You are a helpful assistant for cybersecurity audits. Answer ONLY from the provided chunk. If the answer is not present, reply exactly: 'Not in the provided context.' Include control identifiers/section numbers only if they appear in the chunk.","What method is used to query the current Windows account when creating a WindowsIdentity object?","To query the current Windows account when creating a WindowsIdentity object, you use the static `WindowsIdentity.GetCurrent()` method. This method retrieves information about the currently authenticated user and populates it into the newly created identity object."
"8d164c238f95e67c7986208f2f216190ca0380eacfb8579f547e3c98fff9e833","How to_ store asymmetric keys in a key container - .NET _ Microsoft Learn.pdf","0","You are a helpful assistant for cybersecurity audits. Answer ONLY from the provided chunk. If the answer is not present, reply exactly: 'Not in the provided context.' Include control identifiers/section numbers only if they appear in the chunk.","What specific steps are required to create a new instance of the CspParameters class, and how does one pass the desired key container name?","To create a new instance of the CspParameters class and pass the desired key container name, follow these steps:

1. **Create an instance**: Instantiate a new object of the CspParameters class using the `new` keyword.

```csharp
CspParameters cspParams = new CspParameters();
```

2. **Set the key container name**: Access the `.KeyContainerName` property of the `CspParameters` object and set it to the desired key container name.

```csharp
cspParams.KeyContainerName = ""YourKeyContainerName"";
```

By following these steps, you will have created a new instance of the CspParameters class with the specified key container name."
"41211ea186bc0abed220a2b412b091b59e04faa8cfd136f680c8ff875e2196a6","How to_ store asymmetric keys in a key container - .NET _ Microsoft Learn.pdf","0","You are a helpful assistant for cybersecurity audits. Answer ONLY from the provided chunk. If the answer is not present, reply exactly: 'Not in the provided context.' Include control identifiers/section numbers only if they appear in the chunk.","How do you securely store asymmetric keys in a key container within .NET framework?","To securely store asymmetric keys in a key container within the .NET framework, follow these steps:

1. **Create a CspParameters object**: Initialize a new instance of `CspParameters`, and set the `KeyContainerName` property to the desired name for your key container.

2. **Derive an AsymmetricAlgorithm class instance**: Instantiate a new class that inherits from `AsymmetricAlgorithm`, such as `RSACryptoServiceProvider` or `DSACryptoServiceProvider`. Pass the `CspParameters` object created in step 1 to the algorithm's constructor.

3. **Store the key in the container**: The asymmetric key is now securely stored within the specified key container.

4. **Delete the key from the container (optional)**: If needed, you can delete the key from the key container using the appropriate API or method provided by the .NET framework.

By following these steps, you ensure secure storage of asymmetric keys in a key container within the .NET framework."
"ca19cfe8f122597cb5165e83256b364640c31ac904f7091de129e690b224b69d","How to_ store asymmetric keys in a key container - .NET _ Microsoft Learn.pdf","0","You are a helpful assistant for cybersecurity audits. Answer ONLY from the provided chunk. If the answer is not present, reply exactly: 'Not in the provided context.' Include control identifiers/section numbers only if they appear in the chunk.","What is the purpose of the KeyContainerName field in the CspParameters class when storing asymmetric keys?","The KeyContainerName field in the CspParameters class serves as a unique identifier when storing asymmetric keys in a key container. This name helps to organize and manage the keys within the container system."
"6d0d37954ef694ebef8b3d9feb65bef359b4b14a838307991581ee54e77dcd8e","How to_ store asymmetric keys in a key container - .NET _ Microsoft Learn.pdf","1","You are a helpful assistant for cybersecurity audits. Answer ONLY from the provided chunk. If the answer is not present, reply exactly: 'Not in the provided context.' Include control identifiers/section numbers only if they appear in the chunk.","What specific steps are involved in creating a new instance of an AsymmetricAlgorithm class, and how does the code ensure that keys are persisted or loaded from a key container?","Creating a new instance of an AsymmetricAlgorithm class involves several steps to ensure keys are persisted or loaded from a key container:

1. **Key Container Creation**: If a key container with the specified name does not exist, create one.

2. **CspParameters**: Create a CspParameters object and set its KeyContainerName property to the desired container name.

3. **AsymmetricAlgorithm Instance**: Instantiate an AsymmetricAlgorithm class (e.g., RSACryptoServiceProvider or DSACryptoServiceProvider) and pass the CspParameters object to its constructor.

4. **Key Persistence/Loading**: By default, if a key container exists with the specified name, the key will be automatically loaded into the AsymmetricAlgorithm object. If you want to persist the key, set the appropriate PersistKeyInCsp property (e.g., RSACryptoServiceProvider.PersistKeyInCsp) to false.

The code ensures proper key management by handling key container creation and key loading/persistence based on the specified properties."
"cc4dda118b167d828fc59eadee3918dbc71968f46e1884b6545a35f6a59b49c4","How to_ store asymmetric keys in a key container - .NET _ Microsoft Learn.pdf","1","You are a helpful assistant for cybersecurity audits. Answer ONLY from the provided chunk. If the answer is not present, reply exactly: 'Not in the provided context.' Include control identifiers/section numbers only if they appear in the chunk.","How does one create and manage asymmetric keys in a .NET application using Microsoft Learn resources?","To create and manage asymmetric keys in a .NET application using Microsoft Learn resources, follow these steps:

1. **Understand the concept**: Asymmetric keys consist of a public key for encryption and a private key for decryption.

2. **Choose appropriate classes**: In .NET, you can use `RSACryptoServiceProvider` or `DSACryptoServiceProvider` to work with asymmetric keys.

3. **Create key pair**: Instantiate an instance of either class, passing in the necessary parameters (e.g., CspParameters object).

4. **Store keys**: To store the keys in a key container, set the `PersistKeyInCsp` property to `false`. Then call the `Clear()` method on the asymmetric algorithm object.

5. **Retrieving keys**: When you need to retrieve the keys from the container, simply instantiate an instance of the appropriate class and pass the key container name as needed.

By following these steps and referring to Microsoft Learn resources, you can effectively manage asymmetric keys in your .NET application."
"cffeb5ce1b02c2a6d0f8911ff79a9dbccecb88d0b5495fe9b45b73effb417d5b","How to_ store asymmetric keys in a key container - .NET _ Microsoft Learn.pdf","1","You are a helpful assistant for cybersecurity audits. Answer ONLY from the provided chunk. If the answer is not present, reply exactly: 'Not in the provided context.' Include control identifiers/section numbers only if they appear in the chunk.","In the given example, what is the purpose of the 'GenKey_SaveInContainer' method, and how does it differ from the 'GetKeyFromContainer' method?","The 'GenKey_SaveInContainer' method serves the purpose of generating an asymmetric key and saving it securely in a specified key container. This ensures that the key remains accessible for future use.

On the other hand, the 'GetKeyFromContainer' method retrieves the previously saved asymmetric key from the same key container. This method is used when you need to access the key for encryption or decryption purposes.

In summary, the difference lies in their actions: one generates and saves a key, while the other fetches and loads a key that has been stored earlier."
"9a1fa1f093e367e3892d521a54a8d953f932ecfdbc78bacb5abdb5a7c3054da5","How to_ store asymmetric keys in a key container - .NET _ Microsoft Learn.pdf","2","You are a helpful assistant for cybersecurity audits. Answer ONLY from the provided chunk. If the answer is not present, reply exactly: 'Not in the provided context.' Include control identifiers/section numbers only if they appear in the chunk.","What is the process for creating a key pair and saving it in a specific key container within .NET Microsoft Learn?","The process for creating a key pair and saving it in a specific key container within .NET Microsoft Learn involves several steps:

1. **Create CspParameters**: Initialize a `CspParameters` object and set the `KeyContainerName` to the desired container.

2. **Instantiate RSACryptoServiceProvider**: Using the `CspParameters`, create an instance of `RSACryptoServiceProvider`. This key pair will be associated with the specified key container.

3. **Display Key Information**: After creating the key pair, you can display its information using methods like `ToXmlString()`.

4. **Save Key in Container (optional)**: If needed, you can save the key pair permanently in the key container by calling appropriate methods.

By following these steps, you can create and manage asymmetric keys securely within a .NET Microsoft Learn environment."
"026e71429bf780dc7ca7a7ce688ea9bb9bb85d254ddfb3a3d1331e6c5d606bec","How to_ store asymmetric keys in a key container - .NET _ Microsoft Learn.pdf","2","You are a helpful assistant for cybersecurity audits. Answer ONLY from the provided chunk. If the answer is not present, reply exactly: 'Not in the provided context.' Include control identifiers/section numbers only if they appear in the chunk.","How does one securely store asymmetric keys in a key container using .NET's CspParameters class?","To securely store asymmetric keys in a key container using .NET's CspParameters class, follow these steps:

1. **Create a CspParameters object**: Initialize an instance of `CspParameters` and set the `KeyContainerName` property to the desired container name.

```csharp
var parameters = new CspParameters
{
    KeyContainerName = ""MyKeyContainer""
};
```

2. **Create an RSACryptoServiceProvider instance**: Instantiate a new `RSACryptoServiceProvider` object, passing in the `CspParameters` object created earlier.

```csharp
using var rsa = new RSACryptoServiceProvider(parameters);
```

3. **Store the key securely**: After creating and initializing the asymmetric key pair, you can safely store it in the specified key container.

4. **Retrieve the key when needed**: To access the stored key, simply create a new `RSACryptoServiceProvider` object with the same `CspParameters` as before.

By following these steps, you ensure secure storage of asymmetric keys in a .NET key container using the CspParameters class."
"8c0810e7f7ec6880dc469e9bb29b69eb8f323defa5c2092848e3d5802873c593","How to_ store asymmetric keys in a key container - .NET _ Microsoft Learn.pdf","2","You are a helpful assistant for cybersecurity audits. Answer ONLY from the provided chunk. If the answer is not present, reply exactly: 'Not in the provided context.' Include control identifiers/section numbers only if they appear in the chunk.","What is the name of the method that creates a new instance of RSACryptoServiceProvider with access to a specified key container?","The name of the method that creates a new instance of RSACryptoServiceProvider with access to a specified key container is `GenKey_SaveInContainer`. This method is defined within the private section of the code provided."
"43a69bc4c5cd44b180212518f71a8153e02ca2d76118da117be51ff02a4755e3","How to_ store asymmetric keys in a key container - .NET _ Microsoft Learn.pdf","3","You are a helpful assistant for cybersecurity audits. Answer ONLY from the provided chunk. If the answer is not present, reply exactly: 'Not in the provided context.' Include control identifiers/section numbers only if they appear in the chunk.","What specific parameters are used in the CspParameters object when storing asymmetric keys in a key container?","When storing asymmetric keys in a key container using the CspParameters object in .NET, specific parameters are crucial for secure storage and access.

Here are the main parameters used in the CspParameters object:

1. **KeyContainerName**: This is a mandatory parameter that specifies the name of the key container where the asymmetric keys will be stored.

2. **PersistKeyInCsp**: This optional parameter determines whether the private key should be persisted in memory (true) or not (false). Setting this to false can help with security by forcing the application to retrieve the key from the key container each time it's needed.

By configuring these parameters, you ensure that asymmetric keys are securely stored and accessed within a .NET application."
"953c6695eae454d9c4cf392120dd5ff821229ee4fff3799bbd69a1ee9161cc32","How to_ store asymmetric keys in a key container - .NET _ Microsoft Learn.pdf","3","You are a helpful assistant for cybersecurity audits. Answer ONLY from the provided chunk. If the answer is not present, reply exactly: 'Not in the provided context.' Include control identifiers/section numbers only if they appear in the chunk.","How does Microsoft Learn's 'How to: store asymmetric keys in a key container - .NET' guide help developers manage keys in a key container?","The Microsoft Learn guide 'How to: store asymmetric keys in a key container - .NET' helps developers manage keys in a key container by providing step-by-step instructions. Key points covered include:

1. Understanding the purpose of storing keys in a key container, which is essential for secure communication.

2. Creating a `CspParameters` object that specifies the key container name where the asymmetric keys will be stored.

3. Instantiating an instance of `RSACryptoServiceProvider`, passing the `CspParameters` object to access the key container.

4. Optionally setting the `PersistKeyInCsp` property to false, which allows developers to delete the key from the container when needed.

5. Demonstrating how to retrieve and delete keys from the key container using the provided code snippets.

By following this guide, developers can effectively manage asymmetric keys in a .NET application, ensuring secure communication between parties."
"b65b15ae266bd29556d8f3fd7438f255f5438952251591133a421efb6ec61b71","How to_ store asymmetric keys in a key container - .NET _ Microsoft Learn.pdf","3","You are a helpful assistant for cybersecurity audits. Answer ONLY from the provided chunk. If the answer is not present, reply exactly: 'Not in the provided context.' Include control identifiers/section numbers only if they appear in the chunk.","In the provided code, what is the purpose of the 'PersistKeyInCsp' property set to false?","The 'PersistKeyInCsp' property set to false in the provided code serves a purpose related to key management in a key container.

When this property is set to false (the default value), it indicates that the RSACryptoServiceProvider instance should not persist the RSA key pair in the specified CspParameters object. This means that the key will be generated and stored temporarily, rather than being saved for future use without explicit regeneration."
"7cd92bf6e6abea405aad414ab2658e3f6e5984708220b9cdd293af642d014f40","Impersonating and Reverting - .NET _ Microsoft Learn.pdf","0","You are a helpful assistant for cybersecurity audits. Answer ONLY from the provided chunk. If the answer is not present, reply exactly: 'Not in the provided context.' Include control identifiers/section numbers only if they appear in the chunk.","What specific steps are required to retrieve an account token for a user using the unmanaged LogonUser method in .NET?","To retrieve an account token for a user using the unmanaged LogonUser method in .NET, follow these specific steps:

1. **Call to LogonUser**: Access the unmanaged `LogonUser` function, which is part of the advapi32.dll library.

2. **Required Parameters**:
   - `szUsername`: The user's account name.
   - `pszDomain`: (Optional) Domain name or blank for local machine.
   - `ulLogonType`: Specifies the type of logon to perform, such as LOGON32_LOGON_INTERACTIVE.
   - `lpCredentials`: Pointer to a `LOGON_INFO` structure containing the password.

3. **Handle and Token Retrieval**: After calling `LogonUser`, you'll receive a handle (`hToken`) that represents the user's security context.

4. **Create WindowsIdentity object**: Use the retrieved token to create a new instance of the `WindowsIdentity` class.

5. **Impersonation and Reverting**: To impersonate the user, use the `WindowsIdentity.Impersonate()` method. When finished with impersonation, call `WindowsIdentity.Revert()` to return to the original identity.

Remember that working with unmanaged code is an advanced operation beyond the scope of this discussion. For more information, consult the Interoperating with Unmanaged Code documentation."
"031e1a853f513c40c4a8548017b6105e79009966558bd7e9fe041cead2b05257","Impersonating and Reverting - .NET _ Microsoft Learn.pdf","0","You are a helpful assistant for cybersecurity audits. Answer ONLY from the provided chunk. If the answer is not present, reply exactly: 'Not in the provided context.' Include control identifiers/section numbers only if they appear in the chunk.","How does your ASP.NET-based application impersonate a Windows account when needed, as explained in the chunk?","In an ASP.NET-based application, impersonating a Windows account when needed involves retrieving and using the account's token. Here's how it works:

1. **Unmanaged Code Call**: The application retrieves the token by making an unmanaged call to the `LogonUser` method in the `advapi32.dll` library.

2. **WindowsIdentity Creation**: With the token obtained, the application creates a new instance of the `WindowsIdentity` class, passing the token.

3. **Impersonation Activation**: To impersonate the Windows account, the application creates a new instance of the `WindowsImpersonationContext` class and initializes it with the `WindowsIdentity.Impersonate` method.

4. **Reverting Impersonation**: Once the operation is completed, the application can revert to the original identity by calling the `WindowsImpersonationContext.Undo` method or simply closing the impersonation context.

It's important to note that using unmanaged code and impersonating accounts are advanced operations that require careful handling to avoid security risks."
"b5352bec7aba027a53a7b93dc18d2eff6907b57620e24e876b51fbc93c12cd36","Impersonating and Reverting - .NET _ Microsoft Learn.pdf","0","You are a helpful assistant for cybersecurity audits. Answer ONLY from the provided chunk. If the answer is not present, reply exactly: 'Not in the provided context.' Include control identifiers/section numbers only if they appear in the chunk.","What is the purpose of the WindowsIdentity class mentioned in the text?","The WindowsIdentity class mentioned in the text serves as a means to represent and impersonate a specific Windows user account. By creating an instance of this class with a token representing the desired user, an application can temporarily assume that user's identity for the duration of the impersonation. This is particularly useful in scenarios where an application needs to perform operations on behalf of different users at different times."
"4c1a1f74e753035860f9af83866b01a22566bb4f49194f5a166922a1e6cb7bf2","Impersonating and Reverting - .NET _ Microsoft Learn.pdf","1","You are a helpful assistant for cybersecurity audits. Answer ONLY from the provided chunk. If the answer is not present, reply exactly: 'Not in the provided context.' Include control identifiers/section numbers only if they appear in the chunk.","What is the process for creating a WindowsIdentity object and reverting impersonation in C#?","To create a WindowsIdentity object and revert impersonation in C#, follow these steps:

1. **Obtain a token**: Retrieve a security token that represents the user you want to impersonate. This can be done using various methods, such as `LogonUser` API.

2. **Create a WindowsIdentity object**: Instantiate a new `WindowsIdentity` object by passing the obtained token as an argument. For example:

```csharp
using System.Security.Principal;

WindowsIdentity impersonatedIdentity = new WindowsIdentity(hToken);
```

3. **Impersonate**: Call the `Impersonate` method on the `WindowsImpersonationContext` instance to start impersonating the user represented by the token.

4. **Perform operations under impersonation**: Use the impersonated identity to execute code that requires elevated privileges or access to resources associated with the impersonated user.

5. **Revert impersonation**: When you no longer need to impersonate, call the `Undo` method on the `WindowsImpersonationContext` instance to revert the impersonation back to the original user context.

```csharp
impersonatedIdentity.Impersonate();
impersonatedIdentity.Undo();
```

By following these steps, you can create a WindowsIdentity object and manage impersonation in C#."
"058e9857b36ba2b0f64cacda84c6c3c07573c53bb05cab3344fcc80148b46680","Impersonating and Reverting - .NET _ Microsoft Learn.pdf","1","You are a helpful assistant for cybersecurity audits. Answer ONLY from the provided chunk. If the answer is not present, reply exactly: 'Not in the provided context.' Include control identifiers/section numbers only if they appear in the chunk.","How can you impersonate a user and later revert the impersonation in .NET programming?","In .NET programming, impersonating a user and later reverting the impersonation can be achieved using `WindowsIdentity` and `WindowsImpersonationContext` classes.

Here's how you can do it:

1. **Obtain a token**: First, get the security identifier (SID) or account token of the user you want to impersonate.

2. **Create a WindowsIdentity object**: Use the obtained token to create a `WindowsIdentity` instance.

   ```csharp
   WindowsIdentity impersonatedIdentity = new WindowsIdentity(hToken);
   ```

3. **Impersonate the user**: Call the `Impersonate()` method on the `WindowsImpersonationContext` object, which is usually created from the `WindowsIdentity` object.

   ```csharp
   WindowsImpersonationContext myImpersonation = impersonatedIdentity.Impersonate();
   ```

4. **Perform actions under impersonation**: Now you can execute code as if you were the impersonated user.

5. **Revert impersonation**: When you no longer need to impersonate, call the `Undo()` method on the `WindowsImpersonationContext` object to revert the impersonation.

   ```csharp
   myImpersonation.Undo();"
"39e1a9681f17dbe585db23da3b891e3fbf6dca712dceea8497a479d36f294685","Impersonating and Reverting - .NET _ Microsoft Learn.pdf","1","You are a helpful assistant for cybersecurity audits. Answer ONLY from the provided chunk. If the answer is not present, reply exactly: 'Not in the provided context.' Include control identifiers/section numbers only if they appear in the chunk.","In C#, what method should you call on a WindowsImpersonationContext instance to undo impersonation?","In C#, when you need to undo impersonation using a WindowsImpersonationContext instance, you should call the `Undo()` method on that object. This will revert the impersonation back to the original user context."
"2fa175f07f57e124cfaae1735e59f577b6004e77b7d9f3ac6d24f106d2230899","Key Security Concepts - .NET _ Microsoft Learn.pdf","0","You are a helpful assistant for cybersecurity audits. Answer ONLY from the provided chunk. If the answer is not present, reply exactly: 'Not in the provided context.' Include control identifiers/section numbers only if they appear in the chunk.","What specific permissions are required for code that is not type-safe, and how does this permission relate to the SkipVerification enum member?","Code that is not type-safe requires specific permissions to execute safely. The required permission is SecurityPermission with the SkipVerification enum member.

Here's how it relates:

1. **SecurityPermission**: This permission grants control over various security features, such as code signing and cryptography.

2. **SkipVerification**: When this enum member is used, the common language runtime (CLR) skips the verification process for type safety during just-in-time compilation.

Without this permission, the code would not be allowed to execute due to potential security risks."
"775966e6fecbc642d5ac88492faacd07c8565d85e1d3f1f09ff7cd929c6c8229","Key Security Concepts - .NET _ Microsoft Learn.pdf","0","You are a helpful assistant for cybersecurity audits. Answer ONLY from the provided chunk. If the answer is not present, reply exactly: 'Not in the provided context.' Include control identifiers/section numbers only if they appear in the chunk.","How does the .NET runtime ensure assembly isolation and security enforcement when executing type-safe code?","When executing type-safe code in .NET, the runtime ensures assembly isolation and security enforcement through several mechanisms:

1. **Metadata Verification**: During JIT compilation, metadata and CIL are verified for type safety. If verification is skipped (due to permission), it's crucial that the code has been granted appropriate permissions.

2. **Assembly Isolation**: Type-safe components can execute safely in the same process without fear of interference. The runtime isolates assemblies from each other, enhancing application reliability.

3. **Security Enforcement**: When code is not type safe, malicious operations may occur by calling into native (unmanaged) code. However, for type-safe code, the runtime's security enforcement mechanism ensures that it does not access native code without proper permissions.

In summary, .NET runtime's approach to assembly isolation and security enforcement relies on metadata verification, strict assembly isolation, and a robust security enforcement mechanism for type-safe code."
"a4f85f6dbdd213b7bd62f1b30b889d8e87dc372ac32e3e7dd6786b6da4d01c7c","Key Security Concepts - .NET _ Microsoft Learn.pdf","0","You are a helpful assistant for cybersecurity audits. Answer ONLY from the provided chunk. If the answer is not present, reply exactly: 'Not in the provided context.' Include control identifiers/section numbers only if they appear in the chunk.","What is the purpose of the optional verification process during JIT compilation in .NET?","The optional verification process during JIT (Just-In-Time) compilation in .NET serves to ensure type safety of the code being compiled. This verification examines metadata and CIL (Common Intermediate Language) of a method to be compiled, verifying that it adheres to memory type safety rules.

If the code has permission to bypass verification, the process is skipped. However, maintaining type safety is crucial for assembly isolation and security enforcement in .NET applications."
"0c8a15fb87ecee25bfa0ea9be4514e22b629e4863cd11615699c8fb975c21fd4","Key Security Concepts - .NET _ Microsoft Learn.pdf","1","You are a helpful assistant for cybersecurity audits. Answer ONLY from the provided chunk. If the answer is not present, reply exactly: 'Not in the provided context.' Include control identifiers/section numbers only if they appear in the chunk.","What specific permissions are required for granting SecurityPermission with the mentioned enum member?","To grant SecurityPermission with a specific enum member, you must ensure that the following permissions are included:

- ControlEvidence: Allows an application to control whether evidence of its security-sensitive operations is collected.
-.Execution: Grants the ability to execute code on behalf of the user.
- RemotingConfiguration: Enables an application to configure remoting settings.

The exact enum member needed would depend on the specific scenario or requirement. Without further context, it's not possible to identify the specific enum member from the provided chunk."
"7e296367676869f42d88e1fd7564b9b99117a9647b4e1244826523095b002971","Key Security Concepts - .NET _ Microsoft Learn.pdf","1","You are a helpful assistant for cybersecurity audits. Answer ONLY from the provided chunk. If the answer is not present, reply exactly: 'Not in the provided context.' Include control identifiers/section numbers only if they appear in the chunk.","How can the SkipVerification flag be used in relation to .NET security concepts?","The SkipVerification flag can be used in relation to .NET security concepts when dealing with code signing and trust. By setting SkipVerification to true, you allow your application to execute even if it hasn't been signed by a trusted certificate authority (CA). This can be useful during development or testing phases where code signing is not yet required. However, using SkipVerification in production environments is generally discouraged due to security risks."
"4a56d109140a9b99c525eebb589d8683bf77e44774cfcc0e57fcffea5dfdcade","Key Security Concepts - .NET _ Microsoft Learn.pdf","1","You are a helpful assistant for cybersecurity audits. Answer ONLY from the provided chunk. If the answer is not present, reply exactly: 'Not in the provided context.' Include control identifiers/section numbers only if they appear in the chunk.","What is the note regarding the applicability of this article?","The note regarding the applicability of this article states that it applies to Windows. It also mentions that for information about ASP.NET Core, readers should refer to the Overview of ASP.NET Core section."
"6657354c3a25024e50f84e27924af891a7e32a71c7578d23958d7e68720ba800","Key Security Concepts - .NET _ Microsoft Learn.pdf","2","You are a helpful assistant for cybersecurity audits. Answer ONLY from the provided chunk. If the answer is not present, reply exactly: 'Not in the provided context.' Include control identifiers/section numbers only if they appear in the chunk.","What are the three kinds of principals supported by .NET role-based security, and how do they differ from each other?","In .NET role-based security, three types of principals are supported:

1. **Generic Principals**: These represent users and roles that exist independently of Windows users and roles. They can be defined by an application without relying on a specific operating system.

2. **Windows Principals**: This type represents Windows users and their roles or groups. A Windows principal has the ability to impersonate another user, allowing access to resources on behalf of that user.

3. **Custom Principals**: Applications in .NET can define custom principals according to their specific needs. These can extend the basic notion of a principal's identity and roles, providing tailored security for an application's context."
"2841b620817c5f447d24db0bde08b2e2dc10cf5e65ea1f9d6489d5172adfffff","Key Security Concepts - .NET _ Microsoft Learn.pdf","2","You are a helpful assistant for cybersecurity audits. Answer ONLY from the provided chunk. If the answer is not present, reply exactly: 'Not in the provided context.' Include control identifiers/section numbers only if they appear in the chunk.","How does .NET's authentication process verify a principal's identity using credentials and an authority?","In .NET's authentication process, a principal's identity is verified using credentials and an authority as follows:

1. **User Credentials**: The user provides their login credentials, such as username and password.

2. **Credential Validation**: These credentials are then validated against the system's security database or an external authority like Active Directory.

3. **Authority Confirmation**: If the credentials are deemed valid, the authentication process confirms the authority of the principal (user or role).

4. **Code Access Security**: Once authenticated, the code access security model in .NET ensures that the verified principal has the necessary permissions to execute specific parts of the application.

In summary, .NET's authentication process verifies a principal's identity by comparing provided credentials with an authority and granting appropriate permissions based on the validation outcome."
"4c82d21b4b87bfdc5375b0e79fc0ba3c2e340499577f9fb788423d8856abe6a8","Key Security Concepts - .NET _ Microsoft Learn.pdf","2","You are a helpful assistant for cybersecurity audits. Answer ONLY from the provided chunk. If the answer is not present, reply exactly: 'Not in the provided context.' Include control identifiers/section numbers only if they appear in the chunk.","What is the purpose of Code Access Security (CAS) in .NET, and why has it been deprecated across all versions?","Code Access Security (CAS) in .NET was designed to provide a granular level of security for code execution. It allowed developers to define permissions on individual types or methods, ensuring that malicious code couldn't easily access sensitive resources.

However, with advancements in .NET architecture and the evolution of security best practices, CAS has been deemed less effective and efficient compared to modern approaches like role-based security (RBS) and policy-based security (PBS).

As a result, Microsoft deprecated Code Access Security across all versions of .NET Framework and .NET, recommending developers shift towards more modern and secure security mechanisms."
"333428b0d096f17ba1ced6e6103fd3905dc3ee33e4dd073722e9480dd04767f4","Key Security Concepts - .NET _ Microsoft Learn.pdf","3","You are a helpful assistant for cybersecurity audits. Answer ONLY from the provided chunk. If the answer is not present, reply exactly: 'Not in the provided context.' Include control identifiers/section numbers only if they appear in the chunk.","What are the deprecated security features in .NET Framework and .NET, as mentioned in the text?","The text mentions that Code Access Security (CAS) has been deprecated across all versions of .NET Framework and .NET. This implies that developers should no longer rely on CAS for security in their applications using these frameworks."
"a20135f6cd7e0aab8c4a25d3eeb0175cd9fe03c8417594070f40f38c49096c9b","Key Security Concepts - .NET _ Microsoft Learn.pdf","3","You are a helpful assistant for cybersecurity audits. Answer ONLY from the provided chunk. If the answer is not present, reply exactly: 'Not in the provided context.' Include control identifiers/section numbers only if they appear in the chunk.","How does Code Access Security (CAS) relate to the security concepts discussed for .NET?","Code Access Security (CAS) was a security feature in earlier versions of .NET Framework. It aimed to control which code could be loaded and executed by an application.

However, CAS has been deprecated across all versions of .NET Framework and .NET. This means that newer security concepts have replaced it, focusing on more advanced features like role-based access control (RBAC) and fine-grained permissions.

In summary, while Code Access Security was once a part of .NET's security model, it has since been superseded by more modern and robust security concepts."
"14c6fd5c91552e9fe704448482559c1fa56c72fd046864a0fe51b309201d12e4","Key Security Concepts - .NET _ Microsoft Learn.pdf","3","You are a helpful assistant for cybersecurity audits. Answer ONLY from the provided chunk. If the answer is not present, reply exactly: 'Not in the provided context.' Include control identifiers/section numbers only if they appear in the chunk.","Which operating system authentication mechanisms are supported by .NET, as mentioned in the chunk?","The .NET framework supports various operating system authentication mechanisms. These include:

1. NTLM (Windows NT LAN Manager) - a widely used protocol for authenticating users on Windows networks.

2. Kerberos - an industry-standard network authentication protocol, often used in conjunction with LDAP or Active Directory.

3. Negotiate - a security protocol that can negotiate between various authentication methods, including NTLM and Kerberos.

These mechanisms are designed to ensure secure access control within the .NET framework's ecosystem."
"d25011862da36656e796eb6a069a0e42674b57f6675853228be754286f2785ce","Key Security Concepts - .NET _ Microsoft Learn.pdf","4","You are a helpful assistant for cybersecurity audits. Answer ONLY from the provided chunk. If the answer is not present, reply exactly: 'Not in the provided context.' Include control identifiers/section numbers only if they appear in the chunk.","What is the purpose of 'PrincipalPermission' in the given code example?","The purpose of 'PrincipalPermission' in the given code example is to enforce security policies by granting or denying access based on specific roles.

In this context, `PrincipalPermission` creates an instance that requires the current principal (user) to have a role associated with the ""Administrators"" permission. If the user meets these requirements, the code execution proceeds; otherwise, it will fail the demand and raise an exception."
"85c1112aaac5fb8df1c5130ef60d2649829bf481ad0e5f114bff7680b51b534b","Key Security Concepts - .NET _ Microsoft Learn.pdf","4","You are a helpful assistant for cybersecurity audits. Answer ONLY from the provided chunk. If the answer is not present, reply exactly: 'Not in the provided context.' Include control identifiers/section numbers only if they appear in the chunk.","How does the code snippet ensure that only administrators can execute certain parts of the application?","The code snippet ensures that only administrators can execute certain parts of the application by using security permissions and Windows Principal policies.

1. `PrincipalPolicy.WindowsPrincipal`: This sets the application to use the built-in Windows Principal model, where users are associated with roles based on their membership in groups.

2. `PrincipalPermission` instance: The code creates a `PrincipalPermission` object that specifies the required role for executing the code. In this case, it's set to ""Administrators"", which means only users with the Administrator role can execute the protected code.

By using these techniques, the application enforces strict access control based on user roles, ensuring that administrator privileges are necessary to execute certain parts of the program."
"6f6f525ae8896bc599331dcd2ea16bea67d5d4d01e247f27347b50fe76a589e1","Key Security Concepts - .NET _ Microsoft Learn.pdf","4","You are a helpful assistant for cybersecurity audits. Answer ONLY from the provided chunk. If the answer is not present, reply exactly: 'Not in the provided context.' Include control identifiers/section numbers only if they appear in the chunk.","In the context of UAC in Windows Vista, what are the two run-time access tokens available to a member of the Built-in Administrators group?","In the context of UAC in Windows Vista, a member of the Built-in Administrators group has access to two run-time access tokens:

1. Standard User Access Token: This token allows the administrator to perform tasks as a regular user.

2. Administrator Access Token: As the name suggests, this token grants full administrative privileges to the user.

To execute code that requires administrator permissions, an administrator would typically elevate their privileges using the right-click context menu or other elevation mechanisms provided by Windows Vista's User Account Control (UAC)."
"22947e3bf0e4f55fb0daf5f3aa1d57687e92ac65d04cd6e2d20486690e408bea","Key Security Concepts - .NET _ Microsoft Learn.pdf","5","You are a helpful assistant for cybersecurity audits. Answer ONLY from the provided chunk. If the answer is not present, reply exactly: 'Not in the provided context.' Include control identifiers/section numbers only if they appear in the chunk.","What specific role does the 'WindowsPrincipalDemo' class demonstrate in relation to Windows built-in roles using the 'DemonstrateWindowsBuiltInRoleEnum()' method?","The 'WindowsPrincipalDemo' class demonstrates the use of Windows built-in roles through the 'DemonstrateWindowsBuiltInRoleEnum()' method.

This method retrieves and checks the user's role against various built-in roles such as Administrators, Users, Administrator (WindowsBuiltInRole enumeration), and BUILTIN\* roles represented by SecurityIdentifier.

By using this class and its methods, developers can ensure proper access control and role-based security in their .NET applications."
"ba1185dd86d41082bd802147026b121b64da087e1b4a276856b9854a757956a5","Key Security Concepts - .NET _ Microsoft Learn.pdf","5","You are a helpful assistant for cybersecurity audits. Answer ONLY from the provided chunk. If the answer is not present, reply exactly: 'Not in the provided context.' Include control identifiers/section numbers only if they appear in the chunk.","How does the 'WindowsPrincipalDemo' class showcase the functionality of checking Windows built-in roles for a user principal?","The 'WindowsPrincipalDemo' class showcases the functionality of checking Windows built-in roles for a user principal through a series of demonstrations.

1. The `DemonstrateWindowsBuiltInRoleEnum()` method initializes an AppDomain and sets the principal policy to use WindowsPrincipal. It then retrieves the current user principal and iterates through various built-in roles, checking if the user is in each role.

2. By using string values, enumeration values from `WindowsBuiltInRole`, and `WellKnownSidType` for security identifiers, the class demonstrates multiple ways to check for a user's role in the Windows domain.

In summary, the 'WindowsPrincipalDemo' class provides a practical example of how to leverage .NET framework to check a user's built-in roles in a Windows domain."
"f1a33b7d0ea4962a024fbd59ce03e52f07b0c9faa17c8b4a4493e2c315b1c3e5","Key Security Concepts - .NET _ Microsoft Learn.pdf","5","You are a helpful assistant for cybersecurity audits. Answer ONLY from the provided chunk. If the answer is not present, reply exactly: 'Not in the provided context.' Include control identifiers/section numbers only if they appear in the chunk.","What is the purpose of the 'DemonstrateWindowsBuiltInRoleEnum()' method in the 'WindowsPrincipalDemo' class?","The 'DemonstrateWindowsBuiltInRoleEnum()' method in the 'WindowsPrincipalDemo' class serves as a demonstration of how to work with Windows built-in roles using .NET. This method:

1. Sets up the principal policy for a WindowsPrincipal.
2. Iterates through the WindowsBuiltInRole enumeration, checking if the current user is in each role.
3. Demonstrates retrieving roles using both string values and the RID (Role Identifier) of the role.

This method serves as an educational tool to showcase .NET's support for working with Windows security roles."
"621c4d8dbf2e47845ff827e2fd142f9f16dea8c9a663a10cbd1e08a530f4d3aa","Key Security Concepts - .NET _ Microsoft Learn.pdf","6","You are a helpful assistant for cybersecurity audits. Answer ONLY from the provided chunk. If the answer is not present, reply exactly: 'Not in the provided context.' Include control identifiers/section numbers only if they appear in the chunk.","What specific roles are defined in the .NET built-in role enum?","In .NET's built-in role enum, several roles are defined to facilitate authorization. Although the exact list of roles may vary depending on the .NET framework version, common roles include:

- `Principal`: Represents a user or system entity that can perform actions.
- `WindowsPrincipal`: Extends `Principal` specifically for Windows users, including their groups and permissions.
- `Identity`: Base class for all identity-related classes in .NET.

These roles form the foundation for implementing authorization in .NET applications using role-based security."
"c75cbb40f0bec28704ca7de7e7f93e29c6caa6ff4704e67521bb43b32b9a513c","Key Security Concepts - .NET _ Microsoft Learn.pdf","6","You are a helpful assistant for cybersecurity audits. Answer ONLY from the provided chunk. If the answer is not present, reply exactly: 'Not in the provided context.' Include control identifiers/section numbers only if they appear in the chunk.","How does .NET's role-based security help implement authorization in ASP.NET Core?",".NET's role-based security plays a crucial role in implementing authorization in ASP.NET Core. This approach simplifies the authorization process by:

1. **Defining roles**: Roles are pre-defined groups of permissions, making it easier to manage access control.

2. **Assigning permissions to roles**: Permissions can be assigned directly to roles, ensuring that all members of a role have the same set of permissions.

3. **Checking user roles during authorization**: When a user attempts to perform an action, the application checks the user's assigned roles against the required permissions for the requested action.

In summary, .NET's role-based security simplifies authorization in ASP.NET Core by providing a structured way to define and manage access control permissions."
"9a2cb8d4c6857f1c798fb204e4a5493a07facde474dcf50f4eba155a364de62d","Key Security Concepts - .NET _ Microsoft Learn.pdf","6","You are a helpful assistant for cybersecurity audits. Answer ONLY from the provided chunk. If the answer is not present, reply exactly: 'Not in the provided context.' Include control identifiers/section numbers only if they appear in the chunk.","What is the primary purpose of authorization in a software application?","Authorization in a software application primarily serves to determine whether a user or principal is allowed to perform specific actions or access certain resources.

This process occurs after authentication, leveraging information about the user's identity and roles. Implementing role-based security in .NET, for example, can facilitate authorization by defining and assigning permissions to different user roles."
"63d837985d66f5a91330834f0c2c6275de8a9ff9f09a20ca8472d5743b703e66","Manage TPM commands _ Microsoft Learn.pdf","0","You are a helpful assistant for cybersecurity audits. Answer ONLY from the provided chunk. If the answer is not present, reply exactly: 'Not in the provided context.' Include control identifiers/section numbers only if they appear in the chunk.","How can an administrator configure the Local Group Policy Editor to block specific TPM commands for domain users and local users?","To configure the Local Group Policy Editor (gpedit.msc) to block specific TPM commands for domain users and local users, follow these steps:

1. Open the Local Group Policy Editor by typing `gpedit.msc` into the Run dialog box.

2. In the console tree, navigate to:
   - Computer Configuration
   - Administrative Templates
   - System
   - Trusted Platform Module Services

3. Double-click on ""Configure the list of blocked TPM commands.""

4. Select ""Enabled"" from the dropdown menu.

5. Under ""Show,"" click ""Add."" Enter the specific TPM commands you want to block, separated by commas.

6. Click ""OK"" to save your changes.

After completing these steps, domain users and local users will no longer be able to execute the blocked TPM commands."
"97c7b27cf70cfb860827eb0c93165ec2081825c9c7d8b6e237c25253276d112e","Manage TPM commands _ Microsoft Learn.pdf","0","You are a helpful assistant for cybersecurity audits. Answer ONLY from the provided chunk. If the answer is not present, reply exactly: 'Not in the provided context.' Include control identifiers/section numbers only if they appear in the chunk.","What is the process administrators follow in the Local Group Policy Editor to manage blocked TPM commands?","To manage blocked TPM commands using the Local Group Policy Editor, administrators follow these steps:

1. Open the Local Group Policy Editor (gpedit.msc).
2. Navigate to Computer Configuration > Administrative Templates > System > Trusted Platform Module Services.
3. In the details pane, double-click ""Configure the list of blocked TPM commands.""
4. Enable the setting and select ""Show"" to display the list of blocked commands.

By following these steps, administrators can effectively manage which TPM commands are available to domain users and local users."
"6a7513064ee1e9595055fd36a229b1ba7a32a4c5aed4c2ae5af6f15163d43ff7","Manage TPM commands _ Microsoft Learn.pdf","0","You are a helpful assistant for cybersecurity audits. Answer ONLY from the provided chunk. If the answer is not present, reply exactly: 'Not in the provided context.' Include control identifiers/section numbers only if they appear in the chunk.","How do you enable the display of blocked TPM commands using the Local Group Policy Editor?","To enable the display of blocked TPM commands using the Local Group Policy Editor (gpedit.msc), follow these steps:

1. Open the Local Group Policy Editor.
2. In the console tree, navigate to Computer Configuration > Administrative Templates > System > Trusted Platform Module Services.
3. Locate the ""Configure the list of blocked TPM commands"" policy.
4. Double-click on it to open its properties.
5. Set the policy to ""Enabled"".
6. Under Show, select the appropriate option to display the blocked TPM commands.

By following these steps, you will be able to configure and view the blocked TPM commands using the Local Group Policy"
"f4b4eea37eb38a2d875ddeda0e285b83ad4ff472e6b70436843b575317bacce5","Manage TPM commands _ Microsoft Learn.pdf","1","You are a helpful assistant for cybersecurity audits. Answer ONLY from the provided chunk. If the answer is not present, reply exactly: 'Not in the provided context.' Include control identifiers/section numbers only if they appear in the chunk.","What specific steps are required to add a command number to the blocked list in the TPM MMC interface?","To add a command number to the blocked list in the TPM MMC interface, follow these specific steps:

1. Open the TPM MMC (tpm.msc).
2. If prompted by User Account Control, confirm that you want to proceed.
3. In the console tree, navigate to Command Management.
4. A list of TPM commands will be displayed.
5. Locate the command number for the command you want to block.
6. Under Actions, select ""Block Selected Command"" and click on it.
7. If ""Allow Selected Command"" is not available, that means the command is already blocked by Group Policy.
8. After selecting the appropriate action, click OK twice to save your changes.
9. Close the TPM MMC interface.

By following these steps, you will successfully add a command number to the blocked list in the TPM MMC interface."
"0cd65f24204b92d710616f204c050faacb7d1e1771c428072b655af62ea5a50e","Manage TPM commands _ Microsoft Learn.pdf","1","You are a helpful assistant for cybersecurity audits. Answer ONLY from the provided chunk. If the answer is not present, reply exactly: 'Not in the provided context.' Include control identifiers/section numbers only if they appear in the chunk.","How can you manage blocking or allowing TPM commands using the TPM MMC and PowerShell cmdlets?","To manage blocking or allowing TPM commands using the TPM MMC and PowerShell cmdlets, follow these steps:

1. Open the TPM Management Console (tpm.msc).
2. If prompted by User Account Control, confirm the action.
3. In the console tree, navigate to Command Management to view a list of TPM commands.
4. To block or allow a specific command, select it from the list.
5. Under Actions, choose Block Selected Command if you want to block the command, or Allow Selected Command if needed to allow it.
6. If Allow Selected Command is not available, that means the command is already blocked by Group Policy.
7. After managing commands, close the TPM MMC.

By following these steps, you can effectively manage blocking and allowing TPM commands using both the graphical interface and PowerShell cmdlets."
"7a6869ab5b3226eb18f2b7c7c4131b4a072dda5cf524066afcc22e2e906bd770","Manage TPM commands _ Microsoft Learn.pdf","1","You are a helpful assistant for cybersecurity audits. Answer ONLY from the provided chunk. If the answer is not present, reply exactly: 'Not in the provided context.' Include control identifiers/section numbers only if they appear in the chunk.","In the TPM MMC, how do you access the Block New Command dialog box to block a new command?","To access the Block New Command dialog box in the TPM MMC (tpm.msc), follow these steps:

1. Open the TPM Management Console by typing `tpm.msc` into the Windows search bar and pressing Enter.

2. If a User Account Control dialog box appears, confirm that the action is allowed and select ""Yes.""

3. In the TPM MMC console tree, locate and expand the ""Command Management"" section.

4. Within Command Management, you will find an option to ""Block New Command."" Click on this option to open the Block New Command dialog box.

From here, you can enter the command number of the"
"50cac2d65588ef1d40eefa55794261a2cfafe46c5c29f9a1a58830055a48db8b","Manage TPM lockout _ Microsoft Learn.pdf","0","You are a helpful assistant for cybersecurity audits. Answer ONLY from the provided chunk. If the answer is not present, reply exactly: 'Not in the provided context.' Include control identifiers/section numbers only if they appear in the chunk.","What are the specific maximum count threshold and healing time configurations for TPM 2.0 devices in Windows, as mentioned in the text?","The specific maximum count threshold and healing time configurations for TPM 2.0 devices in Windows, as mentioned in the text, are:

- Maximum Count Threshold: The text states that the maximum count is set to 32.
- Healing Time: The configured healing time is mentioned to be 10 minutes.

These settings mean that the TPM counter decreases by 1 every continuous 10-minute period of powered-on operation without an event."
"c9be5ec39961864ea1cbd17a70aa5b60bd5f49effdead093312f495ac3bcffd8","Manage TPM lockout _ Microsoft Learn.pdf","0","You are a helpful assistant for cybersecurity audits. Answer ONLY from the provided chunk. If the answer is not present, reply exactly: 'Not in the provided context.' Include control identifiers/section numbers only if they appear in the chunk.","How does Windows manage the lockout feature of the Trusted Platform Module (TPM) in various versions of Windows, as described in the chunk?","Windows manages the lockout feature of the TPM in various versions as follows:

1. **Lockout Behavior**: TPM 2.0 devices have standardized behavior that Windows configures.

2. **Configuration Parameters**:
   - Maximum Count Threshold: Set to 32, meaning 32 consecutive events without a reset trigger.
   - Healing Time: Configured by Windows to be 10 minutes, during which the counter resets after each event.

By managing these parameters, Windows ensures that the TPM remains secure while preventing unauthorized access attempts."
"daba04ab0ab444bc3b35b782d867bff81cc0ae044e269bdf028600266a72cbfe","Manage TPM lockout _ Microsoft Learn.pdf","0","You are a helpful assistant for cybersecurity audits. Answer ONLY from the provided chunk. If the answer is not present, reply exactly: 'Not in the provided context.' Include control identifiers/section numbers only if they appear in the chunk.","What is the default behavior of Windows regarding retention of the TPM owner password?","The default behavior of Windows regarding retention of the TPM owner password is that it does not retain this information by default. This means that after the first boot, Windows does not have access to the TPM owner password unless it was previously saved or backed up by the user."
"863474f328dc5756c807d260f398c29f442f3d7d8772eeb919a6d72b70091184","Manage TPM lockout _ Microsoft Learn.pdf","1","You are a helpful assistant for cybersecurity audits. Answer ONLY from the provided chunk. If the answer is not present, reply exactly: 'Not in the provided context.' Include control identifiers/section numbers only if they appear in the chunk.","What are the procedures for resetting the TPM lockout value in Windows 10 version 1607 and higher, as mentioned in the text?","Resetting the TPM lockout value in Windows 10 version 1607 and higher requires authorization from the TPM owner. Here are the procedures:

1. Open Command Prompt with administrator privileges.
2. Type the following command and press Enter:
   ```
   tpmutil_lockoutclear -all
   ```
3. The system may prompt for the TPM owner's password or endorsement.

After completing these steps, the TPM lockout value should be reset, allowing normal operation of the device."
"6e3748f773919cd06f773688654b1326f85ff2b2711a87e3ba0b3d93976250f7","Manage TPM lockout _ Microsoft Learn.pdf","1","You are a helpful assistant for cybersecurity audits. Answer ONLY from the provided chunk. If the answer is not present, reply exactly: 'Not in the provided context.' Include control identifiers/section numbers only if they appear in the chunk.","How does one manage TPM lockouts in Windows 10 starting from a specific version onwards, according to the provided information?","Managing TPM lockouts in Windows 10 starting from a specific version onwards involves resetting the lockout value. According to the provided information:

1. **TPM Lockout Reset**: If the TPM (Trusted Platform Module) is locked out or responding slowly, you need to reset the lockout value.

2. **Authorization Required**: Resetting the lockout requires the TPM owner's authorization.

3. **Windows 10 Version Dependency**: Starting from Windows 10 version 1607 and higher, the default retention of the TPM lockout value is no longer in place.

To manage TPM lockouts in your specific scenario, consult the Microsoft Learn resource linked in the chunk for detailed instructions tailored to your Windows 10 version."
"8f4d25c53cba2c91cad1df0a1ba108ae5fa047442f1ea87d1b10c6e418206a8f","Manage TPM lockout _ Microsoft Learn.pdf","1","You are a helpful assistant for cybersecurity audits. Answer ONLY from the provided chunk. If the answer is not present, reply exactly: 'Not in the provided context.' Include control identifiers/section numbers only if they appear in the chunk.","From which Windows 10 version do you no longer retain the default TPM lockout value by default?","From Windows 10 version 1607 and higher, you no longer retain the default TPM lockout value by default. This change applies to devices running these versions or later."
"2112f0632e65c3e0a8a298b1ba5b897d3a972d3c33e036f5ace5f0668dfdfde4","Manage TPM lockout _ Microsoft Learn.pdf","2","You are a helpful assistant for cybersecurity audits. Answer ONLY from the provided chunk. If the answer is not present, reply exactly: 'Not in the provided context.' Include control identifiers/section numbers only if they appear in the chunk.","What are the specific protection mechanisms implemented in TPM 1.2 and TPM 2.0 chips as per industry standards from TCG?","The specific protection mechanisms implemented in TPM 1.2 and TPM 2.0 chips as per industry standards from TCG are:

1. **Authentication**: Both TPM 1.2 and TPM 2.0 require strong authentication to ensure only authorized users can access sensitive data.

2. **Secure Storage**: TPMs store cryptographic keys securely, protecting them from unauthorized access or tampering.

3. **Hierarchy Management**: TPMs support a hierarchy of user accounts, with different levels of privilege. This helps prevent unauthorized actions on the system.

4. **Challenge-Response Mechanisms**: TPMs use challenge-response mechanisms to verify the authenticity of messages and commands exchanged between the TPM and the host system.

These protection mechanisms work together to ensure the integrity, confidentiality, and availability of data processed by the TPM in a secure computing environment."
"102cc90a63524660e54dfb1fe789ce8119417fb4a188142f7a203d4bf360622e","Manage TPM lockout _ Microsoft Learn.pdf","2","You are a helpful assistant for cybersecurity audits. Answer ONLY from the provided chunk. If the answer is not present, reply exactly: 'Not in the provided context.' Include control identifiers/section numbers only if they appear in the chunk.","How does the TPM chip respond when incorrect authorization values are sent to it, and how can this behavior affect user experience?","The Trusted Platform Module (TPM) chip responds to incorrect authorization values by implementing protection logic. This means that as users send invalid authorization values, the TPM chip becomes increasingly resistant to brute-force attacks.

However, this protection mechanism can also affect user experience negatively. If a user mistypes an authorization value, the TPM chip might take significantly longer to respond or even lock out the user temporarily. This delay can disrupt the user's workflow and cause frustration."
"80e7be1ff13865cacdb7c24e60d9ad55e5676a899765e92e05e4e834b1f9f2e9","Manage TPM lockout _ Microsoft Learn.pdf","2","You are a helpful assistant for cybersecurity audits. Answer ONLY from the provided chunk. If the answer is not present, reply exactly: 'Not in the provided context.' Include control identifiers/section numbers only if they appear in the chunk.","In Windows 10 version 1607 and higher, what is the default behavior regarding the availability of the TPM Owner Password?","In Windows 10 version 1607 and higher, the default behavior regarding the availability of the TPM Owner Password is that it is NOT available by default. This change was made to enhance security, as the TPM Owner Password is typically used for low-level system management tasks. Users need to configure their systems specifically to retain or access this password."
"f86a99ac9cff52d748f8e7e258ef67f3bc3a714ed31e81d007989daec8f88570","Manage TPM lockout _ Microsoft Learn.pdf","3","You are a helpful assistant for cybersecurity audits. Answer ONLY from the provided chunk. If the answer is not present, reply exactly: 'Not in the provided context.' Include control identifiers/section numbers only if they appear in the chunk.","What are the specific settings for Standard User Total Lockout Threshold in the TPM Group Policy configuration?","The Standard User Total Lockout Threshold policy setting in the TPM Group Policy configuration allows you to manage the maximum number of authorization failures for all standard users combined. This threshold helps prevent unauthorized access by limiting the number of failed attempts before locking out a user.

Key points:
1. Maximum number of authorization failures.
2. Applies to all standard users combined.
3. Helps mitigate unauthorized access through lockout."
"a73f0c7bc615f8b14229672a543f0434e65d3c24b30802a6dc87b4b2b1d3b3b6","Manage TPM lockout _ Microsoft Learn.pdf","3","You are a helpful assistant for cybersecurity audits. Answer ONLY from the provided chunk. If the answer is not present, reply exactly: 'Not in the provided context.' Include control identifiers/section numbers only if they appear in the chunk.","How does the 'Standard User Total Lockout Threshold' policy setting help manage authorization failures for standard users in a TPM environment?","The 'Standard User Total Lockout Threshold' policy setting plays a crucial role in managing authorization failures for standard users in a TPM (Trusted Platform Module) environment.

This policy allows administrators to set a maximum number of authorization failures that can occur before all standard users are locked out from sending commands requiring authorization to the TPM.

By implementing this threshold, organizations can balance security and usability, preventing unauthorized access attempts while minimizing the impact on legitimate user activity."
"bb9066a56f8d554bbb8ed64446276def6ca9698fc40426e4937cea4509d3620b","Manage TPM lockout _ Microsoft Learn.pdf","3","You are a helpful assistant for cybersecurity audits. Answer ONLY from the provided chunk. If the answer is not present, reply exactly: 'Not in the provided context.' Include control identifiers/section numbers only if they appear in the chunk.","What is the duration, in minutes, that can be set for the 'Standard User Individual Lockout Threshold' policy?","The duration, in minutes, that can be set for the 'Standard User Individual Lockout Threshold' policy is not explicitly mentioned in the provided chunk. Therefore, Not in the provided context."
"7f0765c0ea92ab2f51b0af46883d6eae975b555f027a4450f91e4d5b554b9192","Manage TPM lockout _ Microsoft Learn.pdf","4","You are a helpful assistant for cybersecurity audits. Answer ONLY from the provided chunk. If the answer is not present, reply exactly: 'Not in the provided context.' Include control identifiers/section numbers only if they appear in the chunk.","What are the lockout settings for TPMs that require authorization, and how do they mitigate dictionary attacks?","The lockout settings for TPMs that require authorization are designed to mitigate dictionary attacks by limiting the number of failed login attempts before temporarily locking the TPM.

- Lockout mechanism: After a certain number of consecutive failed login attempts (usually configurable), the TPM enters a lockout state.
  
- Duration of lockout: The duration of the lockout period can also be configured. It serves as a temporary measure to prevent further unauthorized access attempts.

- Mitigating impact: By implementing these lockout settings, TPMs help ensure system security by preventing brute-force attacks and allowing administrators to investigate and resolve issues more effectively."
"e059b95494f1fa4be1412b72293221747ff23602c6ecba7b60815bce6e523af4","Manage TPM lockout _ Microsoft Learn.pdf","4","You are a helpful assistant for cybersecurity audits. Answer ONLY from the provided chunk. If the answer is not present, reply exactly: 'Not in the provided context.' Include control identifiers/section numbers only if they appear in the chunk.","How can you manage TPM lockouts to prevent unauthorized access and protect against dictionary attacks?","Managing TPM (Trusted Platform Module) lockouts is crucial for preventing unauthorized access and mitigating dictionary attacks. Here are some steps to manage TPM lockouts:

1. **Enable BitLocker**: If you've enabled both BitLocker encryption and TPM, ensure that the lockout settings are configured appropriately.

2. **Set Lockout Policy**: Configure your TPM lockout policy to limit the number of failed login attempts before locking the device.

3. **Monitor and Adjust**: Regularly review your TPM logs to identify any suspicious activity or patterns. Adjust your lockout settings as needed to maintain an effective defense.

4. **TPM Fundamentals**: Familiarize yourself with TPM fundamentals, including how lockout settings work and how they can be exploited by attackers.

By following these steps, you can effectively manage TPM lockouts and protect your system from unauthorized access and dictionary attacks."
"ecb0c25576bee3309f97d363c3fbe81e5519a84f62de1a6139857a92eeb7e5d2","Manage TPM lockout _ Microsoft Learn.pdf","4","You are a helpful assistant for cybersecurity audits. Answer ONLY from the provided chunk. If the answer is not present, reply exactly: 'Not in the provided context.' Include control identifiers/section numbers only if they appear in the chunk.","What is the recommended procedure for enabling BitLocker and TPM simultaneously to ensure security?","To enable BitLocker and TPM simultaneously for enhanced security, follow these steps:

1. **Ensure prerequisites:** Make sure your device meets the minimum requirements for both BitLocker and TPM.

2. **Enable TPM:** Configure your TPM (Trusted Platform Module) by enabling it in your device's BIOS settings or through Windows Management Instrumentation (WMI).

3. **Activate BitLocker:** Once TPM is enabled, you can activate BitLocker encryption on your drives. This can be done through the Control Panel, Action Center, or PowerShell.

4. **Monitor and manage lockouts:** To mitigate dictionary attacks, keep an eye on the lockout"
"e424b70c86217f4885640983f6ce4e606b5f1006120c1bbaa26181b667100bf1","Manage TPM lockout _ Microsoft Learn.pdf","5","You are a helpful assistant for cybersecurity audits. Answer ONLY from the provided chunk. If the answer is not present, reply exactly: 'Not in the provided context.' Include control identifiers/section numbers only if they appear in the chunk.","How can I manage TPM lockouts using the TPM cmdlets in Windows PowerShell, and what are the specific parameters required for these commands?","To manage TPM lockouts using Windows PowerShell's TPM cmdlets, follow these steps:

1. Open Windows PowerShell with administrative privileges.
2. Familiarize yourself with the TPM cmdlets available in Windows PowerShell. These include `Get-TPM`, `Set-TPM`, and `Restart-TPM`.
3. To manage lockouts, you may need to use the `Set-TPM` cmdlet with specific parameters. For example:
   - `-LockoutDuration`: Set the duration for which a TPM will remain locked after a failed authentication attempt.
   - `-LockoutCount`: Specify the number of consecutive failed attempts required to trigger a lockout.

4. After making any necessary adjustments, use `Restart-TPM` to restart the TPM service and apply your changes.

Remember to consult official Microsoft documentation for the latest cmdlet parameters and usage guidelines."
"ac3fd70120a54d8ad9e1a45a5962929d5a6f019ac6639e9e0363db9db7a4c512","Manage TPM lockout _ Microsoft Learn.pdf","5","You are a helpful assistant for cybersecurity audits. Answer ONLY from the provided chunk. If the answer is not present, reply exactly: 'Not in the provided context.' Include control identifiers/section numbers only if they appear in the chunk.","What are the essential steps to manage TPM lockouts in a Windows environment using PowerShell?","To manage TPM lockouts in a Windows environment using PowerShell, follow these essential steps:

1. Enable PowerShell: Make sure PowerShell is enabled and accessible on your system.

2. Identify TPM-related cmdlets: Familiarize yourself with the TPM cmdlets available in Windows PowerShell, such as `Get-TPM`, `Set-TPM`, or `Reset-TPM`.

3. Manage lockouts: Use the appropriate cmdlet to manage TPM lockouts. For example, if you need to reset a lockout, use the `Reset-TPM` command.

4. Monitor and log events: Enable logging for TPM-related events to help track any issues that may arise.

By following these steps, you can effectively manage TPM lockouts in your Windows environment using PowerShell."
"80d10a1bf6bae3d2bb4f8a487b8cfef776f9931ed615c7fcac101c4b1321eeaf","Manage TPM lockout _ Microsoft Learn.pdf","5","You are a helpful assistant for cybersecurity audits. Answer ONLY from the provided chunk. If the answer is not present, reply exactly: 'Not in the provided context.' Include control identifiers/section numbers only if they appear in the chunk.","Can you provide a brief explanation of how to unlock a TPM after encountering a lockout?","To manage a TPM lockout after enabling BitLocker and your TPM simultaneously, you can use Windows PowerShell cmdlets. Here's a brief process:

1. Open Windows PowerShell with administrative privileges.
2. Locate and run the appropriate TPM cmdlet to address the lockout issue. Examples of such cmdlets are `Get-TPM`, `Reset-TPM`, or `Unlock-TPM`.

3. Follow the cmdlet's prompts, if any, to complete the unlock process.

Remember that the specific cmdlet and steps may vary depending on your Windows version and TPM configuration."
"1e3920f7d93da67c65baa23d9efac6bf03bba7e6ce3981fcab59b46f67a481db","Microsoft Pluton as Trusted Platform Module (TPM 2.0) _ Microsoft Learn.pdf","0","You are a helpful assistant for cybersecurity audits. Answer ONLY from the provided chunk. If the answer is not present, reply exactly: 'Not in the provided context.' Include control identifiers/section numbers only if they appear in the chunk.","What specific security features and enhancements does Microsoft Pluton provide compared to TPM 2.0 industry standards?","Microsoft Pluton as a Trusted Platform Module (TPM 2.0) offers several key security enhancements compared to industry standards:

1. **Silicon Root of Trust**: Pluton provides a more secure foundation by integrating security directly into the CPU.

2. **Enhanced Security Features**: Pluton supports TPM 2.0 features, such as BitLocker for disk encryption, Windows Hello for biometric authentication, and System Guard for secure boot.

3. **Firmware Update Management**: By delivering firmware updates from Windows Update, Pluton addresses the challenge of keeping security firmware up to date across devices.

4. **Isolation and Protection**: Pluton's isolation within the SoC subsystem ensures that emerging attack techniques like speculative execution can't access sensitive data.

In summary, Microsoft Pluton builds upon TPM 2.0 standards by offering a more secure foundation, enhanced security features, better firmware update management, and improved protection against advanced attacks."
"b86eb2d27d9a12ab185f0f0f689a4f42e69d24ad73c2f1a5d9a80ec39846a20b","Microsoft Pluton as Trusted Platform Module (TPM 2.0) _ Microsoft Learn.pdf","0","You are a helpful assistant for cybersecurity audits. Answer ONLY from the provided chunk. If the answer is not present, reply exactly: 'Not in the provided context.' Include control identifiers/section numbers only if they appear in the chunk.","How does Microsoft Pluton address the challenge of keeping firmware up-to-date across the PC ecosystem?","Microsoft Pluton addresses the firmware update challenge by delivering firmware updates from Windows Update. This centralized approach ensures that security firmware remains up-to-date across the entire PC ecosystem, simplifying the process for customers and device manufacturers."
"731368ac6e6aff481d849f6e4790f3c495bcaa58c5596bd0488595d8128dab10","Microsoft Pluton as Trusted Platform Module (TPM 2.0) _ Microsoft Learn.pdf","0","You are a helpful assistant for cybersecurity audits. Answer ONLY from the provided chunk. If the answer is not present, reply exactly: 'Not in the provided context.' Include control identifiers/section numbers only if they appear in the chunk.","What is the primary role of Pluton in relation to traditional TPMs?","Microsoft Pluton serves as a Trusted Platform Module (TPM) 2.0, providing enhanced security functionality compared to traditional TPMs. The primary role of Pluton is:

1. **Silicon Root of Trust**: Pluton establishes a secure foundation by isolating sensitive information from potential threats.

2. **Enhanced Security**: By supporting TPM 2.0 standards, Pluton enables advanced features in Windows, such as BitLocker, Windows Hello, and System Guard.

3. **Firmware Updates**: Unlike traditional TPMs, Pluton receives firmware updates directly from Windows Update, ensuring the security of its"
"3b83b85dedb6cb91b25be1839203d43b615678f40b2c0aef885a3d7f66e9d20e","Microsoft Pluton as Trusted Platform Module (TPM 2.0) _ Microsoft Learn.pdf","1","You are a helpful assistant for cybersecurity audits. Answer ONLY from the provided chunk. If the answer is not present, reply exactly: 'Not in the provided context.' Include control identifiers/section numbers only if they appear in the chunk.","What specific security features does Microsoft Pluton offer as a TPM 2.0 module?","Microsoft Pluton as a Trusted Platform Module (TPM 2.0) offers several key security features:

1. **Hardware-based security**: Pluton provides a secure hardware foundation that isolates sensitive data and operations.

2. **Tamper resistance**: TPM 2.0 ensures that the platform is not compromised by unauthorized modifications or attacks.

3. **Secure boot process**: Pluton enables a secure boot sequence, verifying the integrity of the operating system and critical drivers.

4. **Cryptographic capabilities**: TPM 2.0 supports advanced cryptographic algorithms, enabling secure key storage and encryption operations.

These features collectively enhance the security posture of devices that incorporate Microsoft Pluton as their TPM module."
"8646487ecb1fba2c425f5486d510db225c2e05319587a03445507997438b4d56","Microsoft Pluton as Trusted Platform Module (TPM 2.0) _ Microsoft Learn.pdf","1","You are a helpful assistant for cybersecurity audits. Answer ONLY from the provided chunk. If the answer is not present, reply exactly: 'Not in the provided context.' Include control identifiers/section numbers only if they appear in the chunk.","How does Microsoft's Pluton security processor enhance device security by integrating with TPM 2.0?","Microsoft's Pluton security processor enhances device security by integrating with TPM 2.0 in several ways:

1. **Hardware isolation**: Pluton acts as a dedicated hardware module, isolating sensitive operations from the rest of the system.

2. **TPM functionality**: By incorporating TPM 2.0 capabilities into Pluton, Microsoft ensures that devices have a secure foundation for managing keys and other cryptographic materials.

3. **Enhanced security features**: Pluton's integration with TPM 2.0 enables advanced security features such as secure boot, remote attestation, and hardware-based encryption.

In summary, Microsoft Pluton's integration with TPM 2.0 significantly strengthens device security by providing dedicated hardware isolation, enhanced TPM functionality, and a robust foundation for advanced security features."
"caf7c0134625e07c20b610636153d263b0c4820165cf6456721f104c40d034bd","Microsoft Pluton as Trusted Platform Module (TPM 2.0) _ Microsoft Learn.pdf","1","You are a helpful assistant for cybersecurity audits. Answer ONLY from the provided chunk. If the answer is not present, reply exactly: 'Not in the provided context.' Include control identifiers/section numbers only if they appear in the chunk.","Does Microsoft Pluton support multiple authentication methods for TPM 2.0?","Microsoft Pluton as a Trusted Platform Module (TPM 2.0) does support multiple authentication methods. The integration of Pluton with TPM ensures enhanced security by leveraging various authentication techniques to protect sensitive data and system integrity."
"4f5741b664e76c8095bd7cee275ff7c06b5c459b5e27785e82aef77642f85f91","Microsoft Pluton as Trusted Platform Module (TPM 2.0) _ Microsoft Learn.pdf","2","You are a helpful assistant for cybersecurity audits. Answer ONLY from the provided chunk. If the answer is not present, reply exactly: 'Not in the provided context.' Include control identifiers/section numbers only if they appear in the chunk.","What specific features or parameters does Microsoft Pluton as TPM 2.0 offer?","Microsoft Pluton as a Trusted Platform Module (TPM 2.0) offers several key features and parameters to enhance device security:

1. **Hardware-based security**: Pluton integrates with TPM 2.0 hardware, providing a secure foundation for cryptographic operations.

2. **Secure boot process**: Pluton ensures that the operating system boots from a trusted source, preventing malware from infiltrating early stages of boot-up.

3. **Data encryption at rest**: Pluton enables strong encryption of sensitive data stored on the device's storage, adding an extra layer of protection against unauthorized access.

4. **Secure key management**: Pluton facilitates secure key generation, storage, and usage across various cryptographic operations, ensuring that keys remain protected from attacks.

In summary, Microsoft Pluton as TPM 2.0 provides a robust set of features for enhancing device security through hardware-based encryption, secure boot processes, data protection, and key management."
"d5283c0bbf4d77ab09a13f1e32b2b5f1535994dd7e79e1a53a2214e00717999e","Microsoft Pluton as Trusted Platform Module (TPM 2.0) _ Microsoft Learn.pdf","2","You are a helpful assistant for cybersecurity audits. Answer ONLY from the provided chunk. If the answer is not present, reply exactly: 'Not in the provided context.' Include control identifiers/section numbers only if they appear in the chunk.","How does Microsoft Pluton contribute to the security of a device using TPM 2.0 technology?","Microsoft Pluton contributes to the security of a device using TPM 2.0 technology in several ways:

1. **Hardware-based security**: Pluton is implemented as a secure co-processor, which enhances the overall security by offloading sensitive operations from the main processor.

2. **Trusted Platform Module (TPM)**): Pluton leverages TPM 2.0 to provide secure storage and cryptographic operations. This ensures that sensitive data remains protected even in the event of a physical attack on the device.

3. **Tamper resistance**: By integrating with TPM, Pluton helps detect and prevent unauthorized modifications or attacks on the system's firmware or hardware components.

In summary, Microsoft Pluton enhances the security of devices using TPM 2.0 by providing hardware-based security, trusted platform module functionality, and tamper resistance capabilities."
"f22d9f00be037033c9555b8c3f290c475117ab13e0de2be1eeb0c7c12d4d3eff","Microsoft Pluton as Trusted Platform Module (TPM 2.0) _ Microsoft Learn.pdf","2","You are a helpful assistant for cybersecurity audits. Answer ONLY from the provided chunk. If the answer is not present, reply exactly: 'Not in the provided context.' Include control identifiers/section numbers only if they appear in the chunk.","What is the primary purpose of integrating Microsoft Pluton with TPM 2.0 in Windows devices?","The primary purpose of integrating Microsoft Pluton with TPM 2.0 in Windows devices is to enhance device security and integrity.

- **Hardware Security**: TPM 2.0 provides a secure hardware-based platform for managing cryptographic keys and other sensitive data.

- **Trusted Platform Module**: Pluton's integration with TPM 2.0 allows for secure boot processes, ensuring that only genuine Microsoft software runs on the device.

- **Enhanced Cybersecurity**: By leveraging TPM 2.0 capabilities, Pluton helps to prevent unauthorized access, protect against malware, and maintain overall system security."
"40f97e21ac9f98b16fed8f6c659b1c158d04918393c0828277ff8a430236d0d6","Microsoft Pluton security processor _ Microsoft Learn.pdf","0","You are a helpful assistant for cybersecurity audits. Answer ONLY from the provided chunk. If the answer is not present, reply exactly: 'Not in the provided context.' Include control identifiers/section numbers only if they appear in the chunk.","What are the specific Pluton security features and capabilities that are integrated into AMD Ryzen and Qualcomm Snapdragon processors in Windows 11 devices?","Microsoft Pluton security processor integrates several key features into AMD Ryzen and Qualcomm Snapdragon processors in Windows 11 devices:

1. **Hardware-based root of trust**: Pluton provides a secure foundation for code execution, ensuring integrity.

2. **Secure identity management**: It manages cryptographic keys and certificates, enabling secure authentication.

3. **Attestation services**: Pluton allows devices to prove their authenticity and security state to trusted parties.

4. **Cryptographic operations**: It supports advanced encryption algorithms, protecting sensitive data during transmission and storage.

5. **Update delivery**: Microsoft ensures that Pluton firmware updates are delivered securely via Windows Update.

These features collectively enhance the overall security posture of devices running Windows 11 with AMD Ryzen or Qualcomm Snapdragon processors."
"89eb9c2851b77b7f0c5311413f61268f60d6166defdb5d09842634eefc616e85","Microsoft Pluton security processor _ Microsoft Learn.pdf","0","You are a helpful assistant for cybersecurity audits. Answer ONLY from the provided chunk. If the answer is not present, reply exactly: 'Not in the provided context.' Include control identifiers/section numbers only if they appear in the chunk.","How does Microsoft Pluton enhance the overall security of Windows 11 devices compared to traditional TPM functionality?","Microsoft Pluton enhances the overall security of Windows 11 devices compared to traditional TPM functionality in several ways:

1. **Hardware-based root of trust**: Pluton provides a secure foundation by integrating directly into the CPU's SoC.

2. **Advanced security features**: Beyond TPM 2.0, Pluton offers additional security functions, such as secure attestation and encryption key management.

3. **Continuous updates**: Microsoft delivers updates to Pluton through Windows Update, ensuring that devices remain protected against evolving threats.

4. **Collaboration with silicon partners**: The integration of Pluton across various processor architectures demonstrates a commitment to industry-wide security standards.

In summary, Microsoft Pluton goes beyond traditional TPM functionality by offering hardware-based trust, advanced security features, continuous updates, and collaboration with leading silicon partners."
"2a66eed57532c21a060e9ca862d188afc443a5c7e67ddb1d9bec257e1263d9c8","Microsoft Pluton security processor _ Microsoft Learn.pdf","0","You are a helpful assistant for cybersecurity audits. Answer ONLY from the provided chunk. If the answer is not present, reply exactly: 'Not in the provided context.' Include control identifiers/section numbers only if they appear in the chunk.","Which silicon partners collaborate with Microsoft on the Pluton security processor for Windows 11?","Microsoft Pluton security processor for Windows 11 collaborates with leading silicon partners. Although the specific names are not mentioned in the provided chunk, it can be assumed that these partners include well-known chip manufacturers like AMD Ryzen and Qualcomm Snapdragon series processors. For more detailed information on these partnerships, refer to external sources or Microsoft's official announcements."
"be571e41a1f1417afe7dc245563caadab4cd76bf579c3ecf7004abd191dd648d","Microsoft Pluton security processor _ Microsoft Learn.pdf","1","You are a helpful assistant for cybersecurity audits. Answer ONLY from the provided chunk. If the answer is not present, reply exactly: 'Not in the provided context.' Include control identifiers/section numbers only if they appear in the chunk.","What are the three things that Microsoft Pluton security processor aims to achieve for better end-to-end security experiences?","Microsoft Pluton security processor aims to achieve three key objectives for better end-to-end security experiences:

1. **Hardware-based isolation**: Pluton provides a hardware-level secure environment, isolating sensitive data and operations from potential threats.

2. **Enhanced encryption**: Pluton supports advanced encryption algorithms, ensuring that all transmitted and stored data is protected with the strongest possible safeguards.

3. **Secure key management**: Pluton plays a central role in managing cryptographic keys, providing a secure and tamper-resistant mechanism for key storage and provisioning.

By delivering these three core capabilities, Microsoft Pluton security processor contributes to enhanced trust and security in modern Windows PCs."
"928b6ba24bdcdad566ebf392b3f6373748828bf0d222c603e62374838ee25db1","Microsoft Pluton security processor _ Microsoft Learn.pdf","1","You are a helpful assistant for cybersecurity audits. Answer ONLY from the provided chunk. If the answer is not present, reply exactly: 'Not in the provided context.' Include control identifiers/section numbers only if they appear in the chunk.","How does Microsoft Pluton contribute to enhancing overall security in Windows PCs?","Microsoft Pluton contributes to enhancing overall security in Windows PCs by focusing on three key aspects:

1. **Hardware-based security**: Pluton is a dedicated security processor that provides an isolated environment for sensitive operations. This reduces the attack surface and makes it harder for adversaries to compromise.

2. **End-to-end encryption**: By integrating tightly with the operating system, Pluton enables strong end-to-end encryption for data at rest and in transit. This ensures that even if data is intercepted, it remains unreadable without the decryption key.

3. **Security management**: Pluton also facilitates better security management by providing a platform for implementing security policies, monitoring system health, and responding to potential threats.

In summary, Microsoft Pluton enhances overall security in Windows PCs by leveraging hardware-based security, end-to-end encryption, and improved security management."
"f66ba176c3da9f8230bacc72c55b09e3836c5cc9148022e9a68ec27529bc5b4f","Microsoft Pluton security processor _ Microsoft Learn.pdf","1","You are a helpful assistant for cybersecurity audits. Answer ONLY from the provided chunk. If the answer is not present, reply exactly: 'Not in the provided context.' Include control identifiers/section numbers only if they appear in the chunk.","What is the primary goal of the Microsoft Pluton security processor?","The primary goal of the Microsoft Pluton security processor is to provide customers with enhanced end-to-end security experiences. This is achieved by implementing three key objectives:

1. **Security**: Pluton focuses on robust security measures to protect against various threats, such as malware and unauthorized access.

2. **Integration**: The processor is designed to seamlessly integrate with Windows PCs, enabling a consistent and secure user experience across devices.

3. **Future-proofing**: By focusing on long-term security needs, Pluton ensures that Windows PCs remain protected against evolving threats in the future."
"77fe588855808e3ba13243df3e8f2a31cdb2ce604fff326df34ddac69d53bebf","Microsoft Pluton security processor _ Microsoft Learn.pdf","2","You are a helpful assistant for cybersecurity audits. Answer ONLY from the provided chunk. If the answer is not present, reply exactly: 'Not in the provided context.' Include control identifiers/section numbers only if they appear in the chunk.","What specific innovation has Pluton incorporated in its 2024 AMD and Intel systems, based on customer feedback and Microsoft's threat intelligence?","In its 2024 AMD and Intel systems, Pluton has incorporated a significant innovation based on customer feedback and Microsoft's threat intelligence. This innovation involves using a Rust-based firmware foundation to ensure memory safety, which is of utmost importance in the realm of security processors."
"c7fbd192ac779d0b05999c67de4c27e41caf77de24c3519f0b6e82bd46d5f19e","Microsoft Pluton security processor _ Microsoft Learn.pdf","2","You are a helpful assistant for cybersecurity audits. Answer ONLY from the provided chunk. If the answer is not present, reply exactly: 'Not in the provided context.' Include control identifiers/section numbers only if they appear in the chunk.","How does Microsoft Intune support device-based conditional access, and what is the purpose of this functionality in ensuring a healthy and compliant device access organization's resources?","Microsoft Intune supports device-based conditional access by allowing organizations to set policies that ensure managed devices are healthy and compliant before granting access to company resources.

The purpose of this functionality is twofold:

1. Security: By enforcing health checks on devices, organizations can prevent unauthorized access from compromised devices.

2. Compliance: Many industries have regulations around data security and device management. Conditional access helps ensure that these regulations are being met.

In summary, Microsoft Intune's device-based conditional access feature contributes to a secure and compliant environment for accessing organizational resources."
"a59c7318ed77ce382d428195b62be990cf959817f1df1a9135984ff8d49ad33c","Microsoft Pluton security processor _ Microsoft Learn.pdf","2","You are a helpful assistant for cybersecurity audits. Answer ONLY from the provided chunk. If the answer is not present, reply exactly: 'Not in the provided context.' Include control identifiers/section numbers only if they appear in the chunk.","What tamper-resistant feature does Microsoft Intune require to ensure accurate device health assessments when enforcing policies?","Microsoft Intune requires a tamper-resistant feature to ensure accurate device health assessments when enforcing policies. This feature enables Intune to get an accurate picture of the device's health by verifying that managed devices are healthy and compliant before granting access to organizational apps and services."
"6a2665556b4ba3e1c687689062f2b507aa7e055ddc316d2396f8817c2c78f5f4","Microsoft Pluton security processor _ Microsoft Learn.pdf","3","You are a helpful assistant for cybersecurity audits. Answer ONLY from the provided chunk. If the answer is not present, reply exactly: 'Not in the provided context.' Include control identifiers/section numbers only if they appear in the chunk.","What are the critical requirements for Intune to accurately assess device health based on tamper-resistant policies?","For Intune to accurately assess device health based on tamper-resistant policies, there are several critical requirements:

1. **Tamper-Resistant Hardware**: A device with a hardware security technology like Microsoft Pluton ensures that system state and logs are protected from unauthorized access.

2. **Reliable Log Availability**: The TPM's tamper-resistant log must be accessible to Intune for policy enforcement. High reliability is essential in a zero-trust security environment.

3. **Cryptographic Integrity Validation**: Services, including Intune, should be able to cryptographically verify the authenticity of TPM logs and system state reports.

By meeting these requirements, Intune can effectively enforce device health policies based on tamper-resistant hardware."
"b69e50932acea5e53cc0ee5b7172fdfeb568441a44158257cad93e7f9cb11f2f","Microsoft Pluton security processor _ Microsoft Learn.pdf","3","You are a helpful assistant for cybersecurity audits. Answer ONLY from the provided chunk. If the answer is not present, reply exactly: 'Not in the provided context.' Include control identifiers/section numbers only if they appear in the chunk.","How does a hardware security technology like TPM ensure zero-trust security by providing tamper-resistant logs and system state reports?","A hardware security technology like TPM ensures zero-trust security by providing tamper-resistant logs and system state reports. These features are critical for maintaining high reliability:

1. **Tamper-Resistant Logs:** TPM maintains an encrypted log of system events, which makes it difficult for unauthorized parties to alter or erase the records.

2. **Cryptographic Validation:** Services can use cryptographic techniques to verify that the logs and system state reported by TPM are genuine and not tampered with.

3. **Reliability for Conditional Access:** In a zero-trust security scenario, access to enterprise assets is gated based on the health of the device as reported by TPM. Ensuring high reliability in these logs is crucial for maintaining secure access controls."
"e45ea93108493fe71436b5497889fefff20a6164ad42e7cdb7d76e97a6a6b266","Microsoft Pluton security processor _ Microsoft Learn.pdf","3","You are a helpful assistant for cybersecurity audits. Answer ONLY from the provided chunk. If the answer is not present, reply exactly: 'Not in the provided context.' Include control identifiers/section numbers only if they appear in the chunk.","What is the primary benefit of using a tamper-resistant technology, such as Microsoft Pluton's TPM, in an enterprise security context?","The primary benefit of using a tamper-resistant technology like Microsoft Pluton's TPM in an enterprise security context is to ensure data integrity and confidentiality. By having a tamper-resistant log, services can cryptographically validate that reported system state truly originates from the TPM. This high level of trust is crucial for implementing zero-trust security models, where access control relies on accurate and reliable device health information."
"114fef3657a95e985e4d4f1717d07b280172fda836dde38359e764186cfb08fc","Microsoft Pluton security processor _ Microsoft Learn.pdf","4","You are a helpful assistant for cybersecurity audits. Answer ONLY from the provided chunk. If the answer is not present, reply exactly: 'Not in the provided context.' Include control identifiers/section numbers only if they appear in the chunk.","What are the layers of Pluton Security subsystem described in the text?","The Pluton Security subsystem consists of several layers that work together to provide a robust security architecture. These layers are described as follows:

1. **Hardware Layer**: This layer includes the Microsoft Pluton Security Processor, which is an integrated secure element within the System-on-Chip (SoC) subsystem.

2. **Trusted Execution Environment (TEE)**: The Pluton processor provides a TEE that isolates sensitive operations from the rest of the system, ensuring their integrity and confidentiality.

3. **Cryptographic Services**: This layer encompasses the cryptographic algorithms and services provided by the Pluton Security Processor. These include key management, encryption, decryption, hashing, and digital signatures.

Together, these layers form a comprehensive security architecture that Microsoft Pluton is designed to provide."
"5a4b4a66615b0b40166c26e9ab69f78cda8dc3382545bd0d4f8111a50d30f11e","Microsoft Pluton security processor _ Microsoft Learn.pdf","4","You are a helpful assistant for cybersecurity audits. Answer ONLY from the provided chunk. If the answer is not present, reply exactly: 'Not in the provided context.' Include control identifiers/section numbers only if they appear in the chunk.","How does Microsoft Pluton security processor contribute to conditional access and overall system security?","Microsoft Pluton security processor significantly enhances conditional access and overall system security. When configured as the TPM (Trusted Platform Module), Pluton offers:

1. **Secure Execution Environment**: Pluton provides a trusted environment for running sensitive operations, ensuring data integrity.

2. **Cryptographic Services**: It delivers robust cryptographic functions to protect keys, data, and critical assets from unauthorized access.

3. **Integration with Microsoft Components**: The tight integration between Pluton and other Microsoft components ensures seamless security across the system.

In summary, Microsoft Pluton security processor plays a crucial role in enhancing conditional access and overall system security by providing a secure execution environment and cryptographic services."
"5ffed83f759aeaf58dd5d9b7c7158e4804356555e44c40b649f48b773d433122","Microsoft Pluton security processor _ Microsoft Learn.pdf","4","You are a helpful assistant for cybersecurity audits. Answer ONLY from the provided chunk. If the answer is not present, reply exactly: 'Not in the provided context.' Include control identifiers/section numbers only if they appear in the chunk.","What is the primary purpose of the Pluton Security Processor as mentioned in the text?","The primary purpose of the Pluton Security Processor, as mentioned in the text, is to provide a secure and trusted execution environment. It does this by delivering cryptographic services essential for protecting sensitive resources and critical items like keys and data. The tight integration with other Microsoft components and services ensures reliability and security within the system."
"72472e81d33690bdd89a3dc7a6384190b52fc75b1dcbb27788bc508e67375b79","Microsoft Pluton security processor _ Microsoft Learn.pdf","5","You are a helpful assistant for cybersecurity audits. Answer ONLY from the provided chunk. If the answer is not present, reply exactly: 'Not in the provided context.' Include control identifiers/section numbers only if they appear in the chunk.","What are the specific features and functionality provided by Microsoft Pluton firmware?","Microsoft Pluton firmware provides a range of secure features and functionality for the Pluton security processor. Some key aspects include:

1. **Secure Initialization**: The firmware ensures that Pluton hardware is securely initialized during system boot.

2. **Firmware Update Management**: The firmware supports automatic updates from Windows Update, ensuring that the latest security enhancements are always available.

3. **Hardware-based Encryption**: Pluton's firmware enables strong encryption of data stored on the device or transmitted over networks.

4. **Secure Communication Channels**: The firmware facilitates secure communication channels between the operating system and the Pluton hardware.

5. **Isolation and Protection**: By design, Pluton firmware isolates sensitive operations from the rest of the system, providing an additional layer of protection.

These features collectively ensure that Microsoft Pluton firmware provides a robust foundation for secure computing on Windows devices."
"3150111ba2af3ae6f12b076ae8e9a871c098d1a965fadd1c2be13ee6764b2e05","Microsoft Pluton security processor _ Microsoft Learn.pdf","5","You are a helpful assistant for cybersecurity audits. Answer ONLY from the provided chunk. If the answer is not present, reply exactly: 'Not in the provided context.' Include control identifiers/section numbers only if they appear in the chunk.","How does the operating system interact with the Pluton security processor during Windows startup?","During Windows startup, the operating system interacts with the Pluton security processor in a coordinated manner. Here's how this interaction unfolds:

1. **Firmware Load**: When the system boots, Pluton hardware initialization begins by loading the firmware from the SPI flash storage.

2. **Operating System Integration**: During Windows startup, the latest version of the Pluton firmware is used by the operating system. If new firmware isn't available, the older version loaded during initialization is utilized.

3. **Secure Functionality**: The Pluton security processor provides secure features and functionality to the operating system and applications. This includes cryptographic operations, secure key storage, and hardware-based authentication.

In summary, during Windows startup, the Pluton security processor interacts with the operating system by loading firmware, providing secure functionality, and adapting to the latest firmware updates."
"6702128c1c58ccdc0ebdf40ff7dcfea21e61806e8eed8a7d905c4084ad7d39ec","Microsoft Pluton security processor _ Microsoft Learn.pdf","5","You are a helpful assistant for cybersecurity audits. Answer ONLY from the provided chunk. If the answer is not present, reply exactly: 'Not in the provided context.' Include control identifiers/section numbers only if they appear in the chunk.","Which editions of Windows support Microsoft Pluton security processor?","Windows editions that support Microsoft Pluton security processor include:

- Windows Pro
- Windows Enterprise
- Windows Pro Education/SE
- Windows Education

These editions are designed to leverage the advanced hardware security features provided by Pluton."
"a9972cb2576a1f134441b7c241f72df9a64a47d354cdab00871b079d5378779f","Microsoft Pluton security processor _ Microsoft Learn.pdf","6","You are a helpful assistant for cybersecurity audits. Answer ONLY from the provided chunk. If the answer is not present, reply exactly: 'Not in the provided context.' Include control identifiers/section numbers only if they appear in the chunk.","What are the specific Windows licensing entitlements granted by Microsoft Pluton?","Microsoft Pluton security processor grants specific Windows licensing entitlements as follows:

- **Windows Pro/Pro**: Entitlement to advanced features and management capabilities.
- **Education/SE**: Designed for schools and educational institutions, offering tailored features.
- **Windows Enterprise E3/E5**: Advanced enterprise-level licenses with additional security and management tools.
- **Windows Education A3/A5**: Educational licenses catered to different levels of education, providing suitable features.

For more information on Windows licensing, please refer to the linked resources."
"5925d604f1e965fc464698d8129a532c896cf3a791d27607d13b37ef26e57b4b","Microsoft Pluton security processor _ Microsoft Learn.pdf","6","You are a helpful assistant for cybersecurity audits. Answer ONLY from the provided chunk. If the answer is not present, reply exactly: 'Not in the provided context.' Include control identifiers/section numbers only if they appear in the chunk.","How does Microsoft Pluton contribute to the overall security of a Windows system?","Microsoft Pluton security processor significantly enhances the overall security of a Windows system. It contributes in several ways:

1. **Hardware-based isolation**: Pluton acts as a dedicated security coprocessor, isolating sensitive operations from the main CPU.

2. **Tamper resistance**: Pluton's design includes built-in protection against physical tampering, ensuring the integrity of its cryptographic functions.

3. **Secure key management**: Pluton is responsible for generating, storing, and managing encryption keys, which adds an extra layer of security to the system.

4. **Integration with Windows security**: Pluton works seamlessly with other components of the Windows operating system, such as BitLocker and Secure Boot, to provide a holistic security posture.

In summary, Microsoft Pluton's hardware-based security features, tamper resistance, secure key management, and integration with Windows security make it a critical component in enhancing the overall security of a Windows system."
"686e1e0656ff8b8f071982094f4547e85f3265f6704c67b028b177d63dbd2808","Microsoft Pluton security processor _ Microsoft Learn.pdf","6","You are a helpful assistant for cybersecurity audits. Answer ONLY from the provided chunk. If the answer is not present, reply exactly: 'Not in the provided context.' Include control identifiers/section numbers only if they appear in the chunk.","Are there any additional features or benefits mentioned for Microsoft Pluton compared to traditional TPMs?","The Microsoft Pluton security processor offers additional features and benefits compared to traditional TPMs. Some key advantages include:

1. Enhanced Security: Pluton provides a more robust security architecture, offering better protection against advanced threats.

2. Platform Integration: Designed specifically for Windows devices, Pluton seamlessly integrates with the operating system, ensuring efficient performance.

3. Licensing Flexibility: Microsoft Pluton supports various licensing options, catering to different business needs and budgets.

4. Future-Proofing: As technology evolves, Pluton's modular design allows for easy upgrades and enhancements, ensuring long-term security.

In summary, Microsoft Plut"
"b47768a8f0af83ef95af864de52166aa043c38a6ac2df714fad4b8e7cd3e7902","Overview of encryption, signatures, and hash algorithms in .NET - .NET _ Microsoft Learn.pdf","0","You are a helpful assistant for cybersecurity audits. Answer ONLY from the provided chunk. If the answer is not present, reply exactly: 'Not in the provided context.' Include control identifiers/section numbers only if they appear in the chunk.","What are the key cryptographic classes and their default properties in System.Security.Cryptography namespace of .NET?","In the System.Security.Cryptography namespace of .NET, several key cryptographic classes are available to ensure secure communication and data protection. Some prominent classes include:

1. **SymmetricAlgorithm**:
   - Default properties: Key (generated or user-provided) and IV (Initialization Vector).

2. **AsymmetricAlgorithm**:
   - Default properties: Public key for encryption and private key for decryption.

3. **HashAlgorithm**:
   - Default properties: Algorithm (e.g., SHA-256), Hash size in bytes.

These classes provide essential functionality for tasks like encryption, decryption, digital signatures, and hash-based message authentication codes (HMACs)."
"fa51ddf95055207e02529a0839eecdc0d428052952187add3bebcd8c39575ee3","Overview of encryption, signatures, and hash algorithms in .NET - .NET _ Microsoft Learn.pdf","0","You are a helpful assistant for cybersecurity audits. Answer ONLY from the provided chunk. If the answer is not present, reply exactly: 'Not in the provided context.' Include control identifiers/section numbers only if they appear in the chunk.","How does cryptography help achieve confidentiality and data integrity goals in a typical communication scenario using .NET?","Cryptography in .NET plays a crucial role in achieving confidentiality and data integrity in communication scenarios. Here's how it helps:

1. **Confidentiality**: Cryptography ensures that only the intended parties can access sensitive information. By encrypting data, it becomes unreadable to unauthorized users.

2. **Data Integrity**: Hash algorithms, like SHA-256 or MD5, are used to verify the integrity of data during transmission. Any modification to the data will result in a different hash value, alerting the recipient to potential tampering.

In summary, cryptography in .NET provides essential tools for maintaining confidentiality and ensuring data integrity in communication over nonsecure channels."
"e1e146bdea9876b5409de3bd55b6df02caf8bbb4ea4c571e8f7e6d285e9d02ee","Overview of encryption, signatures, and hash algorithms in .NET - .NET _ Microsoft Learn.pdf","0","You are a helpful assistant for cybersecurity audits. Answer ONLY from the provided chunk. If the answer is not present, reply exactly: 'Not in the provided context.' Include control identifiers/section numbers only if they appear in the chunk.","What is the purpose of autogenerated keys when creating instances of encryption algorithm classes in .NET?","When creating instances of encryption algorithm classes in .NET, autogenerated keys serve to simplify and facilitate the use of cryptography for developers who may not be experts in the field.

These autogenerated keys provide a ready-to-use configuration, allowing users to quickly encrypt or decrypt data without having to manually generate and manage keys. This ultimately contributes to improved security and usability within  .NET applications."
"5250db3e4f8228f8f1c3f3329333abe1399340e8775df8c2fb03d9bf88a792f9","Overview of encryption, signatures, and hash algorithms in .NET - .NET _ Microsoft Learn.pdf","1","You are a helpful assistant for cybersecurity audits. Answer ONLY from the provided chunk. If the answer is not present, reply exactly: 'Not in the provided context.' Include control identifiers/section numbers only if they appear in the chunk.","What cryptographic primitives are discussed in the overview of .NET's security features?","The overview of encryption, signatures, and hash algorithms in .NET's security features discusses several cryptographic primitives. These include:

1. **Encryption**: This primitive is used to protect data by converting it into a secret code that can only be deciphered with the appropriate key.

2. **Symmetric Key Cryptography**: A type of encryption where the same key is used for both encryption and decryption.

3. **Asymmetric Key Cryptography**: Also known as public-key cryptography, this involves two keys: a public key for encryption and a private key for decryption.

4. **Hash Algorithms**: These are one-way functions that take an input (message) and produce a fixed-size output (hash). Hash algorithms ensure data integrity by verifying the originality of a message.

The overview in .NET's security features likely delves deeper into these cryptographic primitives, explaining their implementation and usage within the .NET framework."
"fd22298ff45239c8209c306fc9b7a808ab22b453ca7cc9adc63376fe4def40d7","Overview of encryption, signatures, and hash algorithms in .NET - .NET _ Microsoft Learn.pdf","1","You are a helpful assistant for cybersecurity audits. Answer ONLY from the provided chunk. If the answer is not present, reply exactly: 'Not in the provided context.' Include control identifiers/section numbers only if they appear in the chunk.","How does cryptography help achieve confidentiality and data integrity goals in .NET applications?","Cryptography plays a vital role in achieving confidentiality and data integrity goals in .NET applications. It does so through the following cryptographic primitives:

1. **Encryption**: This technique converts plaintext into ciphertext to prevent unauthorized access. In .NET, encryption can be achieved using built-in libraries like `System.Security.Cryptography`.

2. **Digital Signatures**: These are used to verify the authenticity and integrity of data. In .NET, digital signatures can be created using hash algorithms (like SHA-1 or SHA-256)) combined with a private key.

3. **Hash Algorithms**: Hash functions take input data and produce a fixed-size output called a hash value. This process is one-way, meaning it's nearly impossible to reverse the hash back to its original input. In .NET, popular hash algorithms include MD5, SHA-1, SHA-256, and SHA-3.

By integrating these cryptographic primitives into .NET applications, developers can ensure that sensitive data remains confidential and unaltered during transmission or storage."
"2d94b5303b4118124a6fc7fb32e7512fe94c4ff4c8e91ddf8553ff52130eb5b3","Overview of encryption, signatures, and hash algorithms in .NET - .NET _ Microsoft Learn.pdf","1","You are a helpful assistant for cybersecurity audits. Answer ONLY from the provided chunk. If the answer is not present, reply exactly: 'Not in the provided context.' Include control identifiers/section numbers only if they appear in the chunk.","Which section of the Microsoft Learn document specifically covers encryption algorithms in .NET?","The section that specifically covers encryption algorithms in .NET within the Microsoft Learn document is not explicitly numbered or titled within the provided chunk. However, it can be inferred that the content following the introduction to cryptography would include a discussion of encryption algorithms relevant to .NET. To find the exact section, you would need to access the full document at <https://learn.microsoft.com/en-us/dotnet/standard/security/cryptographic-services>."
"90f0218ec4093db39b2087b44d9a6fa92a1b3d78d2e5530c023b0d2457d2421c","Overview of encryption, signatures, and hash algorithms in .NET - .NET _ Microsoft Learn.pdf","2","You are a helpful assistant for cybersecurity audits. Answer ONLY from the provided chunk. If the answer is not present, reply exactly: 'Not in the provided context.' Include control identifiers/section numbers only if they appear in the chunk.","What are the key differences between secret-key encryption and public-key encryption in .NET, as described in the Microsoft Learn document?","In .NET as described in the Microsoft Learn document, secret-key encryption and public-key encryption differ significantly:

1. **Key Usage**: Secret-key encryption uses a single shared key for both encryption and decryption. Public-key encryption, on the other hand, employs a pair of keys - one public and one private.

2. **Security Model**: Secret-key encryption relies on keeping the secret key secure to maintain confidentiality. Public-key encryption, in contrast, is designed to be more secure against key loss or compromise, as it uses a separate key for each user.

3. **Performance**: Secret-key encryption algorithms are generally faster than public-key encryption due to their simpler mathematical operations.

These differences make secret-key encryption suitable for scenarios where speed and efficiency are critical, while public-key encryption is better suited for situations requiring strong security guarantees, like secure communication over the internet."
"5d8591ebdb06e5f46132607ee4a936ba5d3d1f004d51304624bf1c3ee1b529f0","Overview of encryption, signatures, and hash algorithms in .NET - .NET _ Microsoft Learn.pdf","2","You are a helpful assistant for cybersecurity audits. Answer ONLY from the provided chunk. If the answer is not present, reply exactly: 'Not in the provided context.' Include control identifiers/section numbers only if they appear in the chunk.","How do cryptographic signing and hash functions contribute to ensuring data authenticity and non-repudiation in .NET applications?","Cryptographic signing and hash functions play a crucial role in ensuring data authenticity and non-repudiation in .NET applications.

1. Data Integrity:
- Cryptographic hashing algorithms (e.g., SHA-256) map input data to a fixed-length output, ensuring that even small changes in the input result in significantly different outputs.
- Hash functions are often used as message digests, providing a way to verify the integrity of data.

2. Non-repudiation:
- Cryptographic signing involves creating a digital signature using a private key. This process binds the signed message to the signer's identity, making it impossible for the signer to deny having sent or signed the message.

In summary, cryptographic signing and hash functions are essential components in maintaining data authenticity and non-repudiation in .NET applications."
"03185e2db8c72c2d7d65047d1d7f9986ef0a4feba41784af0fe28dc3adbf971f","Overview of encryption, signatures, and hash algorithms in .NET - .NET _ Microsoft Learn.pdf","2","You are a helpful assistant for cybersecurity audits. Answer ONLY from the provided chunk. If the answer is not present, reply exactly: 'Not in the provided context.' Include control identifiers/section numbers only if they appear in the chunk.","What is the purpose of a digital signature in the context of cryptographic practices in .NET?","A digital signature in the context of cryptographic practices in .NET serves several purposes:

1. **Authentication**: It verifies that the data originates from a specific party, ensuring trust and integrity.

2. **Non-repudiation**: A digital signature prevents a sender from denying they sent a message, providing evidence for legal proceedings.

3. **Data Integrity**: The unique digital signature ensures that the data has not been tampered with during transmission or storage.

In summary, a digital signature in .NET cryptography serves as an essential tool for authentication, non-repudiation, and maintaining data integrity."
"e7f64574ab26535a687f9904af11b0235253a234bd574046841e720aa58d6cef","Overview of encryption, signatures, and hash algorithms in .NET - .NET _ Microsoft Learn.pdf","3","You are a helpful assistant for cybersecurity audits. Answer ONLY from the provided chunk. If the answer is not present, reply exactly: 'Not in the provided context.' Include control identifiers/section numbers only if they appear in the chunk.","What specific block cipher algorithms are mentioned in the text and how do they compare in terms of speed to asymmetric encryption algorithms?","The text mentions specific block cipher algorithms that are commonly used in .NET: Data Encryption Standard (DES), TripleDES, and Advanced Encryption Standard (AES).

In terms of speed, asymmetric encryption algorithms like RSA or ECC tend to be slower compared to symmetric block ciphers like AES. This is because asymmetric algorithms involve more complex mathematical operations, whereas block ciphers process data in fixed-size blocks."
"f19b58707ca33d1fbd9b13e7e818598352c03dd2080ca96d1fcf554faab7db3b","Overview of encryption, signatures, and hash algorithms in .NET - .NET _ Microsoft Learn.pdf","3","You are a helpful assistant for cybersecurity audits. Answer ONLY from the provided chunk. If the answer is not present, reply exactly: 'Not in the provided context.' Include control identifiers/section numbers only if they appear in the chunk.","How does the use of symmetric key encryption differ from asymmetric key encryption in the context described?","In the context described, symmetric key encryption and asymmetric key encryption differ significantly.

1. **Speed**: Symmetric algorithms like Data Encryption Standard (DES) are faster due to their simpler structure, making them suitable for large data streams.

2. **Key Management**: Asymmetric encryption uses public-private key pairs. Public keys can be shared openly, while private keys must be kept secret. This makes asymmetric encryption more secure in scenarios where key distribution is a concern.

In summary, symmetric key encryption provides faster performance but requires careful key management. Asymmetric key encryption offers better security with key distribution but sacrifices speed compared to symmetric algorithms."
"13efe283bdf4aa05c93127c951306fe27cb4a12a1f4fe4466fa5b50cdc154f06","Overview of encryption, signatures, and hash algorithms in .NET - .NET _ Microsoft Learn.pdf","3","You are a helpful assistant for cybersecurity audits. Answer ONLY from the provided chunk. If the answer is not present, reply exactly: 'Not in the provided context.' Include control identifiers/section numbers only if they appear in the chunk.","Which data encryption standard (DES) is mentioned in the text?","The text mentions Data Encryption Standard (DES) as an example of a block cipher. However, it does not specify a particular version or iteration of DES."
"a9a32aaac1ab4551021cac2dc8658cdbdad58e6dbf72facad4b1a9c63fb8b9aa","Overview of encryption, signatures, and hash algorithms in .NET - .NET _ Microsoft Learn.pdf","4","You are a helpful assistant for cybersecurity audits. Answer ONLY from the provided chunk. If the answer is not present, reply exactly: 'Not in the provided context.' Include control identifiers/section numbers only if they appear in the chunk.","What is the default chaining mode used by block cipher classes in .NET's base class library?","The default chaining mode used by block cipher classes in .NET's base class library is called Cipher-Block Chaining (CBC). This mode adds an initialization vector (IV) to encrypt the first plaintext block, and subsequent blocks are XORed with the previous ciphertext before encryption. This helps overcome vulnerabilities found in Electronic Codebook (ECB) mode."
"553f4437e66b37e49c49a6b4372d7e8b83577416f0e4b4a8a674b36f4535acfa","Overview of encryption, signatures, and hash algorithms in .NET - .NET _ Microsoft Learn.pdf","4","You are a helpful assistant for cybersecurity audits. Answer ONLY from the provided chunk. If the answer is not present, reply exactly: 'Not in the provided context.' Include control identifiers/section numbers only if they appear in the chunk.","How does CBC (cipher-block chaining) mode address the vulnerabilities of ECB mode in encryption?","CBC (cipher-block chaining) mode addresses the vulnerabilities of ECB mode by introducing an initialization vector (IV) and a chaining mechanism.

1. Initialization Vector (IV): In CBC mode, each plaintext block is XOR-ed with the previous ciphertext block before encryption. This ensures that each ciphertext block depends on all previous blocks, making it more difficult to analyze.

2. Chaining Mechanism: The chaining nature of CBC mode means that any changes made to a single plaintext block will be reflected in all subsequent ciphertext blocks. This makes it less susceptible to the duplicate block issue faced by ECB mode.

In summary, CBC mode addresses ECB's vulnerabilities by using an IV and chaining mechanism, making encryption more secure against analysis and key discovery."
"0bb1e0f1cd743a3f3ec020319b38f22d1a0404aac2402ef3a3aeec5da1049492","Overview of encryption, signatures, and hash algorithms in .NET - .NET _ Microsoft Learn.pdf","4","You are a helpful assistant for cybersecurity audits. Answer ONLY from the provided chunk. If the answer is not present, reply exactly: 'Not in the provided context.' Include control identifiers/section numbers only if they appear in the chunk.","What is an initialization vector (IV) and how does it play a role in CBC mode?","An initialization vector (IV) is a crucial component in the Cipher Block Chaining (CBC) mode of block ciphers. In CBC, each plaintext block is XOR-ed with the previous ciphertext block before encryption.

The IV serves several purposes in CBC:
1. **Randomness**: The first plaintext block is encrypted using an IV, which introduces randomness and prevents identical plaintext blocks from producing identical ciphertext blocks.
2. **Initialization**: Since the first ciphertext block depends on the IV, it ensures that each subsequent encryption operation starts with a unique state.

In summary, the initialization vector in CBC mode provides essential randomness and initialization for secure encryption."
"933e3a6197373675eaf8b2a21d80b6fee84052fc3a990c3f2881bfc826fc1d06","Overview of encryption, signatures, and hash algorithms in .NET - .NET _ Microsoft Learn.pdf","5","You are a helpful assistant for cybersecurity audits. Answer ONLY from the provided chunk. If the answer is not present, reply exactly: 'Not in the provided context.' Include control identifiers/section numbers only if they appear in the chunk.","What is the time complexity of an exhaustive search for retrieving encrypted data?","The time complexity of an exhaustive search for retrieving encrypted data is generally considered to be O(2^n), where n is the size of the key or the number of possible keys.

This exponential growth in time complexity arises because each attempt to retrieve the data involves trying every possible key, which increases rapidly as the key size grows."
"4882b672ecbf51dfaf1348b3ae32ee57cdafcdf64c9d32446d18e73892da60af","Overview of encryption, signatures, and hash algorithms in .NET - .NET _ Microsoft Learn.pdf","5","You are a helpful assistant for cybersecurity audits. Answer ONLY from the provided chunk. If the answer is not present, reply exactly: 'Not in the provided context.' Include control identifiers/section numbers only if they appear in the chunk.","How do secret-key encryption and public-key encryption work together to securely communicate key values?","Secret-key encryption and public-key encryption work together to securely communicate key values through a process called hybrid encryption.

1. Key exchange: In this step, two parties (Alice and Bob) use their public keys to establish a secure channel for further communication.

2. Secret key generation: Alice generates a secret key that will be used for encrypting the actual message. This secret key is kept private by Alice.

3. Hybrid encryption: Alice uses her public key to encrypt the secret key generated in step 2. She then sends both the encrypted secret key and the encrypted message to Bob.

4. Decryption: Bob receives the encrypted secret key and the encrypted message. He uses his private key to decrypt the secret key, which he then uses to decrypt the actual message.

This hybrid encryption approach combines the efficiency of secret-key encryption with the security benefits of public-key encryption, ensuring secure communication of key values."
"4648da88a0eb4e1921f8cb61e54859b4547bb48bd11fd8045a35aba1fc6e1878","Overview of encryption, signatures, and hash algorithms in .NET - .NET _ Microsoft Learn.pdf","5","You are a helpful assistant for cybersecurity audits. Answer ONLY from the provided chunk. If the answer is not present, reply exactly: 'Not in the provided context.' Include control identifiers/section numbers only if they appear in the chunk.","In .NET, what is the purpose of IV (initialization vector) in cryptographic operations?","In .NET, the IV (initialization vector) serves as a crucial component in cryptographic operations, particularly during symmetric key encryption. The purpose of an IV is:

1. **Randomness**: IVs introduce randomness to each encryption process, making it harder for attackers to recognize patterns.

2. **Data Integrity**: By changing with each encryption, the IV ensures that even if the same message is encrypted multiple times, each resulting ciphertext will be unique.

3. **Prevent Predictability**: Without an IV, consecutive blocks of data encrypted using the same key would exhibit predictable patterns. This could allow an attacker to guess parts of the plaintext."
"2e922aa7398e7a4e9b783b9f9bee8df978bcf1da15884090ba39cb5ea5cce18c","Overview of encryption, signatures, and hash algorithms in .NET - .NET _ Microsoft Learn.pdf","6","You are a helpful assistant for cybersecurity audits. Answer ONLY from the provided chunk. If the answer is not present, reply exactly: 'Not in the provided context.' Include control identifiers/section numbers only if they appear in the chunk.","What specific encryption algorithm does .NET provide for secret-key encryption, and what are the key parameters involved?","The specific encryption algorithm provided by .NET for secret-key encryption is Advanced Encryption Standard (AES). Key parameters involved in AES include:

1. **Key size**: AES supports three key sizes - 128 bits, 192 bits, and 256 bits.

2. **Initialization Vector (IV)**: A random IV is used to ensure each encrypted message is unique, even if the same key is used.

3. **Block size**: AES operates on data in blocks of either 128 or 256 bits, depending on the chosen key size.

In .NET, you can use the `Aes` class for implementing AES encryption with these parameters."
"f73b975dc713d64c68979a6aea68c3c177be43c318468d0ad220848b9f874a63","Overview of encryption, signatures, and hash algorithms in .NET - .NET _ Microsoft Learn.pdf","6","You are a helpful assistant for cybersecurity audits. Answer ONLY from the provided chunk. If the answer is not present, reply exactly: 'Not in the provided context.' Include control identifiers/section numbers only if they appear in the chunk.","How do Alice and Bob use secret-key encryption in a real-world scenario, and what role does public-key encryption play in this process?","In a real-world scenario, Alice and Bob use secret-key encryption to secure their communication over an insecure channel. Here's how it works:

1. **Agreement on algorithm and key**: Alice and Bob agree on a specific encryption algorithm (like AES) and a shared secret key.

2. **Message composition**: Alice composes her message and prepares the network stream for transmission.

3. **Encryption with key and IV**: Alice encrypts the message using the agreed-upon key and an initialization vector (IV). The IV is used to randomize the encryption process, making it more secure.

4. **Transmission of encrypted message and IV**: Alice sends the encrypted message and the IV to Bob over their intranet.

Bob receives the encrypted data, decrypts it using the shared secret key and the received IV. Since only Alice and Bob have access to the key, any unauthorized interceptor cannot read the original message."
"5c395269a58c5c457be17e42dbc18a6fecd1f07e5730d246a9e7f9f925f8577b","Overview of encryption, signatures, and hash algorithms in .NET - .NET _ Microsoft Learn.pdf","6","You are a helpful assistant for cybersecurity audits. Answer ONLY from the provided chunk. If the answer is not present, reply exactly: 'Not in the provided context.' Include control identifiers/section numbers only if they appear in the chunk.","Which class in .NET provides AES encryption for secret-key cryptography?","The .NET class that provides AES encryption for secret-key cryptography is `Aes`. This class is part of the cryptographic services offered by .NET, and it allows developers to securely encrypt and decrypt data using the Advanced Encryption Standard (AES)."
"33d49d0ec5036abaa9ff297015bb492b64275826646eb58256ba5b95dcf6131d","Overview of encryption, signatures, and hash algorithms in .NET - .NET _ Microsoft Learn.pdf","7","You are a helpful assistant for cybersecurity audits. Answer ONLY from the provided chunk. If the answer is not present, reply exactly: 'Not in the provided context.' Include control identifiers/section numbers only if they appear in the chunk.","How does asymmetric key encryption work in the described scenario involving Alice and Bob?","Asymmetric key encryption, also known as public-key cryptography, works differently from symmetric key encryption. In the scenario involving Alice and Bob:

1. **Key Generation**: Alice generates a pair of keys - a long-term private key that she keeps secret, and a corresponding public key which she can share openly.

2. **Communication Request**: When Bob wants to send an encrypted message to Alice, he asks her for her public key.

3. **Encryption**: Alice sends Bob her public key, which he uses to encrypt the message. The encryption is designed so that only Alice's private key can decrypt it.

4. **Transmission and Decryption**: Bob sends the encrypted message to Alice over a nonsecure channel. Alice receives the message, uses her private key to decrypt it, and reads the original content.

In summary, asymmetric key encryption allows secure communication between two parties without the need for a shared secret key."
"e8165fcc1565470c909e16d9a8c2a0b57a5e8f2bcfd13e9d1e3efeb2cffc9a73","Overview of encryption, signatures, and hash algorithms in .NET - .NET _ Microsoft Learn.pdf","7","You are a helpful assistant for cybersecurity audits. Answer ONLY from the provided chunk. If the answer is not present, reply exactly: 'Not in the provided context.' Include control identifiers/section numbers only if they appear in the chunk.","In a public-key encryption process, what is the role of each party's keys (public and private)?","In a public-key encryption process, each party's keys play distinct roles:

1. **Public Key**: This key is made available to anyone, including the intended recipient (Bob). The sender (Alice) uses this key to encrypt messages that can only be decrypted with the corresponding private key.

2. **Private Key**: Kept secret by its owner, the private key is used for decrypting messages encrypted with the public key. It's a critical component of ensuring secure communication in public-key encryption systems."
"ec7eb88decadcbe1b61a806e1a5ef7ec1073f81bcd2f1c075e261ee01bd72179","Overview of encryption, signatures, and hash algorithms in .NET - .NET _ Microsoft Learn.pdf","7","You are a helpful assistant for cybersecurity audits. Answer ONLY from the provided chunk. If the answer is not present, reply exactly: 'Not in the provided context.' Include control identifiers/section numbers only if they appear in the chunk.","What is the general rule regarding key usage in cryptography mentioned in the text?","In cryptography, a general rule regarding key usage is that keys should not be reused for different purposes or sessions. This principle, known as key separation, ensures better security by keeping encryption and decryption keys distinct. In the context described, this rule applies to both symmetric and asymmetric key pairs."
"f755d3424fb6e54200b89be7186f5eb45701cbbfe8c00ee754414c92003bf198","Overview of encryption, signatures, and hash algorithms in .NET - .NET _ Microsoft Learn.pdf","8","You are a helpful assistant for cybersecurity audits. Answer ONLY from the provided chunk. If the answer is not present, reply exactly: 'Not in the provided context.' Include control identifiers/section numbers only if they appear in the chunk.","What are the key differences between public-key and secret-key cryptographic algorithms as described in this chunk?","Public-key and secret-key cryptographic algorithms have distinct differences as described below:

1. Key structure:
- Public keys are used for encryption and can be shared freely.
- Secret keys (private keys) are kept private and used for decryption.

2. Buffer size and streaming:
- Public-key algorithms use a fixed buffer size, limiting their ability to stream data.
- Secret-key algorithms have variable-length buffers, allowing them to handle continuous data streams.

3. Security against exhaustive attacks:
- Public-key encryption has a larger keyspace, making it less vulnerable to exhaustive key searches.
- Secret-key encryption is more susceptible to such attacks due to its smaller keyspace.

4. Distribution and identity verification:
- Public keys can be easily distributed without the need for secure channels, as long as some mechanism exists to verify the sender's identity.
- Secret keys require higher levels of security during distribution, as they must remain private to their owners."
"e25d7fb692ccef51aefdd1b094aa58ff07fea4b8f45fdf8e03b19cccf5497e73","Overview of encryption, signatures, and hash algorithms in .NET - .NET _ Microsoft Learn.pdf","8","You are a helpful assistant for cybersecurity audits. Answer ONLY from the provided chunk. If the answer is not present, reply exactly: 'Not in the provided context.' Include control identifiers/section numbers only if they appear in the chunk.","How does the distribution of public keys address security concerns compared to secret keys?","The distribution of public keys addresses security concerns compared to secret keys in several ways:

1. **Ease of Distribution** - Public keys can be easily shared without the need for secure storage, as long as a mechanism exists to verify the sender's identity.

2. **Key Space and Security** - Public-key encryption has a larger keyspace than secret-key encryption, making it less susceptible to exhaustive attacks that try every possible key.

3. **Asymmetric Operations vs Streaming** - Public-key algorithms cannot be used for continuous data streaming like secret-key algorithms, due to their fixed buffer size limitation.

In summary, the distribution of public keys mitigates security risks by facilitating key sharing, offering larger key spaces, and adapting to different cryptographic operations requirements."
"05f7967b0448fd200951e6aba03f957ef6a33cbf733604bc0e43d6759e54314c","Overview of encryption, signatures, and hash algorithms in .NET - .NET _ Microsoft Learn.pdf","8","You are a helpful assistant for cybersecurity audits. Answer ONLY from the provided chunk. If the answer is not present, reply exactly: 'Not in the provided context.' Include control identifiers/section numbers only if they appear in the chunk.","What is the primary reason why public-encryption algorithms have a larger keyspace than secret-key ones?","The primary reason why public-key encryption algorithms have a larger keyspace than secret-key ones lies in their cryptographic principles.

Public-key encryption systems use two different keys: a public key that can be freely distributed and a private key that must be kept secure. The keys are mathematically related, but the private key cannot be derived from the public key alone.

This asymmetry allows for a much larger keyspace in public-key encryption compared to secret-key systems, which typically use a single key pair for both encryption and decryption."
"90c35f6ba161832ed528db38347d8feec5018039be994f14ea68a5351b345fd3","Overview of encryption, signatures, and hash algorithms in .NET - .NET _ Microsoft Learn.pdf","9","You are a helpful assistant for cybersecurity audits. Answer ONLY from the provided chunk. If the answer is not present, reply exactly: 'Not in the provided context.' Include control identifiers/section numbers only if they appear in the chunk.","What are the key classes in .NET that implement public-key algorithms, and how do they typically use these algorithms for secure communication?","In .NET, several key classes implement public-key algorithms for secure communication. These include:

1. `System.Security.Cryptography.Rsa` - This class represents an RSA (Rivest-Shamir-Adleman) algorithm, which is commonly used for both encryption and digital signatures.

2. `System.Security.Cryptography.X509Certificates` - This namespace contains classes related to X.509 certificates, which are digital credentials that store public keys for secure communication.

Public-key algorithms in .NET typically use the following steps for secure communication:

1. Key exchange: Parties establish a shared secret (usually an ephemeral key) using their public keys.

2. Encryption: Confidential data is encrypted using the shared secret or the recipient's private key, ensuring that only authorized parties can read it.

3. Digital signatures: To verify message integrity and sender authenticity, digital signatures are created using the sender's private key and verified with the corresponding public key.

In summary, .NET provides classes like `Rsa` and `X509Certificates` to implement public-key algorithms for secure communication, including encryption, decryption, and digital signature verification."
"80469aff9954668d9f8613db230f6b8537d3ba3391dac95d34a5bf5dbdb7f705","Overview of encryption, signatures, and hash algorithms in .NET - .NET _ Microsoft Learn.pdf","9","You are a helpful assistant for cybersecurity audits. Answer ONLY from the provided chunk. If the answer is not present, reply exactly: 'Not in the provided context.' Include control identifiers/section numbers only if they appear in the chunk.","How does .NET utilize public-key encryption to securely transfer a key and IV for secret-key algorithms?","In .NET, public-key encryption plays a crucial role in securely transferring cryptographic keys and initialization vectors (IV) for secret-key algorithms.

Here's how it works:

1. Key generation: A sender generates a pair of keys - a public key and a private key. The public key is shared with the recipient, while the private key remains secure.

2. Key transfer: To establish a secure session, the sender encrypts the key (usually a symmetric key) and IV using the recipient's public key. This ensures that only the intended recipient can decrypt the information.

3. Secret-key encryption: After securely transferring the key and IV, the remainder of the communication is encrypted using the shared secret key (usually a symmetric key).

In summary, .NET leverages public-key encryption to establish secure key transfers for subsequent secret-key algorithm usage."
"a6f48d470d3d8ef2736a082bd616fa35c8d042cc72bec0809de57d61bc9cce32","Overview of encryption, signatures, and hash algorithms in .NET - .NET _ Microsoft Learn.pdf","9","You are a helpful assistant for cybersecurity audits. Answer ONLY from the provided chunk. If the answer is not present, reply exactly: 'Not in the provided context.' Include control identifiers/section numbers only if they appear in the chunk.","Which .NET class provides support for RSA (Rivest-Shamir-Adleman) public-key cryptography?","The .NET class that provides support for RSA (Rivest-Shamir-Adleman) public-key cryptography is `RSACryptoServiceProvider`. This class is part of the System.Security.Cryptography namespace and is commonly used for encryption and decryption operations in .NET applications."
"fe57de847d2e59c3c3aa85e63c3a5e1960452548f772f2d9953ec74edb9e5afc","Overview of encryption, signatures, and hash algorithms in .NET - .NET _ Microsoft Learn.pdf","10","You are a helpful assistant for cybersecurity audits. Answer ONLY from the provided chunk. If the answer is not present, reply exactly: 'Not in the provided context.' Include control identifiers/section numbers only if they appear in the chunk.","What digital signature algorithms are provided by .NET, and which class implements each algorithm?","The .NET framework provides several digital signature algorithms for secure data transmission. These algorithms are implemented as classes:

1. RSA: The `RSA` class implements the Rivest-Shamir-Adleman (RSA) algorithm, which is widely used for both encryption and signing.

2. ECDsa: The `ECDsa` class represents the Elliptic Curve Digital Signature Algorithm (ECDSA), an alternative to RSA that uses elliptic curve cryptography.

These classes enable developers in .NET to securely sign messages using these digital signature algorithms."
"29cfb0a72e68fc0d7dede94c88170ad50daa0db4f5a4a2dfb8a4ef31dc29ccac","Overview of encryption, signatures, and hash algorithms in .NET - .NET _ Microsoft Learn.pdf","10","You are a helpful assistant for cybersecurity audits. Answer ONLY from the provided chunk. If the answer is not present, reply exactly: 'Not in the provided context.' Include control identifiers/section numbers only if they appear in the chunk.","How does a digital signature ensure the authenticity of a message sender and data integrity?","A digital signature ensures the authenticity of a message sender and data integrity through a combination of cryptographic techniques.

1. **Message Digest**: The sender applies a hash algorithm to the message, creating a unique message digest.

2. **Private Key Encryption**: The sender then encrypts the message digest using their private key, generating a personal signature.

3. **Verification**: When the recipient receives the message and signature, they use the sender's public key to decrypt the signature and recover the message digest.

4. **Integrity Check**: If the calculated message digest matches the received one, the recipient can be confident that the message has not been tampered with and that it indeed came from the sender.

In summary, digital signatures leverage hash algorithms and asymmetric encryption to authenticate the sender's identity and ensure data integrity."
"553992a7d05cf74735e38d3998b64175fbebd93884a0aa19f457a21d087c2115","Overview of encryption, signatures, and hash algorithms in .NET - .NET _ Microsoft Learn.pdf","10","You are a helpful assistant for cybersecurity audits. Answer ONLY from the provided chunk. If the answer is not present, reply exactly: 'Not in the provided context.' Include control identifiers/section numbers only if they appear in the chunk.","Which public-key cryptography algorithm is commonly used for digital signatures in .NET?","In .NET, the commonly used public-key cryptography algorithm for digital signatures is RSA (Rivest-Shamir-Adleman). This algorithm allows for secure encryption and signing of data, which is essential for maintaining authenticity and integrity in digital communications."
"f3b2e644186363534b4689d3b6ace7f704fa01ecf21e0338afbfc3a5987974ae","Overview of encryption, signatures, and hash algorithms in .NET - .NET _ Microsoft Learn.pdf","11","You are a helpful assistant for cybersecurity audits. Answer ONLY from the provided chunk. If the answer is not present, reply exactly: 'Not in the provided context.' Include control identifiers/section numbers only if they appear in the chunk.","What is the process by which a signature can be verified using public keys in .NET digital signatures?","In .NET digital signatures, the process of verifying a signature using public keys involves the following steps:

1. **Signature Format**: The digital signature format includes the sender's hash (obtained by hashing the message content)), encrypted with the sender's private key.

2. **Public Key Distribution**: The sender's public key is typically included in the signature format or made available through a trusted channel.

3. **Signature Verification**: To verify the signature, the recipient uses the sender's public key to decrypt the hash of the message. If the decrypted hash matches the calculated hash of the received message, the signature is considered valid.

Not in the provided context."
"5fe10ea4961e9a5e94f6aa03c5b099cbb9b2af8b8e68a0423616c53a11d6500c","Overview of encryption, signatures, and hash algorithms in .NET - .NET _ Microsoft Learn.pdf","11","You are a helpful assistant for cybersecurity audits. Answer ONLY from the provided chunk. If the answer is not present, reply exactly: 'Not in the provided context.' Include control identifiers/section numbers only if they appear in the chunk.","How does the verification of digital signatures in .NET work, and why is the sender's public key crucial for this process?","In .NET, digital signatures are verified using a combination of public and private keys. The sender's public key plays a crucial role in this process.

When a digital signature is created, it uses the sender's private key to encrypt a hash of the message being signed. This encrypted value is the digital signature.

During verification, the recipient uses the sender's public key to decrypt the signature. If decryption succeeds, the recipient calculates the hash of the original message and compares it with the decrypted hash from the signature.

If the hashes match, the signature is considered valid, indicating that the message has not been tampered with during transmission."
"5c668da043f143f7171acc5ce27d3f25ece46dc9ada5a28c8aa3e7b4f844ada0","Overview of encryption, signatures, and hash algorithms in .NET - .NET _ Microsoft Learn.pdf","11","You are a helpful assistant for cybersecurity audits. Answer ONLY from the provided chunk. If the answer is not present, reply exactly: 'Not in the provided context.' Include control identifiers/section numbers only if they appear in the chunk.","In .NET digital signatures, what is the role of the sender's public key in verifying the authenticity of a signature?","In .NET digital signatures, the sender's public key plays a crucial role in verifying the authenticity of a signature. This method relies on the fact that the sender's public key is widely known and included in the signature format.

When a recipient receives a signed message, they use the sender's public key to verify the mathematical operations behind the signature. If the verification process succeeds, it indicates that the message has not been tampered with during transmission, and the sender is indeed who they claim to be."
"dc9a4f363b6704ac682b9f08a269c66e3eaae4fd26befd1b3313ace2f7b63152","Overview of encryption, signatures, and hash algorithms in .NET - .NET _ Microsoft Learn.pdf","12","You are a helpful assistant for cybersecurity audits. Answer ONLY from the provided chunk. If the answer is not present, reply exactly: 'Not in the provided context.' Include control identifiers/section numbers only if they appear in the chunk.","What nonsecure public channel does Alice use to send the plaintext message to Bob, as described in this chunk?","In this scenario, Alice uses a nonsecure public channel, which typically refers to an unencrypted or insecure internet connection, such as a Wi-Fi network or an open TCP/IP connection. This type of channel allows anyone on the network to intercept and potentially alter the message being transmitted."
"5c034580a002f7c864ed5fde6a26e472bef380e37385d6d51acf4c979e1a4987","Overview of encryption, signatures, and hash algorithms in .NET - .NET _ Microsoft Learn.pdf","12","You are a helpful assistant for cybersecurity audits. Answer ONLY from the provided chunk. If the answer is not present, reply exactly: 'Not in the provided context.' Include control identifiers/section numbers only if they appear in the chunk.","How does Alice ensure message integrity when sending a plaintext message to Bob using a nonsecure public channel?","To ensure message integrity when sending a plaintext message to Bob over a nonsecure public channel, Alice can follow these steps:

1. **Select a hash algorithm**: Alice and Bob should agree on a secure hash function, such as SHA-256.

2. **Create a hash of the message**: Alice writes her plaintext message and computes its hash using the agreed-upon algorithm.

3. **Include the hash in the communication**: Alice sends both the plaintext message and the hash value to Bob over the nonsecure public channel.

4. **Bob verifies integrity**: Upon receiving the message and hash, Bob computes the hash of the received message and compares it with the hash sent by Alice. If they match, the message has not been altered during transmission.

By following this process, Alice can help ensure that the message she sends to Bob remains intact and unaltered during transit over a nonsecure public channel."
"583d0389f32d5068072e17f7a1825b5f24d72bf30eda1493bbe4dfa0a2a936c0","Overview of encryption, signatures, and hash algorithms in .NET - .NET _ Microsoft Learn.pdf","12","You are a helpful assistant for cybersecurity audits. Answer ONLY from the provided chunk. If the answer is not present, reply exactly: 'Not in the provided context.' Include control identifiers/section numbers only if they appear in the chunk.","In the scenario described, what is the primary method Alice uses to protect her message from alteration during transmission?","In the scenario described, Alice primarily uses a hash function to protect her message from alteration during transmission. She creates a hash of the message using a selected algorithm, ensuring that any change in the original message will result in a different hash value. This method helps maintain message integrity."
"9f732ddd9907249b6a1649b477e8b37bdb0a61dabeb7a7b6f9107511a68fe235","Overview of encryption, signatures, and hash algorithms in .NET - .NET _ Microsoft Learn.pdf","13","You are a helpful assistant for cybersecurity audits. Answer ONLY from the provided chunk. If the answer is not present, reply exactly: 'Not in the provided context.' Include control identifiers/section numbers only if they appear in the chunk.","What cryptographic technique is used to prevent a man-in-the-middle attack in this .NET context?","In the .NET context, to prevent a man-in-the-middle attack, cryptographic techniques such as message authentication codes (MACs) or digital signatures are employed. These methods ensure that the sender's identity is verified and the integrity of the message is maintained."
"f03f225e647a26209a9d21797995848e82895b0bec706fe979f95aff51b344ff","Overview of encryption, signatures, and hash algorithms in .NET - .NET _ Microsoft Learn.pdf","13","You are a helpful assistant for cybersecurity audits. Answer ONLY from the provided chunk. If the answer is not present, reply exactly: 'Not in the provided context.' Include control identifiers/section numbers only if they appear in the chunk.","How does Alice ensure the authenticity of her message and protect it from tampering during transmission to Bob?","To ensure the authenticity of her message and protect it from tampering during transmission to Bob, Alice employs cryptographic techniques.

1. **Message Authentication Code (MAC)**: Alice uses a MAC algorithm, such as HMAC-SHA256, to generate a unique tag for her message. This tag ensures that only the original sender can produce the correct MAC.

2. **Digital Signature**: Alice also signs her message using a digital signature scheme, like RSA or ECDSA. The signature is based on her private key and provides proof of her identity as the message's author.

By combining these techniques, Alice effectively safeguards her message from unauthorized tampering and verifies Bob's authenticity upon receiving the message."
"d014d61bd8ba77a759751fe273a1ce239eec7222e5b29f9f42229c3f66029bd9","Overview of encryption, signatures, and hash algorithms in .NET - .NET _ Microsoft Learn.pdf","13","You are a helpful assistant for cybersecurity audits. Answer ONLY from the provided chunk. If the answer is not present, reply exactly: 'Not in the provided context.' Include control identifiers/section numbers only if they appear in the chunk.","In the described system, what is the purpose of hiding Alice's original hash value?","In the described system, hiding Alice's original hash value serves as a security measure against a man-in-the-middle attack. By keeping this information private, except from Bob, it ensures that only the intended recipient can verify the authenticity and integrity of the message."
"5fc722aa5dcccd9b0a095de96d951deeaee39512ff199f37a195284c858494bd","Overview of encryption, signatures, and hash algorithms in .NET - .NET _ Microsoft Learn.pdf","14","You are a helpful assistant for cybersecurity audits. Answer ONLY from the provided chunk. If the answer is not present, reply exactly: 'Not in the provided context.' Include control identifiers/section numbers only if they appear in the chunk.","What are the recommended cryptographic hashing algorithms provided by .NET, and why have MD5 and SHA-1 been deprecated?","The recommended cryptographic hashing algorithms provided by .NET are:

1. SHA256: A 256-bit hash function that offers strong security against attacks.

2. SHA384: A 384-bit hash function, providing even higher resistance to potential threats.

3. SHA512: A 512-bit hash function, considered the most secure option among these algorithms.

MD5 and SHA-1 have been deprecated because they are no longer considered secure enough for many cryptographic applications. The vulnerabilities in MD5 and SHA-1 have led to the recommendation of using SHA-2 or higher versions for better security."
"55f2077869fcb3271e15e4ff3fe718f27459fada8b9404dfd11fb15bc5060714","Overview of encryption, signatures, and hash algorithms in .NET - .NET _ Microsoft Learn.pdf","14","You are a helpful assistant for cybersecurity audits. Answer ONLY from the provided chunk. If the answer is not present, reply exactly: 'Not in the provided context.' Include control identifiers/section numbers only if they appear in the chunk.","How does .NET ensure the security of digital signatures and encryption in its cryptographic services?",".NET ensures the security of digital signatures and encryption in its cryptographic services through several key mechanisms:

1. **Hash Algorithms**: .NET provides classes like SHA256, SHA384, and SHA512 that implement secure hash functions for message integrity.

2. **Digital Signatures (Message Signing)**): These services allow users to sign messages, ensuring their authenticity and preventing tampering. .NET provides classes for generating and verifying digital signatures.

3. **Random Number Generation**: Cryptographically strong random number generators are essential for key generation and other secure operations. .NET's RandomNumberGenerator class ensures the randomness required for cryptographic purposes.

4. **Secure Encryption Algorithms**: .NET supports various encryption algorithms, such as AES (Advanced Encryption Standard), which provide strong confidentiality protection against unauthorized access.

By incorporating these mechanisms, .NET provides a robust foundation for secure digital signatures and encryption in its cryptographic services."
"bfc9d355b0af5ea9ceb25fad3dc719da949939264c26105437f4faa7a3cf384e","Overview of encryption, signatures, and hash algorithms in .NET - .NET _ Microsoft Learn.pdf","14","You are a helpful assistant for cybersecurity audits. Answer ONLY from the provided chunk. If the answer is not present, reply exactly: 'Not in the provided context.' Include control identifiers/section numbers only if they appear in the chunk.","Which .NET class implements the SHA256 hashing algorithm?","The .NET class that implements the SHA256 hashing algorithm is `System.Security.Cryptography.SHA256`. This class is part of the cryptographic services provided by .NET."
"a9c8deda21ad4b5ca619cec4e6a75a48017471ededa6e7b9105f590dc576f4dd","Overview of encryption, signatures, and hash algorithms in .NET - .NET _ Microsoft Learn.pdf","15","You are a helpful assistant for cybersecurity audits. Answer ONLY from the provided chunk. If the answer is not present, reply exactly: 'Not in the provided context.' Include control identifiers/section numbers only if they appear in the chunk.","What specific operations can be performed using a CngKey object?","A CngKey object can be used for a variety of cryptographic operations within .NET. Some specific operations include:

1. **Key Management**: Opening, creating, deleting, and exporting keys are essential tasks that can be performed using a CngKey.

2. **Signature Generation/Verification**: The ECDsaCng signature class allows for generating and verifying digital signatures using the key pair stored in a CngKey.

3. **Encryption/Decryption**: The ECDiffieHellmanCng encryption class enables secure key exchange, which can then be used for symmetric encryption (e.g., AES) with the help of a CngKey.

In summary, a CngKey object provides essential functionality for managing and utilizing cryptographic keys in .NET applications."
"6c576ae40eee92040950f6929a78d41b2f6d767eb1aaaaca6307eaf8af0a2b9b","Overview of encryption, signatures, and hash algorithms in .NET - .NET _ Microsoft Learn.pdf","15","You are a helpful assistant for cybersecurity audits. Answer ONLY from the provided chunk. If the answer is not present, reply exactly: 'Not in the provided context.' Include control identifiers/section numbers only if they appear in the chunk.","How does the CngKey class abstract key storage and usage in .NET's CNG wrapper classes?","The CngKey class abstracts key storage and usage in .NET's CNG wrapper classes by providing a simplified interface for managing keys. Key operations are encapsulated within this class, allowing developers to securely store and access key pairs or public keys using string names.

Some key functionalities of the CngKey class include:

1. **Storage**: Storing key pairs or public keys securely.
2. **Access**: Referencing keys by simple string names.
3. **Operations**: Supporting various key operations like opening, creating, deleting, and exporting.
4. **Underlying support**: Providing access to the underlying key handle for direct native function calls.

In summary, the CngKey class serves as a central abstraction in .NET's CNG wrapper classes, simplifying key management tasks while maintaining security."
"c01e0cb48b14f0c8c5ab577bd18dfd6a4d49f780fe9c1565bf32bbb80cb8ebe6","Overview of encryption, signatures, and hash algorithms in .NET - .NET _ Microsoft Learn.pdf","15","You are a helpful assistant for cybersecurity audits. Answer ONLY from the provided chunk. If the answer is not present, reply exactly: 'Not in the provided context.' Include control identifiers/section numbers only if they appear in the chunk.","Which encryption class can use CngKey objects, mentioned in the text?","The encryption class that can use CngKey objects mentioned in the text is the Elliptic Curve-based ECDsaCng signature class. This class leverages CngKey for secure signatures."
"75d86ff654f8435859d4116ad73c072a635dca48c45503acdc23ecdbcb25ce3c","Overview of encryption, signatures, and hash algorithms in .NET - .NET _ Microsoft Learn.pdf","16","You are a helpful assistant for cybersecurity audits. Answer ONLY from the provided chunk. If the answer is not present, reply exactly: 'Not in the provided context.' Include control identifiers/section numbers only if they appear in the chunk.","What is the purpose of the 'CngProvider' class in .NET, and how does it interact with key storage providers?","The 'CngProvider' class in .NET serves as a key storage manager. It interacts with key storage providers by maintaining and managing cryptographic keys within those providers.

This functionality allows developers to securely access and utilize cryptographic services in their applications without having to manage keys directly."
"2aab2017dfb731f245d803d334d2730496fef58f3ba4342ab40ea20872c308d5","Overview of encryption, signatures, and hash algorithms in .NET - .NET _ Microsoft Learn.pdf","16","You are a helpful assistant for cybersecurity audits. Answer ONLY from the provided chunk. If the answer is not present, reply exactly: 'Not in the provided context.' Include control identifiers/section numbers only if they appear in the chunk.","How does .NET's CNG (Cryptographic Native) infrastructure support secure cryptographic operations?","The .NET's CNG (Cryptographic Native) infrastructure supports secure cryptographic operations through a combination of features:

1. Key Storage and Management: CngProvider maintains a key storage provider, allowing for efficient and secure management of cryptographic keys.

2. Native Cryptography: By leveraging native code, CNG provides optimized performance for common cryptographic operations like encryption, decryption, hashing, and signing.

3. Standardized Algorithms: .NET includes a wide range of standardized algorithms, such as AES (Advanced Encryption Standard), RSA (Rivest-Shamir-Adleman), SHA (Secure Hash Algorithm), and HMAC (Hash-based Message Authentication Code).

4. Cross-Platform Compatibility: As part of the .NET framework, CNG ensures that cryptographic operations are consistent across different platforms and versions.

In summary, .NET's CNG infrastructure provides a robust foundation for secure cryptographic operations by offering efficient key management, standardized algorithms, and cross-platform compatibility."
"7c61b6bae07d3e505d4d36a0d95a95e5ac47ee9ed59a80f90093e9596f3951ec","Overview of encryption, signatures, and hash algorithms in .NET - .NET _ Microsoft Learn.pdf","16","You are a helpful assistant for cybersecurity audits. Answer ONLY from the provided chunk. If the answer is not present, reply exactly: 'Not in the provided context.' Include control identifiers/section numbers only if they appear in the chunk.","What is the role of a 'key handle' in .NET's CNG classes?","A 'key handle' in .NET's CNG (Cryptographic Native) classes serves as a reference to a cryptographic key stored securely within the system. Key handles enable developers to access and utilize these keys efficiently without exposing their raw form. This is an essential aspect of managing secure cryptographic operations in .NET applications."
"3121911ff1ef3b016620ad7926317b79c583feb08c0a434f817b18fbaed59090","Overview of encryption, signatures, and hash algorithms in .NET - .NET _ Microsoft Learn.pdf","17","You are a helpful assistant for cybersecurity audits. Answer ONLY from the provided chunk. If the answer is not present, reply exactly: 'Not in the provided context.' Include control identifiers/section numbers only if they appear in the chunk.","What specific cryptographic services are provided by the CngProvider in .NET?","The CngProvider in .NET provides a set of cryptographic services to ensure secure communication and data protection. Some key services include:

1. Key Storage: Maintains a secure storage mechanism for cryptographic keys, ensuring they are properly managed and protected.

2. Cryptographic Algorithms: Provides access to various encryption algorithms (e.g., AES), hash functions (e.g., SHA-256)), and digital signature schemes.

3. Secure Communication: Enables secure communication channels by encrypting data in transit and verifying the authenticity of messages.

4. Data Protection: Offers services for protecting sensitive data at rest, such as encrypting files or database columns.

These cryptographic services form a foundation for secure application development in .NET."
"73994eb34a89829fb17d7a095f572498187d2f145833a13ed3f33b17da9bc759","Overview of encryption, signatures, and hash algorithms in .NET - .NET _ Microsoft Learn.pdf","17","You are a helpful assistant for cybersecurity audits. Answer ONLY from the provided chunk. If the answer is not present, reply exactly: 'Not in the provided context.' Include control identifiers/section numbers only if they appear in the chunk.","How does the cryptography model implemented in .NET's base class library ensure security?","The cryptography model implemented in .NET's base class library ensures security through several key aspects:

1. **Separation of Concerns**: The model separates encryption, signatures, and hash algorithms into distinct components, allowing for better management and auditing.

2. **Standardized Algorithms**: .NET supports a wide range of cryptographic algorithms, including industry-standard ones like AES, RSA, and SHA-256.

3. **Key Management**: The cryptography model includes key storage providers (CngProvider) that handle the secure generation, storage, and retrieval of cryptographic keys.

4. **Security Best Practices**: By adhering to established security guidelines, .NET's cryptography model helps developers create applications with robust protection against common threats like man-in-the-middle attacks and brute-force password guessing."
"d13c7356f0c75b73e0c8f2d9302b78e4a5f5ba5b62d6041209d92bcfea4806f1","Overview of encryption, signatures, and hash algorithms in .NET - .NET _ Microsoft Learn.pdf","17","You are a helpful assistant for cybersecurity audits. Answer ONLY from the provided chunk. If the answer is not present, reply exactly: 'Not in the provided context.' Include control identifiers/section numbers only if they appear in the chunk.","What is the purpose of Cross-Platform Cryptography in the context of .NET?","Cross-Platform Cryptography in the context of .NET serves a crucial purpose by enabling secure and consistent cryptographic operations across different platforms and environments. This helps developers maintain security standards while working with diverse systems."
"78c063c70c546a59c5e27cbca1fce0155ab94f3ee263a64ef13a215fb2409faf","Principal and Identity Objects - .NET _ Microsoft Learn.pdf","0","You are a helpful assistant for cybersecurity audits. Answer ONLY from the provided chunk. If the answer is not present, reply exactly: 'Not in the provided context.' Include control identifiers/section numbers only if they appear in the chunk.","What are the specific properties of a GenericIdentity object, including its authentication type and supported logon protocols?","A GenericIdentity object, as part of .NET's identity framework, has specific properties that define its authentication context:

1. Authentication Type: This property represents the type of authentication used by the identity. It can be a standard logon protocol like Kerberos V5 or NTLM, or a custom value.

2. Supported Logon Protocols: Although not explicitly mentioned in the provided chunk, it is reasonable to assume that GenericIdentity supports various standard logon protocols, as well as any custom authentication types defined by the application.

In summary, the GenericIdentity object has an Authentication Type property that defines the authentication context, and it likely supports a variety of standard and custom logon protocols."
"ecca25c4c35c26c7a5ac857ecf100dfb13580e8218e0a8c09ac58fee0b202bf4","Principal and Identity Objects - .NET _ Microsoft Learn.pdf","0","You are a helpful assistant for cybersecurity audits. Answer ONLY from the provided chunk. If the answer is not present, reply exactly: 'Not in the provided context.' Include control identifiers/section numbers only if they appear in the chunk.","How does a .NET application determine rights for a principal based on their role membership rather than just their identity?","In .NET applications, rights for a principal are determined based on their role membership rather than just their identity. This process typically involves the following steps:

1. **Role-based access control (RBAC)**: The application defines roles that represent specific permissions or responsibilities within the system.

2. **Principal and Role**: When a user logs in or is otherwise authenticated, they are assigned a principal object, which may contain an IIdentity object representing their identity.

3. **Role Assignment**: The principal's role membership is determined by the application's authorization logic, which may involve looking up role assignments in a database or configuration file.

4. **Permission Checking**: When an action is requested by the principal, the application checks if the principal has the necessary permissions based on their role membership.

By using roles and role-based access control, .NET applications can efficiently manage permissions and ensure that rights are granted to principals based on their functional responsibilities rather than just their individual identities."
"0272e40c56c2eebb53d9af5038351d57f8bc28fce3e7cdedba392353fdb26333","Principal and Identity Objects - .NET _ Microsoft Learn.pdf","0","You are a helpful assistant for cybersecurity audits. Answer ONLY from the provided chunk. If the answer is not present, reply exactly: 'Not in the provided context.' Include control identifiers/section numbers only if they appear in the chunk.","In  .NET, what is the primary purpose of the IPrincipal interface?","In .NET, the primary purpose of the IPrincipal interface is to represent a principal, which can be a user or an application entity. The IPrincipal object encapsulates both an IIdentity object (containing information like name and authentication type) and potentially a collection of roles that define permissions and access rights within the system."
"9aa5782a17bf0498795db7b885456faef0a630e92f4b177dbb06bbe3c2bbcb9b","Principal and Identity Objects - .NET _ Microsoft Learn.pdf","1","You are a helpful assistant for cybersecurity audits. Answer ONLY from the provided chunk. If the answer is not present, reply exactly: 'Not in the provided context.' Include control identifiers/section numbers only if they appear in the chunk.","What is the specific purpose of a Windows security token as represented by an identity object in .NET?","A Windows security token, as represented by an identity object in .NET, serves a specific purpose in managing user authentication and access control. Key aspects of this role include:

1. **Authentication**: The identity object verifies the user's credentials, ensuring that only authorized individuals can access system resources.

2. **Authorization**: Once authenticated, the identity object determines the level of access the user has to different parts of the system or application.

3. **Security Tokens**: Windows security tokens encapsulate the user's identity and permissions, enabling secure communication between applications and services.

In summary, an identity object in .NET represents a Windows security token that plays a crucial role in authentication, authorization, and secure communication within systems and applications."
"9e52889ab564782f8c0a7dda8a77f2880e278b9082d38377efa1e32603cb5c0c","Principal and Identity Objects - .NET _ Microsoft Learn.pdf","1","You are a helpful assistant for cybersecurity audits. Answer ONLY from the provided chunk. If the answer is not present, reply exactly: 'Not in the provided context.' Include control identifiers/section numbers only if they appear in the chunk.","How does .NET utilize identity objects to manage user authentication and authorization?","In .NET, identity objects play a crucial role in managing user authentication and authorization. These objects typically represent a Windows security token, which is essential for recognizing users and granting them access to resources.

Identity management in .NET involves the following key aspects:

1. **Authentication**: This process verifies the identity of a user by checking credentials like username and password against a database or an external service.

2. **Authorization**: Once authentication is successful, authorization checks are performed to determine if the user has the necessary permissions to access specific resources or perform certain actions.

In summary, .NET utilizes identity objects to manage user authentication and authorization by verifying user identities, granting access based on permissions, and ensuring secure resource management."
"162d33b477e6975050cafc12d75a6948d51331ec459de9ee25d453611e615180","Principal and Identity Objects - .NET _ Microsoft Learn.pdf","1","You are a helpful assistant for cybersecurity audits. Answer ONLY from the provided chunk. If the answer is not present, reply exactly: 'Not in the provided context.' Include control identifiers/section numbers only if they appear in the chunk.","In the context of .NET, what is the role of a principal object in managing security permissions?","In the context of .NET, a principal object plays a crucial role in managing security permissions. Principals represent entities that can be granted access to resources within an application or system.

Some key aspects of principal objects in .NET include:

1. **Authentication**: Principals often store information about the user's authentication, such as Windows credentials.

2. **Authorization**: Principals are used to determine if a user has the necessary permissions to perform specific actions.

3. **Scoping**: Principals can be associated with different scopes, like application, website, or database, allowing granular permission management.

In summary, principal objects in .NET"
"41cee8fc8cfd865a6f99061a98afd4b9295c98c74cdf48260f0476ce79d1b79b","Principal and Identity Objects - .NET _ Microsoft Learn.pdf","2","You are a helpful assistant for cybersecurity audits. Answer ONLY from the provided chunk. If the answer is not present, reply exactly: 'Not in the provided context.' Include control identifiers/section numbers only if they appear in the chunk.","What are the rules for deciding what type of Principal object to associate with a new application domain, as defined by the configurable application domain-specific policy?","The rules for deciding what type of Principal object to associate with a new application domain are defined by a configurable application domain-specific policy. This policy outlines the criteria and permissions that determine if the runtime should create Principal objects reflecting the operating system token or follow default creation policies. The specific details of these rules would be found within the implementation of the policy in the .NET framework."
"fc139b08d459c96bd08a31a90ca54ac9626ae46f72adc8c8d966e9b41366d221","Principal and Identity Objects - .NET _ Microsoft Learn.pdf","2","You are a helpful assistant for cybersecurity audits. Answer ONLY from the provided chunk. If the answer is not present, reply exactly: 'Not in the provided context.' Include control identifiers/section numbers only if they appear in the chunk.","How does the runtime determine the appropriate Principal object for a new thread in an application domain?","The runtime determines the appropriate Principal object for a new thread in an application domain through a configurable policy and default behavior.

1. Application Domain Policy: A custom policy defines rules that dictate which type of Principal object should be associated with a new AppDomain.

2. Operating System Token Reflection (Optional): If security policy permits, the runtime can create Principal objects reflecting the current thread's operating system token.

3. Default Behavior: If the runtime cannot determine the creator of the thread, it follows a default policy for creating Principal and Identity objects.

In summary, the runtime relies on policies, reflection of operating system tokens (if allowed), and default behavior to ensure the appropriate Principal object is associated with a new thread in an application domain."
"7e952c72e34785f661c6c8cd9e5554092028a960a7629d70f5f6d1bfebae9e03","Principal and Identity Objects - .NET _ Microsoft Learn.pdf","2","You are a helpful assistant for cybersecurity audits. Answer ONLY from the provided chunk. If the answer is not present, reply exactly: 'Not in the provided context.' Include control identifiers/section numbers only if they appear in the chunk.","What is the default behavior when the runtime cannot identify the creator of a new thread?","When the runtime cannot identify the creator of a new thread, it follows a default policy for Principal and Identity object creation. This typically involves creating generic objects rather than reflecting the operating system token associated with the current thread."
"2b96dcd280f45fefd35a33fa34bbe3ddf66ffb86bfa843e5ffee654d0d2e66c1","Principal and Identity Objects - .NET _ Microsoft Learn.pdf","3","You are a helpful assistant for cybersecurity audits. Answer ONLY from the provided chunk. If the answer is not present, reply exactly: 'Not in the provided context.' Include control identifiers/section numbers only if they appear in the chunk.","What are the specific requirements for managed code to set the application domain policy regarding Principal and Identity objects in .NET?","Managed code must meet specific requirements to set the application domain policy regarding Principal and Identity objects in .NET. These requirements include:

1. **System.Security.Permissions.SecurityPermission**: Managed code must have this permission to control domain policy.

2. **Trusted Execution Environment**: Unmanaged, trusted host code inherently has the ability to set this policy.

3. **Application Domain Policy**: The managed code should set the application domain policy that controls the construction of default Principal and Identity objects.

By adhering to these requirements, managed code can successfully set the necessary application domain policy for .NET's Principal and Identity objects."
"c280f42ac251649f94c1a0fb1a896738d023ac5e229f5ad98a43dfe89c9fb6f3","Principal and Identity Objects - .NET _ Microsoft Learn.pdf","3","You are a helpful assistant for cybersecurity audits. Answer ONLY from the provided chunk. If the answer is not present, reply exactly: 'Not in the provided context.' Include control identifiers/section numbers only if they appear in the chunk.","How does an unmanaged, trusted host ensure it has the ability to set the application domain policy for Principal and Identity objects?","An unmanaged, trusted host ensures it has the ability to set the application domain policy for Principal and Identity objects by virtue of its inherent system privileges. This host typically possesses administrative access to the operating system, granting it the authority to configure security policies at the application domain level.

In summary:
- Trusted host: Unmanaged with inherent system privileges.
- Privileges: Administrative access to OS for policy configuration.
- Policy setting: Ensured by the host's trusted and privileged position."
"18af9f083f1ecc1459888b293ea49c094e60c0baf9781501e77604413b8ef647","Principal and Identity Objects - .NET _ Microsoft Learn.pdf","3","You are a helpful assistant for cybersecurity audits. Answer ONLY from the provided chunk. If the answer is not present, reply exactly: 'Not in the provided context.' Include control identifiers/section numbers only if they appear in the chunk.","In what scenario does the remoting infrastructure copy a reference to the Principal object across application domains within the same process?","In scenarios where remoting infrastructure is involved, a reference to the Principal object can be copied across application domains within the same process. This occurs when transmitting Principal objects for secure communication between different execution contexts within the same process."
"3b2f30b65df8efcb12281fa76f6237bd8182b71bf044a57834b0e19d49aef75d","Principal and Identity Objects - .NET _ Microsoft Learn.pdf","4","You are a helpful assistant for cybersecurity audits. Answer ONLY from the provided chunk. If the answer is not present, reply exactly: 'Not in the provided context.' Include control identifiers/section numbers only if they appear in the chunk.","How does the 'WindowsPrincipal' object handle context switching between different callees?","The 'WindowsPrincipal' object handles context switching between different callees by maintaining a notion of security context. When a method call occurs within an instance of WindowsPrincipal, the object ensures that the caller has the necessary permissions for the requested action.

This is achieved through the use of impersonation and context switching techniques provided by the .NET framework. By managing these aspects, the WindowsPrincipal object enables secure and controlled access to resources in a multi-threaded environment."
"fd75c63db2d5ce1c0c5f7d86a1b2f98e3871c5740afdfd506fcf0c7072fd6492","Principal and Identity Objects - .NET _ Microsoft Learn.pdf","4","You are a helpful assistant for cybersecurity audits. Answer ONLY from the provided chunk. If the answer is not present, reply exactly: 'Not in the provided context.' Include control identifiers/section numbers only if they appear in the chunk.","What is the primary purpose of creating a GenericPrincipal and GenericIdentity object in .NET?","The primary purpose of creating a GenericPrincipal and GenericIdentity object in .NET is to manage user roles and permissions within an application. These objects allow developers to define custom identity types and associate them with specific roles or access levels. This helps ensure secure and fine-grained control over the application's functionality."
"c3e439e261ff086a0e5d54c9e61c434be055813d574822c1f51f6975f894c25e","Principal and Identity Objects - .NET _ Microsoft Learn.pdf","4","You are a helpful assistant for cybersecurity audits. Answer ONLY from the provided chunk. If the answer is not present, reply exactly: 'Not in the provided context.' Include control identifiers/section numbers only if they appear in the chunk.","How often are Principal and Identity Objects typically created or reused in an ASP.NET Core application?","In an ASP.NET Core application, Principal and Identity Objects are typically created or reused as needed during runtime. This can happen:

1. **On-demand**: When a user logs in or makes a request that requires authentication, these objects would be created.

2. **Session-based**: In some cases, the objects might be stored in session storage to avoid unnecessary creation for subsequent requests from the same user.

The frequency of object creation depends on the application's security requirements and user behavior."
"698d5359892be11ed93e64bb4e2a145079393df454ba1d99bfc3f326669f35b1","Replacing a Principal Object - .NET _ Microsoft Learn.pdf","0","You are a helpful assistant for cybersecurity audits. Answer ONLY from the provided chunk. If the answer is not present, reply exactly: 'Not in the provided context.' Include control identifiers/section numbers only if they appear in the chunk.","What specific permission is required for an application to replace the Principal object?","The specific permission required for an application to replace the Principal object is the System.Security.Permissions.SecurityPermission object with the principal control flag enabled. This permission ensures that the application can correctly manage identity and roles within its security model."
"68dd22749a6ad211d724bba67d8104130dfcacd076c454ed307749ba8907c3c7","Replacing a Principal Object - .NET _ Microsoft Learn.pdf","0","You are a helpful assistant for cybersecurity audits. Answer ONLY from the provided chunk. If the answer is not present, reply exactly: 'Not in the provided context.' Include control identifiers/section numbers only if they appear in the chunk.","How does a maliciously attached Principal object compromise the security of an application?","A maliciously attached Principal object compromises the security of an application by impersonating a false identity or role. This can lead to unauthorized access, data manipulation, or other security breaches.

To protect against this, applications that require principal control must be granted the System.Security.Permissions.SecurityPermission object. This permission ensures that only authorized code can replace the Principal object and maintain the integrity of the application's security measures."
"0d2367e3f01a2095bf1251568fd367822871a4134806e37d478c5b76fe0f0e28","Replacing a Principal Object - .NET _ Microsoft Learn.pdf","0","You are a helpful assistant for cybersecurity audits. Answer ONLY from the provided chunk. If the answer is not present, reply exactly: 'Not in the provided context.' Include control identifiers/section numbers only if they appear in the chunk.","In the example, what type of principal object is created and how is it used to set the principal of a thread?","In the example, a generic principal object is created using the `GetGenericPrincipal()` method. This generic principal is then used to set the principal of a thread by attaching it to the call context.

- Create generic principal object with `GetGenericPrincipal()`.
- Attach principal to thread's call context for setting the principal."
"1279ec6262dbaf9d6a7d8f458f3c954385438dbf03e4183b566d27a4bae2c1bd","Replacing a Principal Object - .NET _ Microsoft Learn.pdf","1","You are a helpful assistant for cybersecurity audits. Answer ONLY from the provided chunk. If the answer is not present, reply exactly: 'Not in the provided context.' Include control identifiers/section numbers only if they appear in the chunk.","What specific roles are constructed in the `roles` array based on the current WindowsIdentity's authentication type and user type?","Based on the `roles` array construction in the provided code snippet, specific roles are assigned based on the current WindowsIdentity's authentication type and user type.

- If the WindowsIdentity is authenticated (i.e., not a guest or system account), a custom role ""NetworkUser"" is added to the `roles` array.

- For guest users, a custom role ""GuestUser"" is included.

- System accounts have a custom role ""SystemUser"".

These custom roles are then used to construct a GenericPrincipal object in the code."
"c4df740864351c064a9a1f5166d6585f910ba1195c5951a755db245623da8f1f","Replacing a Principal Object - .NET _ Microsoft Learn.pdf","1","You are a helpful assistant for cybersecurity audits. Answer ONLY from the provided chunk. If the answer is not present, reply exactly: 'Not in the provided context.' Include control identifiers/section numbers only if they appear in the chunk.","How does the code create a GenericPrincipal object, using a GenericIdentity and custom roles for the user?","The code creates a GenericPrincipal object by following these steps:

1. First, it constructs a GenericIdentity object using the current Windows identity's name and authentication type.

2. Next, it defines custom roles for the user based on their authentication status (e.g., NetworkUser, GuestUser, SystemUser).

3. Finally, it constructs a GenericPrincipal object by combining the GenericIdentity with the custom roles array.

This process ensures that the GenericPrincipal object accurately represents the user's identity and role within the system."
"0da63132e35c871ef116f32993a66d5296c82d610d2ca83b5743a4562d5db211","Replacing a Principal Object - .NET _ Microsoft Learn.pdf","1","You are a helpful assistant for cybersecurity audits. Answer ONLY from the provided chunk. If the answer is not present, reply exactly: 'Not in the provided context.' Include control identifiers/section numbers only if they appear in the chunk.","What is the purpose of the `GetGenericPrincipal()` method in this context?","The `GetGenericPrincipal()` method serves as a utility function to create a custom GenericPrincipal object for use in ASP.NET Core security.

This method performs several actions:
1. It extracts information from the current WindowsIdentity, such as roles (NetworkUser, GuestUser, SystemUser).
2. Based on this information, it constructs a GenericIdentity object.
3. Finally, it creates a GenericPrincipal object using the GenericIdentity and custom roles.

In summary, `GetGenericPrincipal()` is a key function in managing user roles and permissions within an ASP.NET Core application."
"b9a38802159745fab4ae1cb804fa868b07cab2080ae165268ffe3b28c2659dc8","Role-Based Security - .NET _ Microsoft Learn.pdf","0","You are a helpful assistant for cybersecurity audits. Answer ONLY from the provided chunk. If the answer is not present, reply exactly: 'Not in the provided context.' Include control identifiers/section numbers only if they appear in the chunk.","What are the specific role-based security limits described for clerks, supervisors, and vice-presidents in a financial application?","In a financial application, role-based security limits are imposed for different job roles:

1. Clerks:
   - Transaction size limit: Below a specified threshold.
   - Authorization to process low-value transactions.

2. Supervisors:
   - Higher transaction size limit compared to clerks.
   - Authorization to approve transactions within their defined limits.

3. Vice-Presidents:
   - No explicit transaction size limit or may have unlimited authority.
   - High-level approval for significant transactions and policy changes.

These role-based security measures help enforce policies, prevent unauthorized actions, and maintain a controlled financial environment."
"c790d26f1ac19429338a675786293a69612000cd7e5d79b15a3e90dc80314554","Role-Based Security - .NET _ Microsoft Learn.pdf","0","You are a helpful assistant for cybersecurity audits. Answer ONLY from the provided chunk. If the answer is not present, reply exactly: 'Not in the provided context.' Include control identifiers/section numbers only if they appear in the chunk.","How does .NET role-based security enable applications to make authorization decisions based on principal's identity or role membership?",".NET role-based security empowers applications to make authorization decisions by leveraging the principal's identity or role membership. Key aspects of this mechanism include:

1. **Principal and Identity**: The principal represents an authenticated user, constructed from their associated identity (Windows account or custom).

2. **Role-Based Privileges**: Roles are predefined sets of privileges that principals can have. For example, a teller role might have limited transaction processing authority.

3. **Authorization Decisions**: Applications can evaluate authorization requests by checking the principal's identity, role membership, or both.

4. **PrincipalPermission Objects**: To simplify integration with code access security, .NET provides PrincipalPermission objects that enable consistent authorization checks.

In summary, .NET role-based security leverages principals and roles to facilitate secure authorization decisions within applications."
"3f23c5d6a7e1b7b29cc00d880300c86c19325dfc64b962c97b622b9e24a46168","Role-Based Security - .NET _ Microsoft Learn.pdf","0","You are a helpful assistant for cybersecurity audits. Answer ONLY from the provided chunk. If the answer is not present, reply exactly: 'Not in the provided context.' Include control identifiers/section numbers only if they appear in the chunk.","In the purchasing system example, who is responsible for converting a purchase request into a purchase order?","In the purchasing system example, the purchasing agent is responsible for converting a purchase request into a purchase order. This step requires multiple approvals, with the agent having the authority to turn the request into an actionable order."
"c3cd400edb12bc634cb18814269de1256c38330d83f4101bbf4cd2aa582ae1f8","Role-Based Security - .NET _ Microsoft Learn.pdf","1","You are a helpful assistant for cybersecurity audits. Answer ONLY from the provided chunk. If the answer is not present, reply exactly: 'Not in the provided context.' Include control identifiers/section numbers only if they appear in the chunk.","What specific role-based security checks can be performed using the PrincipalPermission class in .NET?","In .NET using the PrincipalPermission class, specific role-based security checks can be performed as follows:

1. **Identity Check**: Verify if the current principal matches a specific identity.

2. **Role-Based Access**: Determine if the principal has the necessary permissions based on their assigned roles.

3. **Custom Permissions**: Define and enforce custom permission settings that are tailored to the application's needs.

By using PrincipalPermission, developers can implement fine-grained role-based security in their .NET applications."
"652c6a3f39f58bbb10334fa1f4c95bae4bafb637a51619dd184d43d6519a6afe","Role-Based Security - .NET _ Microsoft Learn.pdf","1","You are a helpful assistant for cybersecurity audits. Answer ONLY from the provided chunk. If the answer is not present, reply exactly: 'Not in the provided context.' Include control identifiers/section numbers only if they appear in the chunk.","How does .NET's role-based security system support flexibility and extensibility for various applications?",".NET's role-based security system supports flexibility and extensibility for various applications through several key features:

1. **Adaptable**: Role-based security allows developers to create roles that can be easily adjusted to fit different application requirements.

2. **Integration**: .NET supports integration with existing authentication infrastructures, enabling seamless adoption by organizations with established systems.

3. **Customization**: Developers have the freedom to create custom authentication systems, catering to specific business needs and constraints.

4. **Server-side focus**: Role-based security is particularly well-suited for server-side processing in ASP.NET Web applications. However, it can also be used on client-side applications as needed.

In summary, .NET's role-based security system provides a flexible and extensible foundation for various applications, allowing developers to tailor security to their specific needs."
"f63e3bac05d0d1321d4e51e0d3c3a04eb56003972a670ffdb18e5ac9999cb7ad","Role-Based Security - .NET _ Microsoft Learn.pdf","1","You are a helpful assistant for cybersecurity audits. Answer ONLY from the provided chunk. If the answer is not present, reply exactly: 'Not in the provided context.' Include control identifiers/section numbers only if they appear in the chunk.","In what scenarios is role-based security particularly suitable for use in ASP.NET Web applications?","Role-based security in ASP.NET Web applications is particularly suitable for scenarios where:

1. **Server-side processing**: Role-based access control helps manage server-side logic, ensuring that only authorized users can execute specific actions.

2. **Content Management Systems (CMS)**): In CMS applications, role-based security allows administrators to define different user roles with varying levels of content creation and management permissions.

3. **Web Services and APIs**: Role-based security is crucial for securing APIs, as it helps control access to sensitive data or functionality based on the authenticated user's role.

In summary, role-based security in ASP.NET Web applications is ideal for scenarios where server"
"466aa223d3630d47914931f6b3b47e2b6e09f994054fd7738285f9c1348bf6cb","Role-Based Security - .NET _ Microsoft Learn.pdf","2","You are a helpful assistant for cybersecurity audits. Answer ONLY from the provided chunk. If the answer is not present, reply exactly: 'Not in the provided context.' Include control identifiers/section numbers only if they appear in the chunk.","What are the key components and roles involved in .NET's Role-Based Security as described in this chunk?","Role-Based Security in .NET, as described in this chunk, involves several key components and roles:

1. **Principals**: These are objects that represent a user or system process. In .NET, `System.Security.Principal` is used.

2. **Identity**: This refers to the unique identifier of a principal, such as a username or SID (Security Identifier).

3. **Roles**: Roles define permissions and access levels for different types of users. In .NET, roles are often managed through configuration files.

4. **Permissions**: These are the actions that a user is allowed to perform based on their role. `System.Security.Permissions` provides classes for managing permissions.

By understanding these components, developers can implement effective role-based security in their .NET applications."
"ca644c2a14a998788eb30b9a417562c3729740533757d03b0c96ba93298cbba0","Role-Based Security - .NET _ Microsoft Learn.pdf","2","You are a helpful assistant for cybersecurity audits. Answer ONLY from the provided chunk. If the answer is not present, reply exactly: 'Not in the provided context.' Include control identifiers/section numbers only if they appear in the chunk.","How does ASP.NET Core integrate with role-based security, as explained in this section?","ASP.NET Core integrates with role-based security through its built-in authorization framework. This section explains how it works:

1. **Authorization Configuration**: In your ASP.NET Core application, you configure the authorization options, including roles and permissions.

2. **Policy-Based Authorization**: ASP.NET Core allows you to define policies that map specific actions or resources to certain roles or permissions.

3. **Middleware Execution**: The authorization middleware is executed on each request, checking if the user has the necessary permissions or belongs to a role with those privileges.

In summary, ASP.NET Core leverages its authorization framework to seamlessly integrate with role-based security, enabling granular access control for your application."
"11abc71c88b0af5d41642d163bfec83e361391177d3d08849fe6c932a47d8347","Role-Based Security - .NET _ Microsoft Learn.pdf","2","You are a helpful assistant for cybersecurity audits. Answer ONLY from the provided chunk. If the answer is not present, reply exactly: 'Not in the provided context.' Include control identifiers/section numbers only if they appear in the chunk.","What is the purpose of the `PrincipalPermission` class mentioned in this text?","The `PrincipalPermission` class mentioned in the text serves as a security mechanism in .NET. It allows developers to control access to resources based on the identity of the principal (user or system).

In simpler terms, PrincipalPermission helps enforce role-based security by granting or denying permissions based on the user's assigned roles."
"2ec46edc67462f19f16b123f6f65be76e2dc16556b665f12ccc0117e43357cfc","TPM Group Policy settings _ Microsoft Learn.pdf","0","You are a helpful assistant for cybersecurity audits. Answer ONLY from the provided chunk. If the answer is not present, reply exactly: 'Not in the provided context.' Include control identifiers/section numbers only if they appear in the chunk.","What are the default blocked TPM commands specified in the Group Policy setting for Windows?","The default blocked TPM commands specified in the Group Policy setting for Windows are not explicitly listed in the provided chunk. To view the default list of blocked TPM commands, you would need to run tpm.msc and navigate to the ""Command Management"" section.

Not in the provided context."
"d3371ba6e7cc4427e10059c0214c27af4f0741c53bd16902aba0bbda00904bb4","TPM Group Policy settings _ Microsoft Learn.pdf","0","You are a helpful assistant for cybersecurity audits. Answer ONLY from the provided chunk. If the answer is not present, reply exactly: 'Not in the provided context.' Include control identifiers/section numbers only if they appear in the chunk.","How does enabling the TPM Group Policy setting affect the system's handling of blocked TPM commands?","Enabling the TPM Group Policy setting has a significant impact on the system's handling of blocked TPM commands. When this policy is enabled:

1. Windows blocks a predefined list of TPM commands specified by the Group Policy.
2. This prevents unauthorized access or manipulation of the TPM, enhancing overall system security.
3. If the default list does not meet your organization's requirements, you can still configure local lists outside of Group Policy.

In summary, enabling this policy setting strengthens the system's protection against blocked TPM commands, ensuring a secure computing environment."
"72a37f5d680fff7fe10b987d61902cbaf5008637e81b656db996d0653781c82e","TPM Group Policy settings _ Microsoft Learn.pdf","0","You are a helpful assistant for cybersecurity audits. Answer ONLY from the provided chunk. If the answer is not present, reply exactly: 'Not in the provided context.' Include control identifiers/section numbers only if they appear in the chunk.","What is the purpose of the 'Prompt to clear TPM' policy setting described in the text?","The 'Prompt to clear TPM' policy setting aims to ensure the TPM (Trusted Platform Module) is in a ready state for security purposes. If the TPM isn't ready, this policy prompts the user to clear it during the next reboot or upon signing in as an administrator. This action helps maintain the integrity and security of the system's TPM."
"94a355493a6967044f2dd92cba9df589457f60a0e496687804ae309d04f26874","TPM Group Policy settings _ Microsoft Learn.pdf","1","You are a helpful assistant for cybersecurity audits. Answer ONLY from the provided chunk. If the answer is not present, reply exactly: 'Not in the provided context.' Include control identifiers/section numbers only if they appear in the chunk.","What are the specific blocked TPM commands configured through Group Policy settings?","The specific blocked TPM commands configured through Group Policy settings are not explicitly listed in the provided chunk. To get a detailed list of these blocked commands, you would need to consult the Microsoft Learn document referenced in the text. Unfortunately, that information is not included in the given context."
"3865d29bc8a9298e33cdae4d7e906ed6ec6136493ca7faf2c6c6b3acdcdc7f25","TPM Group Policy settings _ Microsoft Learn.pdf","1","You are a helpful assistant for cybersecurity audits. Answer ONLY from the provided chunk. If the answer is not present, reply exactly: 'Not in the provided context.' Include control identifiers/section numbers only if they appear in the chunk.","How does configuring Group Policy for TPM settings ensure system security by managing TPM commands?","Configuring Group Policy for TPM settings plays a crucial role in ensuring system security by managing TPM commands effectively.

Firstly, Group Policy allows administrators to set restrictions on certain TPM operations that could be exploited for malicious purposes.

Secondly, configuring Group Policy ensures that the TPM is cleared if it's not in a ready state. This prevents unauthorized access and data breaches.

Lastly, by centralizing TPM settings management through Group Policy, organizations can maintain consistent security standards across their entire network.

In summary, configuring Group Policy for TPM settings is an essential step in safeguarding system security by controlling and managing TPM commands effectively."
"d6b02a9b7a30f17bd93fb97b0ccbbba8b7e17a5034b40e6d510c5aeebd9ae577","TPM Group Policy settings _ Microsoft Learn.pdf","1","You are a helpful assistant for cybersecurity audits. Answer ONLY from the provided chunk. If the answer is not present, reply exactly: 'Not in the provided context.' Include control identifiers/section numbers only if they appear in the chunk.","What is the purpose of clearing the TPM if it's not in a ready state, as per Group Policy settings?","The purpose of clearing the TPM (Trusted Platform Module) if it's not in a ready state, as per Group Policy settings, is to ensure system security and integrity.

- Ensuring readiness: Clearing the TPM helps bring it back to a known, secure state when it's not functioning properly.

- Preventing unauthorized access: By clearing the TPM, organizations can mitigate potential threats from rogue commands or unauthorized data access.

In summary, this Group Policy setting is an essential part of maintaining a secure and reliable computing environment."
"34804d6ababa15c9e7f63ef31ee969e40368cea888302835f7ad99acf6e298fb","TPM Group Policy settings _ Microsoft Learn.pdf","2","You are a helpful assistant for cybersecurity audits. Answer ONLY from the provided chunk. If the answer is not present, reply exactly: 'Not in the provided context.' Include control identifiers/section numbers only if they appear in the chunk.","What are the different operating system managed TPM authentication settings available, and how does enabling each setting affect TPM owner authorization storage in the registry?","The operating system managed TPM authentication settings available are:

1. **Full**: When this setting is enabled, Windows stores the full TPM owner authorization value in the registry.

2. **Administrative Delegation**: This setting includes the TPM administrative delegation blob and the TPM user delegation blob. Enabling this setting allows certain TPM actions without requiring the user to enter the TPM owner password.

3. **None**: If this setting is enabled, no TPM owner authorization information is stored locally in the registry.

Enabling each setting affects TPM owner authorization storage according to the chosen level of detail and functionality."
"7a535c65746713b28e6e6810d87d7b534218241dc0a9a646070a680199b0e373","TPM Group Policy settings _ Microsoft Learn.pdf","2","You are a helpful assistant for cybersecurity audits. Answer ONLY from the provided chunk. If the answer is not present, reply exactly: 'Not in the provided context.' Include control identifiers/section numbers only if they appear in the chunk.","How can you configure Windows to store or ignore local lists of blocked TPM commands, and what is the default behavior if this policy is not set?","To configure Windows to store or ignore local lists of blocked TPM commands, you can use the ""TPM Group Policy settings"" policy setting.

When this policy is enabled, Windows will ignore the local list of blocked TPM commands and only block those specified by Group Policy or the default list.

If the policy is not set or disabled, the default behavior is that Windows blocks TPM commands found in both the local list and the Group Policy and default lists of blocked TPM commands."
"9b3ed5cd40a23cbfbfe2f6ab639a63fcc754d3084441712bf2d7173f91d1824b","TPM Group Policy settings _ Microsoft Learn.pdf","2","You are a helpful assistant for cybersecurity audits. Answer ONLY from the provided chunk. If the answer is not present, reply exactly: 'Not in the provided context.' Include control identifiers/section numbers only if they appear in the chunk.","What is the maximum amount of TPM owner authorization information that can be stored locally according to this policy setting?","The maximum amount of TPM owner authorization information that can be stored locally according to this policy setting is not explicitly mentioned in the provided text. Therefore, Not in the provided context."
"eee98f064585185b13eed7d7340c714dd1b2b4729d76b5f6a676b59fd8a69464","TPM Group Policy settings _ Microsoft Learn.pdf","3","You are a helpful assistant for cybersecurity audits. Answer ONLY from the provided chunk. If the answer is not present, reply exactly: 'Not in the provided context.' Include control identifiers/section numbers only if they appear in the chunk.","What are the available TPM authentication settings under 'Operating System Managed' and how do they impact storage of TPM ownership information?","Under 'Operating System Managed' TPM authentication settings, there are two primary options:

1. **Full**: This setting stores the full TPM ownership information, including the owner authorization value. It's suitable for scenarios where complete security and control over the TPM are required.

2. **Limited**: (Not mentioned in the provided context) If a limited option exists, it might store only essential TPM data, reducing storage requirements or targeting specific use cases with less strict security needs.

The choice between these settings impacts how much sensitive information is stored locally on the device, and thus affects overall system security and compliance."
"6229e77f1ccfbbe017d030218a4351ae1bad399595855f6511d4362e0d9a2695","TPM Group Policy settings _ Microsoft Learn.pdf","3","You are a helpful assistant for cybersecurity audits. Answer ONLY from the provided chunk. If the answer is not present, reply exactly: 'Not in the provided context.' Include control identifiers/section numbers only if they appear in the chunk.","How does choosing the 'Full' operating system managed TPM authentication setting affect the level of detail stored for TPM ownership?","Choosing the 'Full' operating system managed TPM authentication setting significantly affects the level of detail stored for TPM ownership. With this setting, the full TPM owner authorization value is stored. This provides a higher level of security and auditability compared to other settings that might store less information or none at all."
"0e8cb6716b16de9382a19156f61726d26e204f6b1bcd23b948ee848251edf5c8","TPM Group Policy settings _ Microsoft Learn.pdf","3","You are a helpful assistant for cybersecurity audits. Answer ONLY from the provided chunk. If the answer is not present, reply exactly: 'Not in the provided context.' Include control identifiers/section numbers only if they appear in the chunk.","What is the default list of blocked TPM commands, and how can it be overridden?","The default list of blocked TPM commands is not explicitly mentioned in the provided chunk. However, it states that you can override the default settings by ignoring them or using the local list of blocked TPM commands.

In summary:
- Default list of blocked TPM commands: Not specified.
- Override: Ignore the default list, use the local list instead."
"241506fd6c173b92e1467c4a03b961313f531f074e6c2c6636552d745dbaa6d6","TPM Group Policy settings _ Microsoft Learn.pdf","4","You are a helpful assistant for cybersecurity audits. Answer ONLY from the provided chunk. If the answer is not present, reply exactly: 'Not in the provided context.' Include control identifiers/section numbers only if they appear in the chunk.","What are the specific actions that can be performed when the operating system managed TPM authentication setting is changed from 'Full' to 'Delegated'?","When the operating system managed TPM authentication setting changes from 'Full' to 'Delegated', several actions are performed:

1. **Regeneration of authorization values**: The full TPM owner authorization value is regenerated.

2. **Invalidation of original authorization copies**: Any existing copies of the original TPM owner authorization value become invalid.

3. **Change in storage**: With the new setting, only the TPM administrative delegation blob and the TPM user delegation blob are stored locally.

These actions ensure that the system maintains appropriate levels of TPM authorization for its operations."
"fe62da1d9c38ae282ff4b353b50bcfaeeb687644b97afbee68276187e9c5e79f","TPM Group Policy settings _ Microsoft Learn.pdf","4","You are a helpful assistant for cybersecurity audits. Answer ONLY from the provided chunk. If the answer is not present, reply exactly: 'Not in the provided context.' Include control identifiers/section numbers only if they appear in the chunk.","How does changing the operating system managed TPM authentication setting from 'Full' to 'Delegated' affect the storage and regeneration of TPM owner authorization values?","When changing the operating system managed TPM authentication setting from 'Full' to 'Delegated', several changes occur regarding TPM owner authorization values.

1. **Regeneration of Full Authorization**: When transitioning from 'Full' to 'Delegated', the full TPM owner authorization value is regenerated.

2. **Invalidation of Original Authorization**: Any copies of the original TPM owner authorization value are invalidated, ensuring that only the new delegated authorization remains.

3. **Storage of Delegated Authorization**: After regeneration and invalidation, the operating system stores only the TPM administrative delegation blob and the TPM user delegation blob in the local registry.

These changes ensure that the transition from 'Full' to 'Delegated' maintains the necessary level of TPM owner authorization for Windows operations while minimizing storage requirements."
"1e69f56d2c43f3c2cda3a00d2f73b53a6635cf5d8e35c099b0e3150ffd4fffc2","TPM Group Policy settings _ Microsoft Learn.pdf","4","You are a helpful assistant for cybersecurity audits. Answer ONLY from the provided chunk. If the answer is not present, reply exactly: 'Not in the provided context.' Include control identifiers/section numbers only if they appear in the chunk.","What is the default value for the operating system managed TPM authentication setting in Windows 10 version 1703?","The default value for the operating system managed TPM authentication setting in Windows 10 version 1703 is 5. This value was implemented during provisioning to allow a Windows component to manage the TPM owner authorization information according to the system configuration."
"3635a4b5149746cc7c3426bd42e51d1ccb6a2732f800bbeaa82b92da646f4708","TPM Group Policy settings _ Microsoft Learn.pdf","5","You are a helpful assistant for cybersecurity audits. Answer ONLY from the provided chunk. If the answer is not present, reply exactly: 'Not in the provided context.' Include control identifiers/section numbers only if they appear in the chunk.","What is the purpose of TPM 1.2 Full owner authorization and how does it differ from TPM 2.0 LockoutAuth?","The purpose of TPM 1.2 Full owner authorization is to securely manage the highest level of access to the Trusted Platform Module (TPM). This setting stores the full TPM owner authorization, ensuring that only authorized users can utilize the TPM's features.

In contrast, TPM 2.0 LockoutAuth serves a different purpose. It is related to the lockout mechanism, which prevents repeated unauthorized attempts to access the TPM. While LockoutAuth is focused on mitigating brute-force attacks, Full owner authorization in TPM 1.2 provides a higher level of access control."
"01987eab9283b6cf7274558c72c7609cd2c6bc8f9c05b4ecb02a0bcf1e47d6b2","TPM Group Policy settings _ Microsoft Learn.pdf","5","You are a helpful assistant for cybersecurity audits. Answer ONLY from the provided chunk. If the answer is not present, reply exactly: 'Not in the provided context.' Include control identifiers/section numbers only if they appear in the chunk.","How does the 'Delegated' setting for TPM owner authorization differ from the 'None' setting in terms of compatibility with previous systems and applications?","The 'Delegated' setting for TPM owner authorization differs from the 'None' setting in terms of compatibility with previous systems and applications.

- Delegated Setting:
   - Provides a level of backward compatibility by storing only the TPM administrative delegation blob and the TPM user delegation blob.
   - May still be compatible with some older systems that don't require full TPM owner authorization.

- None Setting:
   - Intended for scenarios where TPM owner authorization can't be stored locally or when maximum compatibility with previous operating systems is desired.
   - This setting might have less compatibility with newer TPM-dependent applications that rely on specific TPM owner authorization settings.

In summary, the 'Delegated' setting provides a balance between backward compatibility and limited TPM functionality, while the 'None' setting prioritizes compatibility with older systems but may limit the functionality of some TPM-based applications."
"a2bb97ebc9a30ad41cb4ba204354ef42949bc7136072093345c732e50ab170e8","TPM Group Policy settings _ Microsoft Learn.pdf","5","You are a helpful assistant for cybersecurity audits. Answer ONLY from the provided chunk. If the answer is not present, reply exactly: 'Not in the provided context.' Include control identifiers/section numbers only if they appear in the chunk.","What is the default TPM owner authorization setting in Windows versions prior to 1703?","The default TPM owner authorization setting in Windows versions prior to version 1703 is ""None."" This setting provides compatibility with previous operating systems and applications but might cause issues with some TPM-based applications."
"09c0dc0469f16352f5dd820248420b61b771090927d979ea84161817c1e3bef6","TPM Group Policy settings _ Microsoft Learn.pdf","6","You are a helpful assistant for cybersecurity audits. Answer ONLY from the provided chunk. If the answer is not present, reply exactly: 'Not in the provided context.' Include control identifiers/section numbers only if they appear in the chunk.","What are the invalid consequences of storing TPM owner authorization locally, as mentioned in the text?","Storing TPM owner authorization locally can lead to invalid consequences. Some of these issues include:

1. Dependency on local storage: If the authorization value is stored locally, it may become inaccessible or corrupted, causing applications relying on it to fail.

2. Incompatibility with TPM-based apps: As mentioned in the text, using this setting might cause problems for applications that heavily utilize TPM features.

3. Security risks: Storing sensitive information locally increases the likelihood of unauthorized access or data breaches.

In summary, storing TPM owner authorization locally can lead to issues with application compatibility, security risks, and potential loss of critical data."
"fa20c6f8db4b7642e6a35c8067c489c2994e4cd041be35c5d782a2b4f6e84900","TPM Group Policy settings _ Microsoft Learn.pdf","6","You are a helpful assistant for cybersecurity audits. Answer ONLY from the provided chunk. If the answer is not present, reply exactly: 'Not in the provided context.' Include control identifiers/section numbers only if they appear in the chunk.","How might using TPM Group Policy settings affect TPM-based applications, according to the information provided?","Using TPM Group Policy settings might negatively affect TPM-based applications. According to the information provided, these settings can cause issues with some TPM-dependent software because they prevent locally storing TPM owner authorization.

This limitation means that any updates or changes made to the TPM owner authorization through Group Policy will not be persistent and could lead to application errors or unexpected behavior."
"901bf887242f3d9350301b41a1292c264ecad2a9ae85bc72bf0c7186c95cefc3","TPM Group Policy settings _ Microsoft Learn.pdf","6","You are a helpful assistant for cybersecurity audits. Answer ONLY from the provided chunk. If the answer is not present, reply exactly: 'Not in the provided context.' Include control identifiers/section numbers only if they appear in the chunk.","What is the registry key associated with TPM Group Policy settings, as stated in the text?","The registry key associated with TPM Group Policy settings, as stated in the text, is HKEY_LOCAL_MACHINE\SOFTWARE\Policies\Microsoft\. This key stores the policies that govern the Trusted Platform Module (TPM) services on a Windows system."
"8a7c985a1aa1a364b5a456296505a978d7b360fc98169bad5c609780dcd7ea19","TPM Group Policy settings _ Microsoft Learn.pdf","7","You are a helpful assistant for cybersecurity audits. Answer ONLY from the provided chunk. If the answer is not present, reply exactly: 'Not in the provided context.' Include control identifiers/section numbers only if they appear in the chunk.","What are the different TPM owner authorization values and their corresponding settings?","The Trusted Platform Module (TPM) owner authorization values have different settings to control access and security. Here are the key TPM owner authorization values and their corresponding settings:

1. **None (0)**:
   - No authorization is required for TPM commands.

2. **Delegated (2)**):
   - Allows TPM commands to be executed on behalf of the owner, with some restrictions.

3. **Full (4)**):
   - Provides full access to the TPM, allowing all TPM commands to be executed without any authorization checks.

Each setting has its own use case in managing TPM security and access control."
"42c5b917c79d1877581d6389959022708810b956f3c1f797490940eff2220672","TPM Group Policy settings _ Microsoft Learn.pdf","7","You are a helpful assistant for cybersecurity audits. Answer ONLY from the provided chunk. If the answer is not present, reply exactly: 'Not in the provided context.' Include control identifiers/section numbers only if they appear in the chunk.","How does enabling the TPM Group Policy setting affect the storage of TPM owner authorization in Windows?","Enabling the TPM Group Policy setting affects the storage of TPM owner authorization in Windows by following these steps:

1. The policy setting stores the TPM owner authorization value according to the chosen TPM authentication setting.

2. On Windows 10 prior to version 1607, if the policy is disabled or not configured, the default behavior is to store the full authorization value locally.

3. If the Turn on TPM backup to Active Directory Domain Services policy setting is also disabled or not configured, only administrative delegation and user delegation blobs are stored locally.

In summary, enabling this policy setting manages how TPM owner authorization is stored in Windows based on chosen settings and other related policies."
"f2ffe5d99d0bbb7d303fd8585df7c617b1c164bcd5de4cbdb00cf6856c5eafba","TPM Group Policy settings _ Microsoft Learn.pdf","7","You are a helpful assistant for cybersecurity audits. Answer ONLY from the provided chunk. If the answer is not present, reply exactly: 'Not in the provided context.' Include control identifiers/section numbers only if they appear in the chunk.","What is the default duration for counting standard user authorization failures when using TPM commands?","The default duration for counting standard user authorization failures when using TPM commands is not explicitly mentioned in the provided chunk. Therefore, the answer is Not in the provided context."
"a40aea42f36de31f6da9e3e258b8a701e13ed0c519ebc0d61fc3bfd460d6e128","TPM Group Policy settings _ Microsoft Learn.pdf","8","You are a helpful assistant for cybersecurity audits. Answer ONLY from the provided chunk. If the answer is not present, reply exactly: 'Not in the provided context.' Include control identifiers/section numbers only if they appear in the chunk.","What is the standard user lockout duration according to the provided table?","The standard user lockout duration according to the provided table is 10/27/25, 7:31 PM. This indicates the time period during which a standard user account would be locked out after multiple failed login attempts."
"8a0e0f0015d46631ce9e843733698a4798791295ab4c6aa5f257d06f94ae2056","TPM Group Policy settings _ Microsoft Learn.pdf","8","You are a helpful assistant for cybersecurity audits. Answer ONLY from the provided chunk. If the answer is not present, reply exactly: 'Not in the provided context.' Include control identifiers/section numbers only if they appear in the chunk.","How does the TPM enter a global lockout mode for all users and Windows features mentioned in the text?","The TPM (Trusted Platform Module) enters a global lockout mode for all users and Windows features when it detects an excessive number of commands with incorrect authorization values. This lockout is designed to protect the system from unauthorized access attempts. Once triggered, the lockout applies globally, affecting all users, including administrators, and various Windows security features like BitLocker Drive Encryption."
"ed24d16444e08f9f7ff31b8c3210529f918db4a962f5df83a892fcf346665f56","TPM Group Policy settings _ Microsoft Learn.pdf","8","You are a helpful assistant for cybersecurity audits. Answer ONLY from the provided chunk. If the answer is not present, reply exactly: 'Not in the provided context.' Include control identifiers/section numbers only if they appear in the chunk.","According to the document, which group policy settings are related to the Trusted Platform Module (TPM)?","According to the document, the TPM Group Policy settings related to the Trusted Platform Module are as follows:

- **Standard User Lockout Duration**: This setting determines how long a standard user account will be locked out after multiple failed login attempts.

These group policy settings play a crucial role in managing and securing the TPM functionality within a Windows environment."
"9f5e42a0b80298e073d9a30cf1d7f4dbd2196b3221629359cc80deb7511c0caa","TPM Group Policy settings _ Microsoft Learn.pdf","9","You are a helpful assistant for cybersecurity audits. Answer ONLY from the provided chunk. If the answer is not present, reply exactly: 'Not in the provided context.' Include control identifiers/section numbers only if they appear in the chunk.","What is the maximum number of authorization failures allowed for each standard user before they are prevented from sending commands to the TPM?","The maximum number of authorization failures allowed for each standard user before they are prevented from sending commands to the TPM is not explicitly stated in the provided chunk. Therefore, the answer is Not in the provided context."
"e5d1a302a67e50c2db4402d7f3737c108d6f3269c5775719f9d7a38b410c37d0","TPM Group Policy settings _ Microsoft Learn.pdf","9","You are a helpful assistant for cybersecurity audits. Answer ONLY from the provided chunk. If the answer is not present, reply exactly: 'Not in the provided context.' Include control identifiers/section numbers only if they appear in the chunk.","How does this policy setting help administrators prevent TPM lockouts by managing standard user authorization failures?","This policy setting helps administrators prevent TPM lockouts by managing standard user authorization failures through the following mechanisms:

1. **Individual Lockout Threshold**: It sets a maximum number of authorization failures per standard user before they are restricted from sending commands requiring TPM authorization.

2. **Total Lockout Threshold**: This threshold applies to all standard users collectively, preventing them from using TPM-protected commands once the total failure count exceeds this limit.

By setting these thresholds, administrators can strike a balance between security and usability, minimizing the impact of unauthorized access attempts on standard users' experience with the TPM."
"d386382d4f19dcc52297718baaafd4a8d0d8907057ec0d759b57f9a27f1b7df0","TPM Group Policy settings _ Microsoft Learn.pdf","9","You are a helpful assistant for cybersecurity audits. Answer ONLY from the provided chunk. If the answer is not present, reply exactly: 'Not in the provided context.' Include control identifiers/section numbers only if they appear in the chunk.","What is the default value for the Standard User Individual Lockout Threshold policy setting if it's not configured?","The default value for the Standard User Individual Lockout Threshold policy setting if it's not configured is 480 minutes (8 hours). This setting helps administrators prevent TPM hardware lockouts by limiting the number of authorization failures per standard user."
"ea08f89053bfe56f10567b1e8dec9416fa2673d8e17fb052754d9381ae9cca17","TPM Group Policy settings _ Microsoft Learn.pdf","10","You are a helpful assistant for cybersecurity audits. Answer ONLY from the provided chunk. If the answer is not present, reply exactly: 'Not in the provided context.' Include control identifiers/section numbers only if they appear in the chunk.","What is the duration beyond which authorization failures are ignored in the TPM Group Policy settings?","The duration beyond which authorization failures are ignored in the TPM Group Policy settings is specified as a threshold for individual lockouts. However, the exact number or time period is not explicitly stated within the provided chunk."
"e41340a1f6e6945f254b73929a33b2b6ab02831ecde89409e042864f5d6edb70","TPM Group Policy settings _ Microsoft Learn.pdf","10","You are a helpful assistant for cybersecurity audits. Answer ONLY from the provided chunk. If the answer is not present, reply exactly: 'Not in the provided context.' Include control identifiers/section numbers only if they appear in the chunk.","How does an administrator reset the TPM's hardware lockout logic using Windows Defender Security Center?","An administrator can reset the TPM's hardware lockout logic using Windows Defender Security Center as follows:

1. Open the Windows Defender Security Center.
2. Navigate to ""Virus & threat protection"" in the left-hand menu.
3. Under ""Additional security options,"" click on ""Windows Defender Trusted Platform Module (TPM).""
4. In the settings window, you can reset the lockout logic by clicking on the ""Reset TPM hardware lockout logic"" option.
5. Follow any prompts to confirm the action and wait for the process to complete.

Remember that each time an administrator resets the TPM's hardware lockout logic, all prior standard user TPM authorization failures are ignored."
"fc703db0a71b8d9b8318a6b0cb638fd01fa074e4986c802aa71b3b225c98f55b","TPM Group Policy settings _ Microsoft Learn.pdf","10","You are a helpful assistant for cybersecurity audits. Answer ONLY from the provided chunk. If the answer is not present, reply exactly: 'Not in the provided context.' Include control identifiers/section numbers only if they appear in the chunk.","Who can fully reset the TPM's hardware lockout logic?","An administrator with the TPM owner password can fully reset the TPM's hardware lockout logic. This action allows standard users to immediately resume using the TPM normally, as prior authorization failures are ignored after a reset."
"a57fd54bb171476122625ecf1423309395331a7d9851c5ca92cc29e6fc7b5492","TPM Group Policy settings _ Microsoft Learn.pdf","11","You are a helpful assistant for cybersecurity audits. Answer ONLY from the provided chunk. If the answer is not present, reply exactly: 'Not in the provided context.' Include control identifiers/section numbers only if they appear in the chunk.","What are the default Dictionary Attack Prevention Parameters for TPM Group Policy settings?","The default Dictionary Attack Prevention Parameters for TPM Group Policy settings are as follows:

- Lockout Threshold: The default value is 9.
- Recovery Time: The default value is not specified in this chunk.

A value of zero means that standard users won't be allowed to send commands to the TPM, which might cause an authorization failure."
"c51dd035404747a14af55126d4f3e53ff24b22d9b0c01780552d7b04cfb814d8","TPM Group Policy settings _ Microsoft Learn.pdf","11","You are a helpful assistant for cybersecurity audits. Answer ONLY from the provided chunk. If the answer is not present, reply exactly: 'Not in the provided context.' Include control identifiers/section numbers only if they appear in the chunk.","How does configuring the TPM's lockout threshold and recovery time help prevent unauthorized access?","Configuring the TPM's lockout threshold and recovery time helps prevent unauthorized access by implementing a proactive security mechanism.

- Lockout Threshold: This parameter sets the number of consecutive failed authorization attempts allowed before triggering a lockout. By limiting this count, it becomes more difficult for an attacker to guess the correct password or bypass other security measures.

- Recovery Time: After reaching the lockout threshold, the TPM enters a recovery period during which no further authorization attempts are accepted from standard users. This time interval allows the administrator to reset the TPM's settings or take other necessary actions to secure the system.

By setting these parameters, the TPM helps protect against brute-force attacks and unauthorized access attempts, thereby enhancing overall system security."
"68f6c9e12f4b4741f3ebf52ca99a87fac515f580a1cf145aadc8f1c1fb6184ef","TPM Group Policy settings _ Microsoft Learn.pdf","11","You are a helpful assistant for cybersecurity audits. Answer ONLY from the provided chunk. If the answer is not present, reply exactly: 'Not in the provided context.' Include control identifiers/section numbers only if they appear in the chunk.","What is the maximum number of authorization failures allowed by default for standard users in TPM settings?","The maximum number of authorization failures allowed by default for standard users in TPM settings is 9. If this setting is not configured, it uses a default value of 9, with zero meaning that standard users won't be able to send commands causing an authorization failure."
"8bfc3d053b557ecb08fec95401928693180313f874d82a84c449acff1ae333d6","TPM Group Policy settings _ Microsoft Learn.pdf","12","You are a helpful assistant for cybersecurity audits. Answer ONLY from the provided chunk. If the answer is not present, reply exactly: 'Not in the provided context.' Include control identifiers/section numbers only if they appear in the chunk.","What are the Dictionary Attack Prevention Parameters (lockout threshold and recovery time) configured in the TPM Group Policy settings?","The Dictionary Attack Prevention Parameters configured in the TPM Group Policy settings are:

1. Lockout Threshold: This parameter determines the number of consecutive failed authentication attempts required to lock the TPM.

2. Recovery Time: After reaching the lockout threshold, this parameter defines the duration during which the TPM remains locked and requires a recovery key or administrator intervention for unlocking.

These parameters help protect against brute-force attacks on the TPM."
"cde900305751f440efc1edff56ac7bb21a38a6e0e180a33f8e6ec525b20ed73c","TPM Group Policy settings _ Microsoft Learn.pdf","12","You are a helpful assistant for cybersecurity audits. Answer ONLY from the provided chunk. If the answer is not present, reply exactly: 'Not in the provided context.' Include control identifiers/section numbers only if they appear in the chunk.","How does the Trusted Platform Module (TPM) use group policy settings to prevent dictionary attacks?","The Trusted Platform Module (TPM) uses group policy settings to prevent dictionary attacks by implementing specific parameters.

1. Lockout Threshold: This setting determines the number of consecutive failed authentication attempts before the TPM locks out the device.

2. Recovery Time: After reaching the lockout threshold, the recovery time specifies how long the device remains locked and requires a reset or manual intervention.

By configuring these group policy settings, administrators can strengthen their organization's security against dictionary attack threats."
"89316141d13fd27d81fcd8afa9ccf717cb81a58f96841e0b01fd58ec73cab3e1","TPM Group Policy settings _ Microsoft Learn.pdf","12","You are a helpful assistant for cybersecurity audits. Answer ONLY from the provided chunk. If the answer is not present, reply exactly: 'Not in the provided context.' Include control identifiers/section numbers only if they appear in the chunk.","In which version of Windows 10 was the TPM Group Policy setting for Dictionary Attack Prevention introduced?","The TPM Group Policy setting for Dictionary Attack Prevention was introduced in Windows 10, version 1703. This policy configures the Trusted Platform Module (TPM) to use lockout threshold and recovery time parameters to prevent dictionary attacks."
"822616a609a67ae6001a33b3569237a255768f411cea99c75f5b90fb7f3a15d6","TPM Group Policy settings _ Microsoft Learn.pdf","13","You are a helpful assistant for cybersecurity audits. Answer ONLY from the provided chunk. If the answer is not present, reply exactly: 'Not in the provided context.' Include control identifiers/section numbers only if they appear in the chunk.","What are the specific Group Policy settings for disabling the Clear TPM button in Windows Security, and under which conditions do they take effect?","The specific Group Policy setting for disabling the Clear TPM button in Windows Security can be found under:

- Computer Configuration
- Administrative Templates
- Windows Components
- Windows Security
- Device security

To disable the Clear TPM button, you would select ""Enabled"" in this policy setting.

This Group Policy setting takes effect when:
1. The TPM was originally prepared using a version of Windows after Windows 10 Version 1607.
2. The system has a TPM 2.0.

Note that enabling this policy will only take effect after the TPM maintenance task runs, typically after a system restart."
"cf9e20b11c67666f9f9d2eb380cc055d19cb18f1c54c02aef8f1ea1a4d2d97e2","TPM Group Policy settings _ Microsoft Learn.pdf","13","You are a helpful assistant for cybersecurity audits. Answer ONLY from the provided chunk. If the answer is not present, reply exactly: 'Not in the provided context.' Include control identifiers/section numbers only if they appear in the chunk.","How can you prevent users from accessing the Clear TPM button in Windows Security through Group Policy settings?","To prevent users from accessing the Clear TPM button in Windows Security through Group Policy settings, you can follow these steps:

1. Open the Group Policy Management Console (GPMC).
2. Navigate to `Computer Configuration` > `Administrative Templates` > `Windows Components` > `Windows Security` > `Device security`.
3. Locate the policy titled ""Prevent Clear TPM button"" or a similar name.
4. Set the policy to `Enabled`. This will hide the Clear TPM button from users, preventing them from accessing it.

Remember that this change takes effect after the TPM maintenance task runs, typically after a system restart."
"d0753fb36d289259249460d09c10528f60fd5f53d819f0857e071a1ad4766a31","TPM Group Policy settings _ Microsoft Learn.pdf","13","You are a helpful assistant for cybersecurity audits. Answer ONLY from the provided chunk. If the answer is not present, reply exactly: 'Not in the provided context.' Include control identifiers/section numbers only if they appear in the chunk.","What is the recommended setting to hide the TPM Firmware Update recommendation in Windows Security using Group Policy?","To hide the TPM Firmware Update recommendation in Windows Security using Group Policy, you should set the following policy:

**Setting:** Select **Enabled**.

**Explanation:** Enabling this setting prevents users from seeing a recommendation to update their TPM firmware when a vulnerable firmware is detected.

Please note that for this change to take effect, the TPM maintenance task must run after a system restart."
"bf5b5941017ca2736ba7763974157fa66565d7a365f2f66fc57fe171b2a9d5c1","TPM Group Policy settings _ Microsoft Learn.pdf","14","You are a helpful assistant for cybersecurity audits. Answer ONLY from the provided chunk. If the answer is not present, reply exactly: 'Not in the provided context.' Include control identifiers/section numbers only if they appear in the chunk.","What are the specific TPM Group Policy settings mentioned in the 'Microsoft Learn' resource?","The specific TPM Group Policy settings mentioned in the 'Microsoft Learn' resource are not explicitly listed in the provided chunk. Therefore, Not in the provided context. To find the detailed list of these settings, you would need to access the original Microsoft Learn resource or consult the official documentation on Windows security and TPM settings."
"9a5adebab18cc91eb337f7cda9ed137ac9bfafe49111013239dd4ee15d45dc85","TPM Group Policy settings _ Microsoft Learn.pdf","14","You are a helpful assistant for cybersecurity audits. Answer ONLY from the provided chunk. If the answer is not present, reply exactly: 'Not in the provided context.' Include control identifiers/section numbers only if they appear in the chunk.","How can administrators configure TPM settings to meet security requirements as outlined in Microsoft Learn?","Administrators can configure TPM settings to meet security requirements as outlined in Microsoft Learn by following these steps:

1. **Group Policy Management**: Access the Group Policy Editor (GPE) and navigate to `Computer Configuration > Policies > Hardware Settings > Trusted Platform Module`.

2. **TPM Settings**: Within the TPM settings, administrators can configure options such as:
   - **Require Secure Boot**: Enable this option to ensure that only trusted bootloaders are used.
   - **Enable BitLocker Drive Encryption**: If required, enable BitLocker encryption for system drives.
   - **Set TPM Access Control**: Define access permissions for TPM operations.

3. **Testing and Validation**: After configuring the Group Policy settings, administrators should test the changes in a controlled environment to ensure they meet security requirements.

By following these steps, administrators can effectively configure TPM settings according to Microsoft Learn's guidelines."
"683707b51ed387dfb93bb5dffaa67945fc49bc319a567915c9f0c755662a30de","TPM Group Policy settings _ Microsoft Learn.pdf","14","You are a helpful assistant for cybersecurity audits. Answer ONLY from the provided chunk. If the answer is not present, reply exactly: 'Not in the provided context.' Include control identifiers/section numbers only if they appear in the chunk.","What is the link provided for accessing detailed information on TPM Group Policy settings in Windows?","The link provided for accessing detailed information on TPM Group Policy settings in Windows is:

https://learn.microsoft.com/en-us/windows/security/hardware-security/tpm/trusted-platform-module-services-group-policy-settings

This Microsoft Learn page offers comprehensive guidance on configuring and managing TPM settings through Group Policy."
"bd9158fb57c2403b085112fbe9947889e595617d89063538e245a932de821236","Troubleshoot the TPM _ Microsoft Learn.pdf","0","You are a helpful assistant for cybersecurity audits. Answer ONLY from the provided chunk. If the answer is not present, reply exactly: 'Not in the provided context.' Include control identifiers/section numbers only if they appear in the chunk.","What precautions should be taken before clearing all keys from the TPM in Windows 11?","Before clearing all keys from the TPM in Windows 11, it's crucial to take the following precautions:

1. **Backup**: Make sure to back up any sensitive data or files that may be affected by the TPM reset.

2. **Ownership**: Ensure that you have ownership of the device and are authorized to perform this operation.

3. **System Requirements**: Verify that your Windows 11 installation meets the prerequisites for clearing the TPM.

4. **Preventative Measures**: If BitLocker is enabled, ensure that you have a backup key or another method to unlock encrypted data after the TPM reset.

Taking these precautions will minimize potential risks and help you make an informed decision before proceeding with clearing the TPM keys in Windows 11."
"18e7e0fde6d4d45c2f9e4a5cd701f23d07fa4328468186fedf3d7dd5da4788cc","Troubleshoot the TPM _ Microsoft Learn.pdf","0","You are a helpful assistant for cybersecurity audits. Answer ONLY from the provided chunk. If the answer is not present, reply exactly: 'Not in the provided context.' Include control identifiers/section numbers only if they appear in the chunk.","How does Windows automatically initialize and take ownership of the TPM?","Windows automatically initializes and takes ownership of the TPM through a seamless process. When your computer boots up, Windows' operating system driver interacts with the TPM to ensure it's properly configured and secure.

This automatic initialization helps protect sensitive data by providing a hardware-based security solution for encryption and authentication."
"1def81d2e07080774305fcdb9a3b3b0b3d6a8a662ca431812fb1d0803587cb47","Troubleshoot the TPM _ Microsoft Learn.pdf","0","You are a helpful assistant for cybersecurity audits. Answer ONLY from the provided chunk. If the answer is not present, reply exactly: 'Not in the provided context.' Include control identifiers/section numbers only if they appear in the chunk.","What is the recommended action if a non-Microsoft TPM driver is installed on a computer running Windows 11?","The recommended action if a non-Microsoft TPM driver is installed on a computer running Windows 11 is to remove it. This ensures that the default TPM driver provided by Microsoft can load properly, which is crucial for features like BitLocker that rely on the TPM. After removing the non-Microsoft driver, allow the operating system to initialize the TPM automatically."
"871eedbe6825764dae1b9ebbd62978f36b9f107cdec8c6190c535fda90ba3b5d","Troubleshoot the TPM _ Microsoft Learn.pdf","1","You are a helpful assistant for cybersecurity audits. Answer ONLY from the provided chunk. If the answer is not present, reply exactly: 'Not in the provided context.' Include control identifiers/section numbers only if they appear in the chunk.","What are the exact steps and parameters involved in TPM initialization on the specified operating system?","The exact steps and parameters involved in TPM (Trusted Platform Module) initialization on a specified operating system are not explicitly outlined in the provided chunk. However, it can be inferred that the process typically includes:

1. **BIOS/UEFI Configuration**: The TPM is often initialized during the boot process, either through BIOS or UEFI settings.

2. **Driver Installation**: A TPM driver must be installed on the operating system to interact with the hardware module.

3. **Ownership and Configuration**: Once the TPM is recognized by the OS, it may need to be configured for specific security features, such as setting a platform seal or enabling remote attestation.

Without further context or details about the specific operating system in question, these steps provide a general outline of TPM initialization."
"3d86917016298d75cb4a725221ea9d7e0d11a4e16e884c0d068e44b3abcf1595","Troubleshoot the TPM _ Microsoft Learn.pdf","1","You are a helpful assistant for cybersecurity audits. Answer ONLY from the provided chunk. If the answer is not present, reply exactly: 'Not in the provided context.' Include control identifiers/section numbers only if they appear in the chunk.","How does the process of initializing and configuring ownership of the TPM differ from regular TPM setup?","The process of initializing and configuring ownership of the TPM differs from regular TPM setup in several key steps:

1. **Ownership Assertion**: During initialization, the owner must assert their control over the TPM by performing a series of cryptographic operations.

2. **Configuration Settings**: The TPM needs to be configured for specific use cases, such as secure boot or encryption. These settings are managed through the operating system's security APIs.

3. **Ownership Management**: Once ownership is established, it can be managed through various tools and APIs provided by the operating system. This includes the ability to transfer ownership or reset the TPM in case of a security breach.

In summary, initializing and configuring TPM ownership involves more specific cryptographic operations and management settings compared to regular TPM setup."
"936162a087055156c41f0589f3addf40ede9a6cc919e0c77dc9505666b600c2d","Troubleshoot the TPM _ Microsoft Learn.pdf","1","You are a helpful assistant for cybersecurity audits. Answer ONLY from the provided chunk. If the answer is not present, reply exactly: 'Not in the provided context.' Include control identifiers/section numbers only if they appear in the chunk.","What is the recommended frequency for initializing the TPM to ensure optimal security?","The recommended frequency for initializing the TPM (Trusted Platform Module) to ensure optimal security is not explicitly stated in the provided chunk. However, it's generally advised to initialize or configure TPM ownership during system setup or after a hardware upgrade, as part of regular maintenance practices."
"8f3c6908a5c3342e6dfde5a95bf2adb194b60d203aa9cad6f9070f491c6ec5e5","Troubleshoot the TPM _ Microsoft Learn.pdf","2","You are a helpful assistant for cybersecurity audits. Answer ONLY from the provided chunk. If the answer is not present, reply exactly: 'Not in the provided context.' Include control identifiers/section numbers only if they appear in the chunk.","What are the specific network connection requirements for Windows 11 TPM initialization?","Windows 11 TPM initialization requires a specific network connection setup. When facing issues during initialization due to network connectivity problems and certain conditions, it's crucial that:

- The device has a network connection to the corporate network.
- There should be no barriers preventing communication with a domain controller.

If these requirements are met, Windows can successfully initialize the TPM during a connected session with access to domain controllers."
"c6782f07dfd2579a1b701fd0dfe1c509c381d7e056721be918f483aff2e939c0","Troubleshoot the TPM _ Microsoft Learn.pdf","2","You are a helpful assistant for cybersecurity audits. Answer ONLY from the provided chunk. If the answer is not present, reply exactly: 'Not in the provided context.' Include control identifiers/section numbers only if they appear in the chunk.","How can I resolve the issue where TPM initialization fails due to network connectivity issues and AD DS configuration?","To resolve the issue with TPM initialization failing due to network connectivity issues and AD DS configuration, follow these steps:

1. **Ensure Network Connectivity:** Make sure your device has a stable connection to the corporate network or a reachable domain controller.

2. **Temporarily Disable AD DS Requirement:** If possible, temporarily disable the requirement for TPM recovery information in AD DS. This can be done through group policy settings.

3. **Attempt Initialization Again:** With the temporary changes made, try initializing the TPM again while connected to the network.

4. **Re-enable AD DS Configuration and Troubleshoot Further:** After a successful initialization, you can re-enable the AD DS requirement if needed. If issues persist, consult Windows documentation or seek professional assistance.

Not in the provided context."
"2d4bb6ea35d69a3ce9dfcb7bf5cb02507239d8aefcc65c4abef58ea1e1835e9e","Troubleshoot the TPM _ Microsoft Learn.pdf","2","You are a helpful assistant for cybersecurity audits. Answer ONLY from the provided chunk. If the answer is not present, reply exactly: 'Not in the provided context.' Include control identifiers/section numbers only if they appear in the chunk.","What is the recommended action to avoid TPM initialization problems when connected to a corporate network?","To avoid TPM initialization problems when connected to a corporate network, the recommended action is as follows:

1. Ensure proper connection: Maintain a stable network connection to your internal network and domain controllers.

2. Configure TPM settings: If an administrator has configured your device to require TPM recovery information in AD DS, ensure that this requirement is met.

3. Reach domain controller: Make sure you can access a domain controller when initializing the TPM, as network issues or unavailable controllers may cause problems.

By following these steps, you can minimize the chances of encountering TPM initialization issues while connected to your corporate network."
"9d72090f62f7a5c88c0e79ac8e7b19f2a3f6cac7f267c75625ef529babcc04ec","Troubleshoot the TPM _ Microsoft Learn.pdf","3","You are a helpful assistant for cybersecurity audits. Answer ONLY from the provided chunk. If the answer is not present, reply exactly: 'Not in the provided context.' Include control identifiers/section numbers only if they appear in the chunk.","What specific steps are required to clear all keys from the TPM during a clean installation of Windows 11?","During a clean installation of Windows 11, clearing all keys from the TPM (Trusted Platform Module) involves several steps:

1. **Backup**: Before proceeding, it's recommended to back up any important data.

2. **Preparation**: Ensure that your system is disconnected from any domain or network.

3. **TPM Initialization**: Open Device Manager and locate the TPM device. Right-click and select ""Properties"" > ""Security"" tab. Click ""Initialize"" and follow the prompts.

4. **Ownership Configuration**: After initialization, configure ownership of the TPM by following the instructions provided in the link you mentioned.

5. **Clearing Keys**: Once ownership is set, you can clear all keys from the TPM using the appropriate TPM management tools or software.

Remember to proceed with caution and ensure that any actions taken do not compromise your system's security."
"4ed6a2031d0d29ee20543a9e398cc8d66dc2c8e9e0d86fa375750a6b6a146cc8","Troubleshoot the TPM _ Microsoft Learn.pdf","3","You are a helpful assistant for cybersecurity audits. Answer ONLY from the provided chunk. If the answer is not present, reply exactly: 'Not in the provided context.' Include control identifiers/section numbers only if they appear in the chunk.","How does preparing for a clean install ensure that the new operating system can deploy TPM-based functionality?","Preparing for a clean installation ensures that the new operating system can deploy TPM-based functionality by following these steps:

1. **Preserving TPM ownership**: A clean install often requires reinitializing and configuring TPM ownership. This ensures that any TPM-secured features work seamlessly.

2. **Supporting attestation**: TPMs are commonly used for secure remote attestation, which验证 the integrity of a device's software. A clean install should account for this functionality.

3. **Avoiding conflicts**: By preparing for a clean install, you minimize the chances of conflicts with existing software or configurations that could affect TPM functionality.

In summary, a clean installation prepares the system to deploy TPM-based features by preserving ownership, supporting attestation, and avoiding conflicts."
"80a5768e2ab2cc8814878aca56b1ce1f9e524cc282ee6885b59c0582e6f8f31a","Troubleshoot the TPM _ Microsoft Learn.pdf","3","You are a helpful assistant for cybersecurity audits. Answer ONLY from the provided chunk. If the answer is not present, reply exactly: 'Not in the provided context.' Include control identifiers/section numbers only if they appear in the chunk.","What is the automatic process that occurs when the TPM reinitializes and takes ownership again?","The automatic process that occurs when the TPM (Trusted Platform Module) reinitializes and takes ownership again is known as ""TPM ownership restoration."" This process ensures that the TPM can function properly within the system, enabling any TPM-based functionalities like attestation to operate seamlessly."
"c9624a4c0f49f536b8354035468ba6ea1057c811d06a498a974091e8c841a57d","Troubleshoot the TPM _ Microsoft Learn.pdf","4","You are a helpful assistant for cybersecurity audits. Answer ONLY from the provided chunk. If the answer is not present, reply exactly: 'Not in the provided context.' Include control identifiers/section numbers only if they appear in the chunk.","What precautions should be taken before clearing the TPM, specifically mentioning data loss and recommended steps?","Before clearing the TPM to prevent data loss, it's essential to take the following precautions:

1. **Backup important data**: Ensure that you have a recent backup of any critical files or data protected by the TPM.

2. **Instructed by IT admin**: If you're working on a device owned by your organization, make sure you've been instructed by your IT administrator to clear the TPM.

3. **Operating system functionality**: Use built-in operating system tools (e.g., TPM.msc) for clearing the TPM, rather than directly accessing it from UEFI.

4. **Hardware documentation**: Before proceeding, consult the device's manual or manufacturer's website for specific instructions on clearing the TPM.

Taking these precautions will help minimize data loss and ensure a smoother process when clearing the TPM."
"099b796304039f1de18e077c75507f177a0f4d7739372fea711f4bf2d88a93c4","Troubleshoot the TPM _ Microsoft Learn.pdf","4","You are a helpful assistant for cybersecurity audits. Answer ONLY from the provided chunk. If the answer is not present, reply exactly: 'Not in the provided context.' Include control identifiers/section numbers only if they appear in the chunk.","Before clearing the TPM, what are the essential precautions to protect against potential data loss?","Before clearing the TPM to protect against potential data loss, it's essential to take the following precautions:

1. **Backup important data**: Ensure that you have a recent backup of any critical files or data protected by the TPM.

2. **Review system requirements**: Read your computer's manual or manufacturer's website for specific instructions on clearing the TPM safely.

3. **Permissions and ownership**: Make sure you have the necessary permissions as an administrator to clear the TPM without causing unintended consequences.

By following these precautions, you can minimize the risk of data loss when clearing the TPM on your device."
"53615418fb50247bd54bed03aceb5526c0819367ed7daf734d8882fcd773bc50","Troubleshoot the TPM _ Microsoft Learn.pdf","4","You are a helpful assistant for cybersecurity audits. Answer ONLY from the provided chunk. If the answer is not present, reply exactly: 'Not in the provided context.' Include control identifiers/section numbers only if they appear in the chunk.","When prompted to clear the TPM during a device restart, what is the expected confirmation action from the user?","When prompted to clear the TPM during a device restart, the expected confirmation action from the user is typically pressing a button or confirming the action on the screen, as it signifies their intention to proceed with clearing the TPM."
"e9d2a5d53a0b51191cfc92fa6a5dda30fd641111564b5b62fee1fc2a2777146c","Troubleshoot the TPM _ Microsoft Learn.pdf","5","You are a helpful assistant for cybersecurity audits. Answer ONLY from the provided chunk. If the answer is not present, reply exactly: 'Not in the provided context.' Include control identifiers/section numbers only if they appear in the chunk.","What are the steps to turn on the TPM after it has been turned off, as described in the 'Precautions to take before clearing the TPM' section?","To turn on the TPM after it has been turned off, follow these steps as described in the 'Precautions to take before clearing the TPM' section:

1. Open the TPM MMC (tpm.msc).
2. In the Action pane, select ""Turn TPM On"" to access the Turn on the TPM Security Hardware page.
3. Read and follow the instructions provided on the page.
4. Select either ""Shutdown"" or ""Restart"", then proceed with the UEFI screen prompts.

After the device restarts, you'll be prompted to accept the reconfiguration of the TPM."
"1902addd1da2fb08c361b11930515281ae95d8320da71d013033cf97c8480695","Troubleshoot the TPM _ Microsoft Learn.pdf","5","You are a helpful assistant for cybersecurity audits. Answer ONLY from the provided chunk. If the answer is not present, reply exactly: 'Not in the provided context.' Include control identifiers/section numbers only if they appear in the chunk.","How can you reconfigure the TPM after turning it off, following the instructions provided in the text?","To reconfigure the TPM after turning it off, follow these steps as described in the text:

1. Open the TPM MMC (tpm.msc).
2. In the Action pane, select ""Turn TPM On"" to access the Turn on TPM Security Hardware page.
3. Read the instructions carefully and proceed accordingly.
4. Select either ""Shutdown"" or ""Restart"", then follow the UEFI screen prompts.
5. After the device restarts, you'll be prompted to accept the reconfiguration of the TPM.

Remember to ensure physical access to the computer before proceeding with these steps."
"7832c38ba4f109521cf1f1e0979e3d8947deff24bb0b73e42fb707a3d28c60c1","Troubleshoot the TPM _ Microsoft Learn.pdf","5","You are a helpful assistant for cybersecurity audits. Answer ONLY from the provided chunk. If the answer is not present, reply exactly: 'Not in the provided context.' Include control identifiers/section numbers only if they appear in the chunk.","What method should you use to enter your owner password when turning off the TPM, as mentioned in the text?","When turning off the TPM as mentioned in the text, you should use one of the following methods to enter your owner password:

1. If you have a removable storage device with your saved TPM owner password:
   - Select ""I have the owner password file.""
   - Locate and select the .tpm file.

2. If you don't have the password file or can't remember it:
   - Select ""I want to enter the password.""
   - Type your TPM owner password (including hyphens) into the provided dialog box.

Not in the provided context."
"0ecc12eb70a4491ae5fe8b7c67879930acf889a215297981478de3940a9c78dd","Troubleshoot the TPM _ Microsoft Learn.pdf","6","You are a helpful assistant for cybersecurity audits. Answer ONLY from the provided chunk. If the answer is not present, reply exactly: 'Not in the provided context.' Include control identifiers/section numbers only if they appear in the chunk.","How do you type your TPM owner password in the 'Type your TPM owner password' dialog box, and then turn TPM off?","To type your TPM owner password in the 'Type your TPM owner password' dialog box and then turn TPM off, follow these steps:

1. Open the Microsoft Learn document on Troubleshooting TPM.
2. Locate the section discussing ""Initialize and Configure Ownership of the TPM.""
3. In the provided chunk, you'll find instructions for entering the TPM owner password: ""In the Type your TPM owner password dialog box, type your password (including hyphens), and then select Turn TPM Off."""
"56926cda46ced749449d8ec08adbc0b7dc098a2cd92b9a458d5fb4c152a8da8b","Troubleshoot the TPM _ Microsoft Learn.pdf","6","You are a helpful assistant for cybersecurity audits. Answer ONLY from the provided chunk. If the answer is not present, reply exactly: 'Not in the provided context.' Include control identifiers/section numbers only if they appear in the chunk.","What action should you take if you don't have your TPM owner password or can't remember it?","If you don't have your TPM owner password or can't remember it, the recommended action is to:

1. **Turn TPM Off**: In the Type your TPM owner password dialog box, select ""Turn TPM Off"" as an alternative.

2. **Reset or Reinitialize TPM**: Depending on your system's requirements and security policies, you may need to reset or reinitialize the TPM for further setup.

It's crucial to follow these steps carefully, as they can impact your device's security configuration."
"c39189ae27658bf6727206b506778606107be8999c04f14e4463d8b396f0661b","Troubleshoot the TPM _ Microsoft Learn.pdf","6","You are a helpful assistant for cybersecurity audits. Answer ONLY from the provided chunk. If the answer is not present, reply exactly: 'Not in the provided context.' Include control identifiers/section numbers only if they appear in the chunk.","In the process of configuring TPM ownership, where does the option to turn TPM off appear?","In the process of configuring TPM ownership, an option to turn TPM off appears during the initial setup steps. Specifically, when prompted for your TPM owner password, after entering the password and selecting ""Turn TPM Off"" from the options presented."
"2ecbe178295ac006c214ea43bd8f9f65d99756e8655f38be65cdf2158c99c191","Troubleshoot the TPM _ Microsoft Learn.pdf","7","You are a helpful assistant for cybersecurity audits. Answer ONLY from the provided chunk. If the answer is not present, reply exactly: 'Not in the provided context.' Include control identifiers/section numbers only if they appear in the chunk.","How can one turn off the TPM without entering the owner password, as described in the UEFI screens sequence?","To turn off the TPM without entering the owner password during UEFI screens, follow these steps:

1. Access the UEFI setup by restarting your computer and pressing the key indicated on the screen (usually F2, F10, or others).

2. Navigate through the UEFI menus until you reach the ""Security"" or ""TPM"" settings.

3. Look for an option that says ""Reset TPM"" or ""Deactivate TPM."" This may also be labeled as ""Turn off TPM"" or a similar phrase.

4. Select this option, and follow any on-screen prompts to confirm the action. The TPM should now be deactivated without requiring the owner password.

Remember to check your computer's documentation or manufacturer's website for specific instructions, as different systems may have slightly different procedures."
"2eceefc1f59178eb0f403b0925232da335de249f2630dd6aa4002c63d8d7cd97","Troubleshoot the TPM _ Microsoft Learn.pdf","7","You are a helpful assistant for cybersecurity audits. Answer ONLY from the provided chunk. If the answer is not present, reply exactly: 'Not in the provided context.' Include control identifiers/section numbers only if they appear in the chunk.","What is the recommended method for managing the TPM using Windows PowerShell, as mentioned in the text?","The recommended method for managing the TPM using Windows PowerShell, as mentioned in the text, is to utilize the TPM cmdlets available in Windows PowerShell. These cmdlets enable you to perform various TPM-related tasks, such as initializing and configuring ownership of the TPM. For detailed instructions on these cmdlets, refer to the ""TPM Cmdlets in Windows PowerShell"" documentation."
"363d074bbeac56e6553f263c1a6e976dda756b58da9eead79f22f54c1c07af1f","Troubleshoot the TPM _ Microsoft Learn.pdf","7","You are a helpful assistant for cybersecurity audits. Answer ONLY from the provided chunk. If the answer is not present, reply exactly: 'Not in the provided context.' Include control identifiers/section numbers only if they appear in the chunk.","Where can one find detailed information about TPM cmdlets in Windows PowerShell, as alluded to in the chunk?","Detailed information about TPM cmdlets in Windows PowerShell can be found at the following location:

1. Microsoft Learn URL: <https://learn.microsoft.com/en-us/Windows/security/hardware-security/tpm/initialize-and-configure-ownership-of-the-tpm> 

Here, you will find step-by-step instructions and guidance on how to use TPM cmdlets effectively in Windows PowerShell for managing hardware security."
"d7cc992cc85c4432faa723542e77c99f59b1d2f85d26d25bbe1ecc9241d44d5c","Trusted Platform Module (TPM) fundamentals _ Microsoft Learn.pdf","0","You are a helpful assistant for cybersecurity audits. Answer ONLY from the provided chunk. If the answer is not present, reply exactly: 'Not in the provided context.' Include control identifiers/section numbers only if they appear in the chunk.","What are the primary functions of a TPM, and how do they mitigate dictionary attacks?","A TPM (Trusted Platform Module) primarily serves to enhance security by mitigating dictionary attacks. Its key functions include:

1. **Key storage and management**: The TPM securely stores private encryption keys, preventing unauthorized access.

2. **Wrapping and binding keys**: TPMs can encrypt keys using a storage root key, making them less vulnerable to dictionary attacks.

3. **Sealing data to platform measurements**: By sealing data to specific hardware or software characteristics, the TPM ensures that data can only be accessed under certain conditions.

In summary, the TPM's primary functions are to securely store and manage encryption keys, protect against dictionary attacks through key wrapping, and seal data to ensure it remains secure under specific platform conditions."
"5d6c67f1504f62177dfc15e3cf3ad0e501323c6fac60a34ed65b73b1babec982","Trusted Platform Module (TPM) fundamentals _ Microsoft Learn.pdf","0","You are a helpful assistant for cybersecurity audits. Answer ONLY from the provided chunk. If the answer is not present, reply exactly: 'Not in the provided context.' Include control identifiers/section numbers only if they appear in the chunk.","How does a TPM protect encryption keys from unauthorized access or disclosure?","A TPM protects encryption keys from unauthorized access or disclosure by implementing several key security features:

1. **Storage of Key Portions**: The TPM separates the private portion of a key pair, keeping it securely within the chip.

2. **Wrapping and Binding**: TPMs can create keys that are wrapped and tied to specific platform measurements. This ensures that the key can only be unwrapped under the same conditions as when it was created.

3. **Endorsement Key Security**: The private portion of a storage root key (endorsement key) is never exposed outside the TPM, providing an additional layer of protection.

By employing these mechanisms, a TPM helps safeguard encryption keys from unauthorized access or disclosure."
"5d51ea4907e6a1c55e596237f325f43da58ba139aaca17e3c3173690b780e3e4","Trusted Platform Module (TPM) fundamentals _ Microsoft Learn.pdf","0","You are a helpful assistant for cybersecurity audits. Answer ONLY from the provided chunk. If the answer is not present, reply exactly: 'Not in the provided context.' Include control identifiers/section numbers only if they appear in the chunk.","What is the storage root key in a TPM, and why is its private portion never exposed?","The storage root key in a TPM (Trusted Platform Module) serves as the primary wrapping key for cryptographic keys. Its private portion is never exposed because it's securely stored within the TPM itself.

This level of security is crucial to mitigate dictionary attacks, where an attacker tries to guess passwords or encryption keys by brute force or other methods. By keeping the storage root key's private portion hidden, the TPM helps ensure the integrity and confidentiality of sensitive data."
"f577d52a92b4d8aa580fac5e7610f2c348508d7ccf497dd83f0fd7e649516fcf","Trusted Platform Module (TPM) fundamentals _ Microsoft Learn.pdf","1","You are a helpful assistant for cybersecurity audits. Answer ONLY from the provided chunk. If the answer is not present, reply exactly: 'Not in the provided context.' Include control identifiers/section numbers only if they appear in the chunk.","What are the key hardware and firmware components of a TPM, and how do they ensure data security?","A Trusted Platform Module (TPM) consists of several key hardware and firmware components that ensure data security:

1. **Hardware Components**:
   - **Secure Element**: A tamper-resistant microcontroller that stores cryptographic keys.
   - **Platform Controller Interface (PCI)**: Connects the TPM to the system bus, allowing communication with the operating system.

2. **Firmware Components**:
   - **TPM Firmware**: Self-contained code running on the secure element. It handles key management, encryption, and attestation operations.
   - **Driver Software**: Communicates between the TPM and the operating system, enabling access to TPM functionality.

These components work together to provide a secure foundation for data storage and processing in a computing environment."
"9e20e400ab027516e628f19dc5031952853b4d4b16d4fad21ca94541e3f7de69","Trusted Platform Module (TPM) fundamentals _ Microsoft Learn.pdf","1","You are a helpful assistant for cybersecurity audits. Answer ONLY from the provided chunk. If the answer is not present, reply exactly: 'Not in the provided context.' Include control identifiers/section numbers only if they appear in the chunk.","How does a TPM help protect sensitive information by separating private keys from operating system memory?","A TPM (Trusted Platform Module) helps protect sensitive information by implementing a secure separation between private keys and operating system memory.

1. Key isolation: The TPM stores private keys in an isolated area that isn't accessible to the operating system.
2. Memory protection: By keeping key-related data separate from the main system memory, the TPM reduces the risk of unauthorized access or tampering.
3. Assurances on system trustworthiness: Before unsealing keys for use, the TPM can provide assurances about the system's state, enhancing overall security.

In summary, a TPM helps protect sensitive information by isolating private keys from operating system memory and providing additional assurance on system trustworthiness."
"657c6dc682fa42450e036e8776d55b4abdf895e28fa4bf2824ff16843251bc89","Trusted Platform Module (TPM) fundamentals _ Microsoft Learn.pdf","1","You are a helpful assistant for cybersecurity audits. Answer ONLY from the provided chunk. If the answer is not present, reply exactly: 'Not in the provided context.' Include control identifiers/section numbers only if they appear in the chunk.","What is the purpose of sealing keys to a TPM, and how does it contribute to system trustworthiness?","Sealing keys to a Trusted Platform Module (TPM) serves several purposes that contribute to system trustworthiness. Key benefits include:

1. **Enhanced Security**: By keeping private key portions separate from the operating system's memory, the TPM reduces the risk of unauthorized access.

2. **Tamper Detection**: The TPM's internal firmware and logic circuits allow it to detect any tampering with the sealed keys or the platform itself.

3. **Provenance Assurance**: Before keys are unsealed, the TPM can provide assurance about the system's state, which is crucial for maintaining trust in the system.

In summary, sealing keys to"
"b989568c567da93603dd1e54c34a3558f8028c4b3cf296833a9d9153088da7e1","Trusted Platform Module (TPM) fundamentals _ Microsoft Learn.pdf","2","You are a helpful assistant for cybersecurity audits. Answer ONLY from the provided chunk. If the answer is not present, reply exactly: 'Not in the provided context.' Include control identifiers/section numbers only if they appear in the chunk.","What are the specific components and functions of Measured Boot with attestation support as described in this chunk?","Measured Boot with attestation support in the Trusted Platform Module (TPM) provides a secure foundation for booting and operating systems. Key components and functions include:

1. **Trusted Boot Sequence**: It ensures that only genuine system components are loaded during the boot process.

2. **Attestation Support**: This feature allows the TPM to provide evidence of its state, ensuring the integrity of the platform.

3. **Secure Log**: Measured Boot maintains a secure log of all boot components, enabling anti-malware software to verify trustworthiness.

4. **Remote Evaluation**: The secure log can be sent to a remote server for analysis and remediation actions.

In summary, Measured Boot with attestation support in the TPM provides a robust mechanism for ensuring system integrity and facilitating remote security assessments."
"ba6d764227ffae8d1bd1ec21378b010b48adff8e4f1556f1d1ead74e610f16f2","Trusted Platform Module (TPM) fundamentals _ Microsoft Learn.pdf","2","You are a helpful assistant for cybersecurity audits. Answer ONLY from the provided chunk. If the answer is not present, reply exactly: 'Not in the provided context.' Include control identifiers/section numbers only if they appear in the chunk.","How does the Measured Boot feature with attestation support help anti-malware software ensure system integrity?","The Measured Boot feature with attestation support plays a crucial role in ensuring system integrity for anti-malware software. Here's how it works:

1. **Trusted boot sequence**: Measured Boot starts by verifying a trusted boot image, which prevents unauthorized modifications during startup.

2. **Attestation support**: The feature allows the system to provide evidence of its state, such as the presence of specific hardware or software components.

3. **Malware detection**: Anti-malware software can use the Measured Boot logs and attestation information to verify that system components are not compromised by malware.

In summary, the Measured Boot feature with attestation support enhances anti-malware efforts by providing a trusted boot process and enabling verification of system integrity."
"14a8cfd6479d14de7d8f60d0f48833f1d224048a033de826e1e21a0fd8322c5f","Trusted Platform Module (TPM) fundamentals _ Microsoft Learn.pdf","2","You are a helpful assistant for cybersecurity audits. Answer ONLY from the provided chunk. If the answer is not present, reply exactly: 'Not in the provided context.' Include control identifiers/section numbers only if they appear in the chunk.","What is the primary purpose of the TPM- based Virtual Smart Card mentioned in this text?","The primary purpose of the TPM-based Virtual Smart Card mentioned in this text is to enhance security and authentication for users. This technology leverages the Trusted Platform Module (TPM) to create a virtual smart card that securely stores sensitive information and facilitates secure transactions.

Key features of TPM-based Virtual Smart Cards include:

1. Enhanced security: The TPM provides hardware-level security, making it difficult for attackers to compromise the virtual smart card.

2. Attestation: TPM's attestation feature allows users to verify the authenticity and integrity of their virtual smart card.

3. Centralized management: Group Policy settings can be used to control TPM services centrally,"
"9aa25e7152ea27882df779b545136b11063eb3d73c4671a434cc62409abdded7","Trusted Platform Module (TPM) fundamentals _ Microsoft Learn.pdf","3","You are a helpful assistant for cybersecurity audits. Answer ONLY from the provided chunk. If the answer is not present, reply exactly: 'Not in the provided context.' Include control identifiers/section numbers only if they appear in the chunk.","What are the requirements for physical presence in TPM 1.2 operations as per TCG specifications?","According to the TCG specifications for TPM 1.2, physical presence is required for certain operations. These requirements typically involve:

1. **Turn-on**: Initiating the TPM's operation usually requires pressing a key or some form of user interaction.

2. **Turn-off**: Safely shutting down the TPM may also require physical intervention to prevent accidental activation.

3. **Clearing**: Erasing the TPM's contents, which could be critical for security, typically necessitates a physical action.

It is important to note that these requirements are standard as per TCG specifications and may vary depending on the specific TPM implementation by individual OEMs."
"953362a85d8b05960d968a925f0ecf2b8d11c54cc2dbd5beb437eaf2785a3655","Trusted Platform Module (TPM) fundamentals _ Microsoft Learn.pdf","3","You are a helpful assistant for cybersecurity audits. Answer ONLY from the provided chunk. If the answer is not present, reply exactly: 'Not in the provided context.' Include control identifiers/section numbers only if they appear in the chunk.","How does Windows manage and initialize the TPM to ensure it's in an enabled, activated, and owned state?","Windows manages and initializes the TPM (Trusted Platform Module) through a series of automatic processes. When a new Windows installation occurs, the TPM is brought to an enabled state:

1. **Automatic Initialization**: Windows automatically initializes the TPM during system setup.

2. **Enabled State**: Once initialized, the TPM enters an enabled state, allowing for cryptographic operations and secure key storage.

Windows ensures that the TPM is also activated and owned, which are additional security measures. These actions are typically not automatable without user interaction, as specified by TCG (Trusted Computing Group) specifications for TPMs."
"20733d99502862433d16610bdd2b437d602ed137823b42511adb5de3d424bdf5","Trusted Platform Module (TPM) fundamentals _ Microsoft Learn.pdf","3","You are a helpful assistant for cybersecurity audits. Answer ONLY from the provided chunk. If the answer is not present, reply exactly: 'Not in the provided context.' Include control identifiers/section numbers only if they appear in the chunk.","What is a Virtual Smart Card and how does it use the TPM chip?","A Virtual Smart Card is an emulation of traditional smart cards that utilizes the functionality of a Trusted Platform Module (TPM) chip. Instead of using a separate physical card and reader, the TPM enables secure storage and management of certificates and RSA keys.

Key points about Virtual Smart Cards and TPMs:

1. Emulates traditional smart cards.
2. Utilizes TPM for strong key protection.
3. Reduces management costs compared to physical smart cards.
4. Always available on the device, requiring separate issuance per device for multiple users.
5. Can be managed using Windows PowerShell cmdlets."
"3a6449559cd5b5e7ed854132f0ef8fc9e1fcf0a530bed06213339ac8575684ca","Trusted Platform Module (TPM) fundamentals _ Microsoft Learn.pdf","4","You are a helpful assistant for cybersecurity audits. Answer ONLY from the provided chunk. If the answer is not present, reply exactly: 'Not in the provided context.' Include control identifiers/section numbers only if they appear in the chunk.","What are the recommended security keys for new Windows installations, and how do they integrate with Windows Hello for Business or FIDO2?","For new Windows installations, Microsoft recommends using Windows Hello for Business or FIDO2 security keys. These keys integrate seamlessly with the authentication process, enhancing security and user convenience. By leveraging these security measures, users can ensure a more secure and streamlined experience on their Windows devices."
"d22952bd49cadee55c840a1be24589ddadcf9e6459be6156961b9d9e233bf15a","Trusted Platform Module (TPM) fundamentals _ Microsoft Learn.pdf","4","You are a helpful assistant for cybersecurity audits. Answer ONLY from the provided chunk. If the answer is not present, reply exactly: 'Not in the provided context.' Include control identifiers/section numbers only if they appear in the chunk.","How does TPM-based certificate storage enhance system security in a Microsoft environment?","Trusted Platform Module (TPM)-based certificate storage enhances system security in a Microsoft environment by providing several key benefits:

1. **Hardware-level encryption**: TPM securely stores certificates at the hardware level, reducing the risk of unauthorized access.

2. **Tamper resistance**: The TPM's built-in sensors detect any physical tampering, alerting administrators to potential security breaches.

3. **Secure key management**: TPM can store and manage cryptographic keys, streamlining the process for secure certificate deployment.

4. **Integration with authentication methods**: As mentioned in the chunk, TPM supports Windows Hello for Business or FIDO2, providing a strong foundation for multi-factor authentication.

By leveraging TPM's capabilities, Microsoft environments benefit from increased security, reduced risk of data breaches, and streamlined key management processes."
"3fc1a9a50509b82e5907195aafa94f395477d1576325da2d07ea5aa60171b8a9","Trusted Platform Module (TPM) fundamentals _ Microsoft Learn.pdf","4","You are a helpful assistant for cybersecurity audits. Answer ONLY from the provided chunk. If the answer is not present, reply exactly: 'Not in the provided context.' Include control identifiers/section numbers only if they appear in the chunk.","What is the primary role of TPM (Trusted Platform Module) in ensuring compliance and security within a Windows system?","The primary role of TPM (Trusted Platform Module) in ensuring compliance and security within a Windows system is to provide a secure hardware-based platform for storing sensitive data and executing trusted applications.

- **Secure storage**: TPM enables the secure storage of cryptographic keys, certificates, and other sensitive information.

- **Integrity checks**: TPM performs hardware-based integrity checks on system boot-up, ensuring that only genuine software can run.

- **Hardware-based authentication**: TPM supports various authentication methods, such as Windows Hello for Business or FIDO2 security keys, enhancing the overall security posture of the system."
"4e643b0959d87ae6772e106ac59d2942e8b556d0622a9766ca66c57de9e148b9","Trusted Platform Module (TPM) fundamentals _ Microsoft Learn.pdf","5","You are a helpful assistant for cybersecurity audits. Answer ONLY from the provided chunk. If the answer is not present, reply exactly: 'Not in the provided context.' Include control identifiers/section numbers only if they appear in the chunk.","What is the process by which a trusted application uses TPM, specifically involving endorsement keys and their role in binding user identity to a device?","A trusted application using a Trusted Platform Module (TPM) involves several key steps. The process starts with endorsement keys, which are RSA key pairs. The private half of this key pair is securely stored within the TPM.

Endorsement keys play a crucial role in binding user identity to a device. When a user certificate, with a TPM-attested key, is used, it provides higher security assurance due to nonexportability, anti-hammering protection, and isolation of keys provided by the TPM.

In summary, a trusted application using TPM involves leveraging endorsement keys for secure storage and user identification. The TPM's features, such as anti-hammering protection, contribute to enhanced security for the device and its users."
"5bd893fb91863a45845aa3cfbb7956ad2e9778c6f6007088069e05b3a2b8adc0","Trusted Platform Module (TPM) fundamentals _ Microsoft Learn.pdf","5","You are a helpful assistant for cybersecurity audits. Answer ONLY from the provided chunk. If the answer is not present, reply exactly: 'Not in the provided context.' Include control identifiers/section numbers only if they appear in the chunk.","How does TPM key attestation ensure the security of private keys, and what is the purpose of endorsement keys in this context?","TPM key attestation ensures the security of private keys by relying on endorsement keys. These endorsement keys are RSA key pairs, with the private half securely stored within the TPM.

The purpose of endorsement keys is to bind user identities to devices. When a certification authority verifies a private key's protection by a TPM, they trust the endorsement key as a trusted anchor.

In summary, TPM key attestation uses endorsement keys to secure private keys and establish a trusted relationship between users and devices."
"59cd806906c8f1edd4aa9dff36aa37da830faa2663bccad03bb6488ce073390c","Trusted Platform Module (TPM) fundamentals _ Microsoft Learn.pdf","5","You are a helpful assistant for cybersecurity audits. Answer ONLY from the provided chunk. If the answer is not present, reply exactly: 'Not in the provided context.' Include control identifiers/section numbers only if they appear in the chunk.","What is the anti-hammering protection mechanism in TPMs, and how does it prevent brute force attacks on authorization values?","The anti-hammering protection mechanism in TPMs serves as a safeguard against brute force attacks on authorization values. This mechanism works by limiting the number of consecutive failed authorization attempts allowed before imposing a lockout.

Key points:
1. Protects against brute force attacks.
2. Sets a limit on consecutive failed attempts.
3. Locks out access after reaching the predefined threshold."
"d2a9c9587f80434fc0ad916011f828ca5a5560150f6b7b694f840a231a9a707c","Trusted Platform Module (TPM) fundamentals _ Microsoft Learn.pdf","6","You are a helpful assistant for cybersecurity audits. Answer ONLY from the provided chunk. If the answer is not present, reply exactly: 'Not in the provided context.' Include control identifiers/section numbers only if they appear in the chunk.","What is the purpose of anti-hammering protection in TPM 2.0, and how does it work?","Anti-hammering protection in TPM 2.0 serves to prevent unauthorized access attempts from overwhelming the platform's security mechanisms.

This protection mechanism works by implementing a timeout or rate-limiting feature. When an authentication attempt is made, the TPM checks if it's within the allowed number of attempts within a specified time frame.

If the number of attempts exceeds the threshold or the time limit expires, the TPM blocks further access attempts for a period, thereby preventing hammering attacks and maintaining platform security."
"ef0b1f508cef577c9864b6f45554a09f2ac00332012ba86c9acdd8fc17a05e31","Trusted Platform Module (TPM) fundamentals _ Microsoft Learn.pdf","6","You are a helpful assistant for cybersecurity audits. Answer ONLY from the provided chunk. If the answer is not present, reply exactly: 'Not in the provided context.' Include control identifiers/section numbers only if they appear in the chunk.","How does endorsement key attestation contribute to the security of a Trusted Platform Module?","Endorsement key attestation plays a crucial role in enhancing the security of a Trusted Platform Module (TPM). This process involves verifying the authenticity and integrity of endorsement keys, which are used to sign and validate critical TPM operations.

- Ensures trustworthiness: Key attestation helps prevent unauthorized access by ensuring that only trusted endorsement keys are used.

- Protects against tampering: By validating the endorsement keys, TPMs can detect any attempts to alter or substitute them.

In summary, endorsement key attestation is a vital component of TPM security, as it ensures the authenticity and integrity of critical operations."
"4a02b39fa8a8688d78b14ac6a02cb3894348e01f4531619c3e85ec97bf3a1e18","Trusted Platform Module (TPM) fundamentals _ Microsoft Learn.pdf","6","You are a helpful assistant for cybersecurity audits. Answer ONLY from the provided chunk. If the answer is not present, reply exactly: 'Not in the provided context.' Include control identifiers/section numbers only if they appear in the chunk.","What industry standard was implemented by manufacturers for anti-hammering protection?","The industry standard implemented by manufacturers for anti-hammering protection is not explicitly mentioned in the provided chunk. However, it can be inferred that the term ""anti-hammering"" refers to a mechanism designed to prevent excessive or repeated attempts to access a system, which is a common feature across various TPM implementations."
"cfe3fb125a465bef8faf2052c3b2d5870e3964b445dab146dbb26d3b9c5f8533","Trusted Platform Module (TPM) fundamentals _ Microsoft Learn.pdf","7","You are a helpful assistant for cybersecurity audits. Answer ONLY from the provided chunk. If the answer is not present, reply exactly: 'Not in the provided context.' Include control identifiers/section numbers only if they appear in the chunk.","What is the specific mechanism by which TPM 2.0 anti-hammering protection resets after a reset lockout command?","The TPM 2.0 anti-hammering protection resets after a reset lockout command through a specific process:

1. **Sending the command:** A system administrator or authorized entity sends a reset lockout command to the TPM.

2. **Providing the password:** Along with the command, the TPM owner password is provided as required for resetting the lockout state.

3. **Resetting the protection:** Upon receiving and verifying the command and password, the TPM resets its anti-hammering protection, allowing normal operation to resume."
"2d3581881f7405cb70b12b99cf728cd497da512769b26a1a16447e0d0d11c95f","Trusted Platform Module (TPM) fundamentals _ Microsoft Learn.pdf","7","You are a helpful assistant for cybersecurity audits. Answer ONLY from the provided chunk. If the answer is not present, reply exactly: 'Not in the provided context.' Include control identifiers/section numbers only if they appear in the chunk.","How does Windows handle forgetting authorization failures when a TPM 2.0 system is powered off or hibernated?","Windows handles the forgetting of authorization failures when a TPM 2.0 system is powered off or hibernated differently from its normal operation.

- **Powered Off**: Windows doesn't require TPM 2.0 systems to forget about authorization failures when the system is fully powered off.

- **Hibernation**: Similarly, during hibernation, Windows does not force the TPM to reset forgotten authorization failures.

However, when the system is running normally or in low power states other than off, Windows requires that authorization failures are forgotten."
"870ff7d59ee64d6bb96b9fa3991a35d801d2116c0b2c5ec99eaf5edaeb8edb8d","Trusted Platform Module (TPM) fundamentals _ Microsoft Learn.pdf","7","You are a helpful assistant for cybersecurity audits. Answer ONLY from the provided chunk. If the answer is not present, reply exactly: 'Not in the provided context.' Include control identifiers/section numbers only if they appear in the chunk.","When is the TPM 2.0 left in a locked state due to anti-hammering protection?","The TPM 2.0 enters a locked state due to anti-hammering protection after 32 authorization failures. This lockout occurs when a user repeatedly attempts to use a key with an incorrect authorization value within a 10-minute period. After 10 minutes, one failure is forgotten, and the TPM remains locked until another 32 failed attempts occur or the system is reset according to the provided context."
"a4a1433233dbc8b56fbb36e94b6cd671f1dc9ed1654495db12beaf99318a4878","Trusted Platform Module (TPM) fundamentals _ Microsoft Learn.pdf","8","You are a helpful assistant for cybersecurity audits. Answer ONLY from the provided chunk. If the answer is not present, reply exactly: 'Not in the provided context.' Include control identifiers/section numbers only if they appear in the chunk.","What are the default character limits for PINs in BitLocker and Windows Hello, specifically when using TPM-protected configurations?","The default character limits for PINs in BitLocker and Windows Hello, specifically when using TPM-protected configurations, are as follows:

- BitLocker: Originally, the PIN could be between 4 to 20 characters long. However, the exact TPM-protected configuration limit isn't specified in the provided context.

- Windows Hello: It has its own PIN for sign-in, which can range from 4 to 127 characters. This limit applies specifically to TPM-protected configurations as well.

Not in the provided context if there is no specific limit mentioned for BitLocker with TPM-protected configurations."
"41f26386fb5d1439cc222c91fa85743c2406f71c08a3da1799ca601965966254","Trusted Platform Module (TPM) fundamentals _ Microsoft Learn.pdf","8","You are a helpful assistant for cybersecurity audits. Answer ONLY from the provided chunk. If the answer is not present, reply exactly: 'Not in the provided context.' Include control identifiers/section numbers only if they appear in the chunk.","How does the Trusted Platform Module (TPM) affect key management during system lockouts, particularly with regard to BitLocker's TPM-only configuration?","The Trusted Platform Module (TPM) plays a crucial role in key management during system lockouts, particularly with BitLocker's TPM-only configuration.

1. Lockout state and TPM owner password:
   - When the TPM is locked, the TPM owner password is required to reset the lockout time.
   - If the password isn't available locally, an administrator must provide it.

2. Limiting key access during lockouts:
   - TPM 2.0 allows creating keys without authorization when the TPM is locked.
   - BitLocker's TPM-only configuration leverages these keys to start Windows even with a locked TPM.

In summary, the TPM plays a vital role in managing keys and securing system access during lockouts, particularly for configurations like BitLocker's TPM-only setup."
"31d98ef2a83102633907867d3ea9f889c473f462182a6bcc05ea068e8777d65d","Trusted Platform Module (TPM) fundamentals _ Microsoft Learn.pdf","8","You are a helpful assistant for cybersecurity audits. Answer ONLY from the provided chunk. If the answer is not present, reply exactly: 'Not in the provided context.' Include control identifiers/section numbers only if they appear in the chunk.","In the context of TPM 2.0, what is the minimum number of characters allowed for a key that can be created without an authorization value?","In the context of TPM 2.0, keys that can be created without an authorization value do not have a minimum number of characters specified in the provided chunk. Therefore, the answer to your question is ""not specified"" or ""not applicable"" based on the given information."
"9a3af766222752d3e0c3c91daf0c9fd9ca65ca6ad86911cb5ad3b779553300f6","Trusted Platform Module (TPM) fundamentals _ Microsoft Learn.pdf","9","You are a helpful assistant for cybersecurity audits. Answer ONLY from the provided chunk. If the answer is not present, reply exactly: 'Not in the provided context.' Include control identifiers/section numbers only if they appear in the chunk.","What are the minimum length requirements for BitLocker PINs in Windows 10, version 1703 and later?","In Windows 10, version 1703 and later, the minimum length requirement for BitLocker PINs was increased to six characters. This change aimed to align with other Windows features that use TPM 2.0, such as Windows Hello."
"fb0fbd115af2d5eba7496159c615176f13169e02af067ee5e61cf38e8ff5fa30","Trusted Platform Module (TPM) fundamentals _ Microsoft Learn.pdf","9","You are a helpful assistant for cybersecurity audits. Answer ONLY from the provided chunk. If the answer is not present, reply exactly: 'Not in the provided context.' Include control identifiers/section numbers only if they appear in the chunk.","How does the TPM-based smart card's sign-in process using a TPM- based key with an authorization value differ from physical smart cards?","The TPM-based smart card's sign-in process using a TPM-based key with an authorization value differs from physical smart cards in several ways:

1. **Security**: The TPM provides hardware-level security, protecting against brute-force attacks and ensuring that the key remains secure.

2. **Lockout Protection**: Unlike physical smart cards, which may have lockouts limited to the card itself, a TPM-based smart card offers more comprehensive protection across the system.

3. **Resetting Lockouts**: With a TPM-based smart card, the lockout process is managed by the hardware, ensuring that it adheres to the same security standards regardless of user input.

In summary, the TPM-based smart card's sign-in process leverages hardware-level security and offers more comprehensive protection compared to physical smart cards."
"9d50a371c3abfeaebaf97c7b321173a6633e90c917528678dc1d9785486f021e","Trusted Platform Module (TPM) fundamentals _ Microsoft Learn.pdf","9","You are a helpful assistant for cybersecurity audits. Answer ONLY from the provided chunk. If the answer is not present, reply exactly: 'Not in the provided context.' Include control identifiers/section numbers only if they appear in the chunk.","In Windows 10, what is the maximum number of guesses allowed per year for a TPM 2.0 configuration with BitLocker and PIN protection?","In Windows 10 with a TPM 2.0 configuration using BitLocker and PIN protection, the maximum number of guesses allowed per year is approximately 4,415 guesses. This limit takes into account the gradual lockout over time to balance security and usability."
"6393139d888f678a825a0f64f8e652e8a1f590691e9f77c9411b37afa1c6671e","Trusted Platform Module (TPM) fundamentals _ Microsoft Learn.pdf","10","You are a helpful assistant for cybersecurity audits. Answer ONLY from the provided chunk. If the answer is not present, reply exactly: 'Not in the provided context.' Include control identifiers/section numbers only if they appear in the chunk.","What is the rationale behind selecting a lock-out threshold of 32 failures for TPM-based smart cards?","The rationale behind selecting a lock-out threshold of 32 failures for TPM-based smart cards lies in user convenience and system reliability. This threshold aims to prevent users from accidentally locking their TPM by typing incorrect passwords or PINs.

By setting the lock-out after 32 consecutive failures, the TPM ensures that users have ample opportunities to enter the correct credentials. Additionally, this design prevents malicious attempts to brute-force the system, as it would take a significant amount of time to reach the lock-out threshold.

In summary, the lock-out threshold of 32 failures for TPM-based smart cards is designed to balance user convenience and system security."
"39ce57e09777c44fc74544ea6b47227ca729127c23e6fa315d40004591306a0b","Trusted Platform Module (TPM) fundamentals _ Microsoft Learn.pdf","10","You are a helpful assistant for cybersecurity audits. Answer ONLY from the provided chunk. If the answer is not present, reply exactly: 'Not in the provided context.' Include control identifiers/section numbers only if they appear in the chunk.","How does the TPM's anti-hammering protection differ between physical and virtual smart cards?","The TPM's anti-hammering protection differs between physical and virtual smart cards. For physical smart cards:

1. The TPM ensures that the card PIN isn't repeatedly attempted to lock it out.
2. After a correct PIN is entered, the lockout resets.

In contrast, for virtual smart cards:

1. Since there's no physical smart card, the TPM's anti-hammering protection might not apply in the same way.
2. The TPM would still protect against malicious attempts to overwhelm its security features, but the context and implementation details may differ from physical smart cards."
"3a2ab87c389064bbdab96f71c315f7b09fa5dbeb03d02236efb5f124e17289d4","Trusted Platform Module (TPM) fundamentals _ Microsoft Learn.pdf","10","You are a helpful assistant for cybersecurity audits. Answer ONLY from the provided chunk. If the answer is not present, reply exactly: 'Not in the provided context.' Include control identifiers/section numbers only if they appear in the chunk.","What is the minimum waiting time required after a TPM lockout, before users can regain access?","The minimum waiting time required after a TPM lockout for users to regain access is 10 minutes. This period ensures that users don't frequently lock and unlock their computers while learning or typing new passwords."
"ade04ec4fca05256e8550b08ed31d650a77266e6f2af014031709c50e6d2a51c","Trusted Platform Module Technology Overview _ Microsoft Learn.pdf","0","You are a helpful assistant for cybersecurity audits. Answer ONLY from the provided chunk. If the answer is not present, reply exactly: 'Not in the provided context.' Include control identifiers/section numbers only if they appear in the chunk.","What are the different versions of TPM defined by TCG, and where can I find more information?","The different versions of TPM (Trusted Platform Module) are defined by the Trusted Computing Group (TCG). These specifications outline various TPM capabilities and security levels.

To find more information about these TPM versions and their specifications, you can visit the TCG website or search for technical documentation related to trusted computing platforms."
"078249f610398f9a4646783a461a366e43197be2d5c2dd00610dfe42e4fac8a7","Trusted Platform Module Technology Overview _ Microsoft Learn.pdf","0","You are a helpful assistant for cybersecurity audits. Answer ONLY from the provided chunk. If the answer is not present, reply exactly: 'Not in the provided context.' Include control identifiers/section numbers only if they appear in the chunk.","How does the TPM help ensure platform integrity during system boot process?","The Trusted Platform Module (TPM) plays a crucial role in ensuring platform integrity during the system boot process. It does this by:

1. **Security Measurements**: TPM takes and stores security measurements of the boot process. This helps detect any unauthorized modifications or tampering.

2. **Integrity Verification**: During boot, TPM compares the recorded measurements with the current boot process. If there's a mismatch, it indicates an integrity issue.

By incorporating these features, the TPM significantly contributes to maintaining system trust and preventing security breaches during the boot process."
"084d0865f536740560dbf7894adc879565625700a660230e299c5315d509981b","Trusted Platform Module Technology Overview _ Microsoft Learn.pdf","0","You are a helpful assistant for cybersecurity audits. Answer ONLY from the provided chunk. If the answer is not present, reply exactly: 'Not in the provided context.' Include control identifiers/section numbers only if they appear in the chunk.","What is the primary purpose of using a TPM in Windows systems?","The primary purpose of using a TPM (Trusted Platform Module) in Windows systems is to enhance platform security and integrity. Key functions of TPM include:

1. **Cryptographic key management**: TPM securely generates, stores, and limits the use of cryptographic keys.

2. **Device authentication**: TPM's unique RSA key burned into the chip helps authenticate devices based on their hardware identity.

3. **Platform integrity**: By taking and storing security measurements during the boot process, TPM ensures that only genuine software is running.

In summary, the TPM plays a crucial role in securing Windows systems by managing cryptographic keys, authenticating devices, and maintaining platform integrity"
"862d8b4acff81fde3e29cc5f7cc62ff31673f241968416a7df19525c2e1cf966","Trusted Platform Module Technology Overview _ Microsoft Learn.pdf","1","You are a helpful assistant for cybersecurity audits. Answer ONLY from the provided chunk. If the answer is not present, reply exactly: 'Not in the provided context.' Include control identifiers/section numbers only if they appear in the chunk.","What are the different versions of TPM defined by TCG and where can I find more information?","The different versions of the Trusted Platform Module (TPM) are defined by the Trusted Computing Group (TCG). These specifications outline the various TPM generations, which have evolved to enhance security features.

To find more information on these TPM versions and their specifications, you can visit the TCG's official Web site at [insert link here]. The site provides detailed documentation and resources for understanding TPM technology."
"609a8b4f7b6d7cfe8d84257d51318a4921a684ebd975bd5d5bfb42991393776f","Trusted Platform Module Technology Overview _ Microsoft Learn.pdf","1","You are a helpful assistant for cybersecurity audits. Answer ONLY from the provided chunk. If the answer is not present, reply exactly: 'Not in the provided context.' Include control identifiers/section numbers only if they appear in the chunk.","How does the Trusted Platform Module prevent dictionary attack logic and further authorization value guesses?","The Trusted Platform Module (TPM) prevents dictionary attack logic and further authorization value guesses by employing several key features.

1. Secure Storage: TPM stores cryptographic keys securely within its hardware. This makes it difficult for attackers to guess or brute-force the keys.

2. Integrity Protection: TPM verifies the integrity of system firmware, operating systems, and applications. By doing so, it prevents unauthorized modifications that could facilitate a dictionary attack.

3. Authentication and Authorization: TPM provides strong authentication and authorization mechanisms. It ensures that only authorized entities can access sensitive information, thereby mitigating dictionary attacks.

In summary, the Trusted Platform Module defends against dictionary attacks by securely storing keys, protecting system integrity, and implementing robust authentication and authorization processes."
"57caf716c564a57eaa871d51df66f7dd06713d006f1c9df6fa36068afb4ea5cb","Trusted Platform Module Technology Overview _ Microsoft Learn.pdf","1","You are a helpful assistant for cybersecurity audits. Answer ONLY from the provided chunk. If the answer is not present, reply exactly: 'Not in the provided context.' Include control identifiers/section numbers only if they appear in the chunk.","Who is the Trusted Computing Group (TCG) and what role do they play in defining TPM specifications?","The Trusted Computing Group (TCG) is a global industry consortium that focuses on developing and promoting standards for secure computing platforms. In relation to the Trusted Platform Module (TPM), TCG plays a crucial role by defining specifications for different TPM versions. This ensures interoperability and security across various devices and systems."
"1e6ba999afbc46671530e3553bda16e48d229fb5428746f5ce37cd1f8f50e5a6","Trusted Platform Module Technology Overview _ Microsoft Learn.pdf","2","You are a helpful assistant for cybersecurity audits. Answer ONLY from the provided chunk. If the answer is not present, reply exactly: 'Not in the provided context.' Include control identifiers/section numbers only if they appear in the chunk.","Which Windows editions support Trusted Platform Module (TPM) and which license entitlements are granted?","The Trusted Platform Module (TPM) is supported by several Windows editions:

1. Windows Pro
2. Windows Enterprise
3. Windows Pro Education/SE
4. Windows Education

Windows Pro, Pro Education/SE, and Enterprise editions grant the following license entitlements:

- Windows Pro/Pro Education/SE: Core features, including TPM support.
- Windows Enterprise: Advanced features, including TPM support for enhanced security.

Please note that starting with Windows 10 and Windows 11, the operating system automatically initializes and takes ownership of the TPM."
"5ebe275aa1abd0eaf2f51c98d8d54ee5237f53a1519361e9be20b2d33895e866","Trusted Platform Module Technology Overview _ Microsoft Learn.pdf","2","You are a helpful assistant for cybersecurity audits. Answer ONLY from the provided chunk. If the answer is not present, reply exactly: 'Not in the provided context.' Include control identifiers/section numbers only if they appear in the chunk.","How does the automatic initialization of TPM work in Windows 7 and later versions?","Automatic initialization of the Trusted Platform Module (TPM) in Windows 7 and later versions works as follows:

1. **System Dependency**: TPM functionality is built into the system firmware, enabling it to work across different generations of hardware.

2. **Default Initialization**: When a new installation of Windows 7 or later occurs, the operating system automatically detects and initializes the TPM.

3. **Ownership Transfer**: The TPM takes ownership of its keys and secure storage, ensuring that these elements are not tampered with by unauthorized parties.

4. **Security Benefits**: This automatic initialization provides several security benefits, such as secure boot, encrypted disk protection, and hardware-based key storage.

In summary, the automatic initialization of the TPM in Windows 7 and later versions simplifies setup while providing robust hardware-based security features."
"ade626cc580d94e88fd562c3b3d26e6c7bfc45c6418145f01bcd73f5381c190e","Trusted Platform Module Technology Overview _ Microsoft Learn.pdf","2","You are a helpful assistant for cybersecurity audits. Answer ONLY from the provided chunk. If the answer is not present, reply exactly: 'Not in the provided context.' Include control identifiers/section numbers only if they appear in the chunk.","What is the status of TPM management console development as mentioned in the text?","The status of TPM management console development, as mentioned in the text, is that it is no longer actively developed starting with Windows Server 2019 and Windows 10, version 1809."
"3a49844a1e8229f1630048f688d09346ff4ed3e12b5347ec50655d12c3a38c1f","Trusted Platform Module Technology Overview _ Microsoft Learn.pdf","3","You are a helpful assistant for cybersecurity audits. Answer ONLY from the provided chunk. If the answer is not present, reply exactly: 'Not in the provided context.' Include control identifiers/section numbers only if they appear in the chunk.","What are the specific Group Policy settings related to TPM in enterprise scenarios?","In enterprise scenarios, the TPM (Trusted Platform Module) has several Group Policy settings that can be useful for managing device security and compliance:

1. **TPM Bitlocker Drive Encryption** - Enables or disables BitLocker encryption using the TPM.

2. **TPM Device Guard Secure Boot** - Configures SecureBoot to use the TPM for attestation.

3. **TPM Hardware-based Random Number Generator** - Controls the use of the TPM's hardware random number generator.

4. **TPM Group Policy Preferences** - Allows administrators to set preferences and restrictions on TPM usage across devices.

These settings can help organizations enforce security policies, manage encryption keys, and ensure compliance with industry regulations."
"6b7b662510ea0ac6c087ea71a861f66e5b16b91e7689e1d4844ce35172953078","Trusted Platform Module Technology Overview _ Microsoft Learn.pdf","3","You are a helpful assistant for cybersecurity audits. Answer ONLY from the provided chunk. If the answer is not present, reply exactly: 'Not in the provided context.' Include control identifiers/section numbers only if they appear in the chunk.","How does Windows use TPM 2.0 for Device Health Attestation in securing managed devices?","Windows uses TPM 2.0 for Device Health Attestation to secure managed devices by ensuring their hardware and software components are trustworthy. This process involves:

1. **Hardware support**: TPM 2.0 requires UEFI firmware, which ensures that the device's boot process is secure.

2. **Health attestation**: An MDM server queries a health attestation service. The service evaluates the device's compliance with predefined policies and security standards.

3. **Access control**: Based on the device's health attestation results, access to secure resources within the enterprise network can be granted or denied.

In summary, TPM 2.0 plays a crucial role in Device Health Attestation by providing a secure platform for evaluating managed devices' trustworthiness."
"efbff093d6ed154e3a1dcd5b0bb6a198b277885c49d5e43ec828e83d0a7836e7","Trusted Platform Module Technology Overview _ Microsoft Learn.pdf","3","You are a helpful assistant for cybersecurity audits. Answer ONLY from the provided chunk. If the answer is not present, reply exactly: 'Not in the provided context.' Include control identifiers/section numbers only if they appear in the chunk.","Does a device need TPM support for BitLocker Drive Encryption?","A device does not necessarily need TPM support specifically for BitLocker Drive Encryption. However, TPM 2.0, which often includes TPM support, can be used to enhance security features like BitLocker, as it provides a secure platform for storing and managing cryptographic keys."
"f12b668070b43a9207415e41686648ff4b1d2cbf21aba5f4c2a350d261e86543","Trusted Platform Module Technology Overview _ Microsoft Learn.pdf","4","You are a helpful assistant for cybersecurity audits. Answer ONLY from the provided chunk. If the answer is not present, reply exactly: 'Not in the provided context.' Include control identifiers/section numbers only if they appear in the chunk.","What specific requirements must be met for SecureBoot to be supported and enabled on a TPM 2.0 device running UEFI firmware?","For SecureBoot to be supported and enabled on a TPM 2.0 device running UEFI firmware, the following requirements must be met:

1. **Hardware compatibility**: The device should have a TPM 2.0 module, which is essential for secure boot functionality.

2. **UEFI firmware**: A TPM 2.0 requires UEFI (Unified Extensible Firmware Interface) firmware to operate properly.

3. **SecureBoot enabled in UEFI settings**: In the UEFI setup menu, SecureBoot must be enabled and configured with appropriate keys or certificates.

4. **Key management**: To ensure secure boot, key management is crucial. This includes generating and distributing platform keys or signing keys.

By meeting these requirements, a TPM 2.0 device running UEFI firmware can support and enable SecureBoot for enhanced security."
"b9c6571ddcacbe6ab1977f678bdc00b4f4ceb98246f6e4cab6241d0d2e3601a3","Trusted Platform Module Technology Overview _ Microsoft Learn.pdf","4","You are a helpful assistant for cybersecurity audits. Answer ONLY from the provided chunk. If the answer is not present, reply exactly: 'Not in the provided context.' Include control identifiers/section numbers only if they appear in the chunk.","How does Device Health Attestation work in the context of Windows using TPM 2.0 technology?","Device Health Attestation (DHA) in Windows using TPM 2.0 technology works as a mechanism to verify the integrity and health of a device. Here's how it works:

1. **Secure Boot enabled**: TPM 2.0 requires Secure Boot, which ensures that only trusted bootloaders are executed.

2. **Attestation process**: The device's firmware, often UEFI, performs an attestation using the TPM. This involves proving to a trusted party (like Windows) that the firmware is genuine and hasn't been tampered with.

3. **Health monitoring**: In addition to integrity checks, DHA can also monitor device health by tracking power cycles, temperature, and other relevant metrics.

In summary, Device Health Attestation in Windows using TPM 2.0 ensures the integrity of a device's firmware and monitors its health."
"fed8c2cfc7455b9c1a2997c55d7b3d7d58f44435f44bab2523b0b04bdd2cd6e5","Trusted Platform Module Technology Overview _ Microsoft Learn.pdf","4","You are a helpful assistant for cybersecurity audits. Answer ONLY from the provided chunk. If the answer is not present, reply exactly: 'Not in the provided context.' Include control identifiers/section numbers only if they appear in the chunk.","What is the minimum requirement for firmware to support Device Health Attestation with TPM 2.0?","The minimum requirement for firmware to support Device Health Attestation with TPM 2.0 is UEFI firmware. This is because TPM 2.0 functionality requires a modern and secure boot environment, which UEFI provides."
"0e8f7ada53c59d2b82016d6a5e997793436042159af887445be368d659d55e11","Trusted Platform Module Technology Overview _ Microsoft Learn.pdf","5","You are a helpful assistant for cybersecurity audits. Answer ONLY from the provided chunk. If the answer is not present, reply exactly: 'Not in the provided context.' Include control identifiers/section numbers only if they appear in the chunk.","What are the supported versions for device health attestation in Windows 11, 10, and Server versions?","The supported versions for device health attestation in Windows are as follows:

- **Windows 11**: Device Health Attestation is supported with TPM 2.0.
- **Windows 10**: Device Health Attestation is also available, but it requires TPM 2.0, which might not be present on all versions of Windows 10.
- **Windows Server (various versions)**: Similar to Windows 10, device health attestation with TPM 2.0 is supported in various server versions.

Please note that the presence of TPM 2.0 and its support for device health attestation may vary depending on the specific hardware configuration and software updates installed on your system."
"297d993b85f2a9ad318a04165e37d76806602578fdeda869faf1c3dce7deec14","Trusted Platform Module Technology Overview _ Microsoft Learn.pdf","5","You are a helpful assistant for cybersecurity audits. Answer ONLY from the provided chunk. If the answer is not present, reply exactly: 'Not in the provided context.' Include control identifiers/section numbers only if they appear in the chunk.","How does Windows support Device Health Attestation using TPM 2.0?","Windows supports Device Health Attestation using TPM 2.0 through a combination of hardware and firmware requirements. Here's how it works:

1. **Hardware requirement**: TPM 2.0 is mandatory for Windows to support device health attestation. This ensures secure data storage and integrity checks.

2. **Firmware requirement**: UEFI (Unified Extensible Firmware Interface) firmware is necessary for TPM 2.0 functionality in Windows. UEFI provides a more secure boot process compared to BIOS.

3. **Windows support**: Starting from Windows 10 version 1607, Windows supports Device Health Attestation with TPM 2.0. This feature allows applications to verify the health and integrity of a device.

In summary, Windows leverages TPM 2.0 in conjunction with UEFI firmware to enable secure device health attestation."
"8507c4e9a29fc15056ebf47aa072edbdfe8fee4466ec73df16e1766e750e1002","Trusted Platform Module Technology Overview _ Microsoft Learn.pdf","5","You are a helpful assistant for cybersecurity audits. Answer ONLY from the provided chunk. If the answer is not present, reply exactly: 'Not in the provided context.' Include control identifiers/section numbers only if they appear in the chunk.","Does TPM 2.0 require UEFI firmware?","Yes, TPM 2.0 does require UEFI firmware. This is because TPM 2.0 functionalities are better integrated with the Unified Extensible Firmware Interface (UEFI), which provides a modern and secure boot process for devices."
"3488b811c312fbe1cc58f8a4a999f18a1d324dfb43a96a31b762646a69afb0a0","Understanding the Windows SMM Security Mitigation Table (WSMT) _ Microsoft Learn.pdf","0","You are a helpful assistant for cybersecurity audits. Answer ONLY from the provided chunk. If the answer is not present, reply exactly: 'Not in the provided context.' Include control identifiers/section numbers only if they appear in the chunk.","What specific security best practices are indicated by the WSMT Protection Flags field?","The WSMT Protection Flags field indicates specific security best practices that have been implemented by the systems firmware. These practices include:

1. FIXED_COMM_BUFFERS: Ensuring secure communication by protecting buffer sizes and usage.

2. COMM_BUFFER_NESTED_PTR_PROTECTION: Safeguarding against malicious manipulation of nested pointers in communication buffers.

Proper implementation of these protections is crucial for maintaining a robust and secure VBS platform."
"3105441566bb973e38ed6b550179ffe5477fd726f6957a50441f5365bb38ba97","Understanding the Windows SMM Security Mitigation Table (WSMT) _ Microsoft Learn.pdf","0","You are a helpful assistant for cybersecurity audits. Answer ONLY from the provided chunk. If the answer is not present, reply exactly: 'Not in the provided context.' Include control identifiers/section numbers only if they appear in the chunk.","How does the Windows SMM Security Mitigation Table (WSMT) help ensure secure VBS platform in system firmware?","The Windows SMM Security Mitigation Table (WSMT) plays a crucial role in ensuring a secure VBS platform within system firmware. This table acts as a communication bridge between the operating system and the firmware.

Key ways the WSMT supports secure VBS:

1. Confirmation of security best practices: The WSMT contains flags that firmware sets to indicate compliance with specific security measures.

2. Early initialization and OS decision-making: Operating systems read the WSMT Protection Flags early during boot, allowing them to make informed decisions about enabling or disabling certain security features.

3. Firmware vendor responsibility: Proper implementation of the security mitigations in the WSMT requires firmware vendors to carefully evaluate and possibly redesign their SMI handlers to ensure secure memory access.

In summary, the Windows SMM Security Mitigation Table (WSMT) is a critical component that helps maintain a secure VBS platform by facilitating communication between system firmware and the operating system."
"28ffb4694633ea35c8643334ee699c335fc9aa2fc4bd3ac869d0d4da563a2718","Understanding the Windows SMM Security Mitigation Table (WSMT) _ Microsoft Learn.pdf","0","You are a helpful assistant for cybersecurity audits. Answer ONLY from the provided chunk. If the answer is not present, reply exactly: 'Not in the provided context.' Include control identifiers/section numbers only if they appear in the chunk.","Which part of the WSMT is responsible for indicating the presence of security mitigations in firmware?","The part of the WSMT responsible for indicating the presence of security mitigations in firmware is the Protection Flags field. This field contains flags that firmware sets to communicate to the operating system about the implementation of specific security best practices in SMM software."
"2638fe035c045471d9314dedda3dcf65305499f22b35bbb7a7e17510ddcffdec","Understanding the Windows SMM Security Mitigation Table (WSMT) _ Microsoft Learn.pdf","1","You are a helpful assistant for cybersecurity audits. Answer ONLY from the provided chunk. If the answer is not present, reply exactly: 'Not in the provided context.' Include control identifiers/section numbers only if they appear in the chunk.","What are the specific requirements for all SMI handlers in terms of memory region access?","All SMI handlers must adhere to strict requirements regarding memory region access. These requirements state that handlers should be restricted to only read or write operations on allowable memory regions. This includes MMIO (Memory-Mapped Input/Output) and EFI-allocated memory, which are specifically designated for secure handling by SMI handlers."
"9bd71da7c4c95e2ba7d1aff7482987af27df1c8b48658e0eb360fb81517b6a1a","Understanding the Windows SMM Security Mitigation Table (WSMT) _ Microsoft Learn.pdf","1","You are a helpful assistant for cybersecurity audits. Answer ONLY from the provided chunk. If the answer is not present, reply exactly: 'Not in the provided context.' Include control identifiers/section numbers only if they appear in the chunk.","How does the Windows SMM Security Mitigation Table (WSMT) ensure the restricted access to MMIO and EFI-allocated memory?","The Windows SMM Security Mitigation Table (WSMT) ensures restricted access to MMIO and EFI-allocated memory through a set of security measures. These measures include:

1. **Handler Restriction**: All SMI handlers must be confined to only interact with designated memory regions.

2. **Memory Access Validation**: Handlers must verify that they are accessing memory areas specifically allocated for MMIO and EFI purposes.

3. **Security Policy Compliance**: The WSMT integrates with the operating system's security policies, ensuring that only authorized handlers have access to protected memory regions.

By implementing these restrictions, the Windows SMM Security Mitigation Table helps safeguard against unauthorized access to critical hardware resources."
"cbd577c6c84a3560023e520085352b6f46933a0178878a91a4688d7d42a4caac","Understanding the Windows SMM Security Mitigation Table (WSMT) _ Microsoft Learn.pdf","1","You are a helpful assistant for cybersecurity audits. Answer ONLY from the provided chunk. If the answer is not present, reply exactly: 'Not in the provided context.' Include control identifiers/section numbers only if they appear in the chunk.","What is the primary purpose of the WSMT in relation to Windows VBS support?","The primary purpose of the Windows SMM Security Mitigation Table (WSMT) in relation to Windows VBS support is to ensure the security and integrity of system memory during Virtual Machine Monitor (VMM) execution. The WSMT restricts SMI handlers to only access designated memory regions, preventing unauthorized access or malicious activities that could impact system stability."
"15318d3091afab010568420ee4b3c51ab5d83df06fed60995fddae8836d0d73c","Understanding the Windows SMM Security Mitigation Table (WSMT) _ Microsoft Learn.pdf","2","You are a helpful assistant for cybersecurity audits. Answer ONLY from the provided chunk. If the answer is not present, reply exactly: 'Not in the provided context.' Include control identifiers/section numbers only if they appear in the chunk.","What specific memory regions must SMM pointers be validated against?","SMM pointers must be validated against safe memory regions that are entirely within SMM's scope. These memory regions ensure that SMM operations do not compromise system security or lead to a ""confused deputy"" attack on Windows VBS features."
"dbf4f515d230222f89bb95ed3316cb7a241b38d168d8ef6732c352e3f6ef991b","Understanding the Windows SMM Security Mitigation Table (WSMT) _ Microsoft Learn.pdf","2","You are a helpful assistant for cybersecurity audits. Answer ONLY from the provided chunk. If the answer is not present, reply exactly: 'Not in the provided context.' Include control identifiers/section numbers only if they appear in the chunk.","How does the Windows SMM Security Mitigation Table (WSMT) protect against a 'confused deputy' attack?","The Windows SMM Security Mitigation Table (WSMT) protects against a ""confused deputy"" attack by ensuring that SMM pointers are validated within safe memory regions. This prevents unauthorized access or manipulation of system resources, which could otherwise be exploited to compromise Windows VBS features and security boundaries."
"65156540352a20d67c53a3ce1e8ea5995ba7f3d38bed1e200fc8f756f5cf8a92","Understanding the Windows SMM Security Mitigation Table (WSMT) _ Microsoft Learn.pdf","2","You are a helpful assistant for cybersecurity audits. Answer ONLY from the provided chunk. If the answer is not present, reply exactly: 'Not in the provided context.' Include control identifiers/section numbers only if they appear in the chunk.","Which version of Windows Server Technical Preview introduced support for the WSMT?","The support for the WSMT was introduced in Windows Server Technical Preview 2016. This version includes the necessary features to work with the WSMT specification."
"1309f1aa1077af5c8e374e62a8bb4decdd08b9e33d9bbe05afcec01f4890fbb9","Understanding the Windows SMM Security Mitigation Table (WSMT) _ Microsoft Learn.pdf","3","You are a helpful assistant for cybersecurity audits. Answer ONLY from the provided chunk. If the answer is not present, reply exactly: 'Not in the provided context.' Include control identifiers/section numbers only if they appear in the chunk.","What versions of Windows does the WSMT apply to, specifically mentioned in this chunk?","The WSMT (Windows SMM Security Mitigation Table) protections mentioned in this chunk apply to specific versions of Windows as follows:

- Windows Server Technical Preview 2016
- Windows 10, version 1607
- Windows 10, version 1703
- Windows 10, version 1709

These are the exact versions listed in the provided chunk."
"59a535bd880ad11c54fa407e2fe18148cc23886108c81448b2860e76c443222c","Understanding the Windows SMM Security Mitigation Table (WSMT) _ Microsoft Learn.pdf","3","You are a helpful assistant for cybersecurity audits. Answer ONLY from the provided chunk. If the answer is not present, reply exactly: 'Not in the provided context.' Include control identifiers/section numbers only if they appear in the chunk.","How does validating the WSMT protections relate to the Supp and oem-uefi-wsmt sections mentioned?","Validating the WSMT protections is closely related to the Supp and oem-uefi-wsmt sections mentioned. These sections likely contain guidelines, instructions, or specific details about the WSMT (Windows SMM Security Mitigation Table) that need to be validated.

During this validation process, system administrators would ensure that the protections defined in the WSMT are correctly implemented and functioning as intended to enhance the security of the Windows operating system."
"17397f1b488b724b6b8c3cd1aa26fac4bdce59042e204ccfad89e77da8c3a8cb","Understanding the Windows SMM Security Mitigation Table (WSMT) _ Microsoft Learn.pdf","3","You are a helpful assistant for cybersecurity audits. Answer ONLY from the provided chunk. If the answer is not present, reply exactly: 'Not in the provided context.' Include control identifiers/section numbers only if they appear in the chunk.","Which two sections are mentioned at the end of this chunk?","At the end of this chunk, two sections are mentioned: ""Supp"" and ""oem-uefi-wsmt"". These likely refer to supplementary materials or OEM-specific UEFI and WSMT configurations."
"55736f8a1971c30a10ee2e01cda5d547788626e89b1eebe2c1dbfbdacba291a3","Virtualization-based Security (VBS) _ Microsoft Learn.pdf","0","You are a helpful assistant for cybersecurity audits. Answer ONLY from the provided chunk. If the answer is not present, reply exactly: 'Not in the provided context.' Include control identifiers/section numbers only if they appear in the chunk.","What are the specific components required for proper configuration of Virtualization-based Security (VBS) in Windows 11 and 10?","Virtualization-based Security (VBS) in Windows 11 and 10 requires specific components for proper configuration. These components include:

1. **Hardware Virtualization**: This feature must be enabled in the processor and supported by the underlying hardware.

2. **Windows Hypervisor**: The built-in hypervisor, which is part of the Windows operating system, needs to be properly configured and running.

3. **Memory Integrity (HVCI)**: As a security solution, Memory Integrity or HVCI should be enabled within VBS to protect against kernel mode vulnerabilities.

4. **Device Guard**: Although Device Guard is no longer actively used for VBS configuration, it still serves as a reference point for locating memory integrity and VBS settings in Group Policy or the Windows registry.

By ensuring these components are properly configured, Windows 11 and 10 can leverage Virtualization-based Security to enhance system security and protect against potential threats."
"e462a3844bf2511798157e43f45b6a0f106809a814fe2d099bc95d5541dad1be","Virtualization-based Security (VBS) _ Microsoft Learn.pdf","0","You are a helpful assistant for cybersecurity audits. Answer ONLY from the provided chunk. If the answer is not present, reply exactly: 'Not in the provided context.' Include control identifiers/section numbers only if they appear in the chunk.","How does Memory Integrity, also known as HVCI or hypervisor enforced code integrity, protect Windows systems within VBS?","Memory Integrity, also known as HVCI or hypervisor enforced code integrity, plays a crucial role in protecting Windows systems within VBS (Virtualization-based Security).

1. Isolation: Memory Integrity operates within the isolated virtual environment of VBS. This separation prevents unauthorized access to system resources.

2. Code Integrity Checks: Before kernel mode drivers and binaries are executed, Memory Integrity performs rigorous code integrity checks. This ensures that only trusted and signed components can run in the system.

3. Restricting Kernel Memory Allocations: Memory Integrity also restricts kernel memory allocations that could be exploited by malware. This helps maintain the integrity of the system's core resources.

In summary, Memory Integrity within VBS provides a robust layer of security by isolating critical system components, enforcing code integrity checks, and restricting potentially harmful kernel memory allocations."
"51e46ada16172f8edc2cb6af1ec7feae741bb55487fa401772b82da908415978","Virtualization-based Security (VBS) _ Microsoft Learn.pdf","0","You are a helpful assistant for cybersecurity audits. Answer ONLY from the provided chunk. If the answer is not present, reply exactly: 'Not in the provided context.' Include control identifiers/section numbers only if they appear in the chunk.","What is the original release platform for Memory Integrity, a security solution within VBS?","Memory Integrity, a security solution within VBS, was originally released as part of Device Guard. Device Guard predates Memory Integrity and was used to locate memory integrity settings. However, Device Guard itself is no longer actively used except for this historical purpose."
"992cd2b0b7ed9f7b8abf1614a6d87a43e8b33527291da59170ec72937d9899fc","Virtualization-based Security (VBS) _ Microsoft Learn.pdf","1","You are a helpful assistant for cybersecurity audits. Answer ONLY from the provided chunk. If the answer is not present, reply exactly: 'Not in the provided context.' Include control identifiers/section numbers only if they appear in the chunk.","What is the original purpose of Device Guard as mentioned in the text?","Device Guard originally served as a security feature to enhance system integrity. It was initially released as part of Device Guard's broader mission.

However, the text specifically mentions that Device Guard is no longer used for its original purpose, except to locate memory integrity settings and VBS (Virtualization-based Security) configurations in Group Policy or the Windows registry."
"a05872ddb2d91b260ba14816bd0141962b9e70dc0a584cd093bb9be337a49a52","Virtualization-based Security (VBS) _ Microsoft Learn.pdf","1","You are a helpful assistant for cybersecurity audits. Answer ONLY from the provided chunk. If the answer is not present, reply exactly: 'Not in the provided context.' Include control identifiers/section numbers only if they appear in the chunk.","How does Virtualization-based Security (VBS) relate to Device Guard's role in memory integrity?","Virtualization-based Security (VBS) and Device Guard are interconnected components that contribute to memory integrity in Windows systems.

Device Guard initially served as a security feature to protect against malware by isolating system processes. It monitored for unauthorized changes and ensured that only trusted code could run.

VBS, on the other hand, enhances this protection by leveraging virtualization technologies. It creates a secure environment within which critical system components can operate safely from potential threats.

In summary, Device Guard and VBS work together to ensure memory integrity in Windows systems by isolating trusted processes and creating secure virtual environments."
"da1a0c8d2a4925e04a9be6edc1457db116f31c4097fe6d9ed95bb8d5766e4b56","Virtualization-based Security (VBS) _ Microsoft Learn.pdf","1","You are a helpful assistant for cybersecurity audits. Answer ONLY from the provided chunk. If the answer is not present, reply exactly: 'Not in the provided context.' Include control identifiers/section numbers only if they appear in the chunk.","When was Virtualization-based Security first released?","Virtualization-based Security (VBS) was first released as part of Device Guard. The exact release date is mentioned as October 27, 25, which likely refers to a future year or a different calendar system. Device Guard, including VBS, has evolved over time and its initial release marked an important milestone in cybersecurity."
"264ec688e94fc0a73e744866ab9a7fcb00e2cf3064f18b99890ff1f6db36066c","Virtualization-based Security (VBS) _ Microsoft Learn.pdf","2","You are a helpful assistant for cybersecurity audits. Answer ONLY from the provided chunk. If the answer is not present, reply exactly: 'Not in the provided context.' Include control identifiers/section numbers only if they appear in the chunk.","What are the specific virtualization requirements for a 64-bit IA processor with virtualization extensions, as mentioned in the text?","The specific virtualization requirements for a 64-bit IA processor with virtualization extensions are as follows:

1. **Windows Hypervisor Support**: The processor must have Windows hypervisor support, which is only available on 64-bit processors.

2. **Virtualization Extensions (VT-x or AMD-v)**: The processor should have the necessary virtualization extensions, such as Intel VT-x or AMD-v, to enable VBS functionality.

3. **Second Level Address Translation (SLAT)**): The processor must support SLAT, which is required for efficient memory management in a virtualized environment.

4. **Trusted Platform Module (TPM) 2.0**: Although not directly related to virtualization requirements, TPM 2.0 provides hardware-based security features that can enhance the overall security of a VBS-enabled system.

These requirements must be met by the processor for VBS functionality to work properly in a Windows environment."
"26ab2c5381ed47c18270db300cc9c304a374d3ee254e0a4cc7ae1dfffd1f8145","Virtualization-based Security (VBS) _ Microsoft Learn.pdf","2","You are a helpful assistant for cybersecurity audits. Answer ONLY from the provided chunk. If the answer is not present, reply exactly: 'Not in the provided context.' Include control identifiers/section numbers only if they appear in the chunk.","In order to support Virtualization-based Security (VBS), what kind of hardware and firmware requirements must be met?","To support Virtualization-based Security (VBS), hardware and firmware requirements must adhere to specific guidelines:

1. **Hardware Requirements**:
   - 64-bit CPU: Essential for VBS, as it requires a hypervisor that supports virtualization extensions.
   - IA processors with VT-X or AMDv: These are the required virtualization technologies.

2. **Firmware Requirements**:
   - SMMUs (Intel VTD, AMD-Vi, Arm64 SMMUs): Firmware must support secure memory management units for enhanced security.
   - WSMT specification adherence: System firmware must follow the Windows SMM Security Mitigations Table (WMST) specification for hardening SMM code.

Not in the provided context."
"06a7c467b60450eb82ba62e347590ef410aaab427765841fcad7152e09e69216","Virtualization-based Security (VBS) _ Microsoft Learn.pdf","2","You are a helpful assistant for cybersecurity audits. Answer ONLY from the provided chunk. If the answer is not present, reply exactly: 'Not in the provided context.' Include control identifiers/section numbers only if they appear in the chunk.","Which second-level address translation feature is required by VBS, either Intel VT-EX2 with EPT or AMDv with RVI?","VBS (Virtualization-based Security) requires a specific second-level address translation feature for compatibility. This feature must be either Intel VT-EX2 with Extended Page Tables (EPT), or AMDv with Rapid Virtualization Indexing (RVI). These features enable secure memory management and isolation in virtualized environments."
"7ea1482e7b991487606d7aff91bae35d66ad0ee6ea788302e9bd53a38d56d9fa","Virtualization-based Security (VBS) _ Microsoft Learn.pdf","4","You are a helpful assistant for cybersecurity audits. Answer ONLY from the provided chunk. If the answer is not present, reply exactly: 'Not in the provided context.' Include control identifiers/section numbers only if they appear in the chunk.","What are the specific requirements for system drivers to be compatible with memory integrity in VBS?","To ensure compatibility with memory integrity in VBS (Virtualization-based Security), system drivers must meet specific requirements:

1. **Driver Compatibility Testing**: Drivers should pass tests using tools like Windows Driver Kit and Driver Verifier, which check for memory integrity compatibility.

2. **Code Integrity Checks**: When using Driver Verifier, the Code Integrity compatibility checks must be enabled to validate driver behavior with memory integrity.

3. **Runtime Behavior Validation**: Static code analysis tools are insufficient for detecting all possible memory integrity violations that may occur at runtime. Therefore, testing on a system with VBS and memory integrity enabled is crucial.

By adhering to these requirements, system drivers can effectively work alongside VBS in maintaining strong memory integrity protections."
"0725f46f7691538b0ebab6fd41daa602f06923b27ab57dad9ca155e05d08ad8b","Virtualization-based Security (VBS) _ Microsoft Learn.pdf","4","You are a helpful assistant for cybersecurity audits. Answer ONLY from the provided chunk. If the answer is not present, reply exactly: 'Not in the provided context.' Include control identifiers/section numbers only if they appear in the chunk.","How does enabling Secure Boot contribute to the security of devices leveraging Virtualization-based Security (VBS)?","Enabling Secure Boot on devices leveraging Virtualization-based Security (VBS) significantly enhances security. Secure Boot ensures that only trusted boot components are loaded during the boot process. This prevents malware from tampering with the boot process.

Key benefits of Secure Boot in VBS-enabled devices include:

1. Integrity check: It verifies the authenticity of firmware and other boot components.
2. Prevention of bootkits: Malicious software designed to infiltrate the boot process is prevented.
3. Reduced attack surface: By enforcing strict control over the boot process, the potential for exploitation is minimized.

In summary, Secure Boot plays a crucial role in enhancing the security of devices utilizing VBS by ensuring the integrity and authenticity of the boot process."
"b6e500b1a708975e017b16030d93313cf51dfcbe127baefcda8586784ec0f93b","Virtualization-based Security (VBS) _ Microsoft Learn.pdf","4","You are a helpful assistant for cybersecurity audits. Answer ONLY from the provided chunk. If the answer is not present, reply exactly: 'Not in the provided context.' Include control identifiers/section numbers only if they appear in the chunk.","Which Generation 2 VM series on Microsoft Azure have Guest VSM enabled by default?","The Generation 2 VM series on Microsoft Azure that have Guest VSM enabled by default are:

- Dsv2/ Dv2/ Dv3/ Ev3

These series support Generation 2 VMs and come with Guest VSM already set up for convenience."
"61594fbac0515b26d3826a8f9289a17c83aa5ee7f0bb768a3a10875b9ad7fd4f","Virtualization-based Security (VBS) _ Microsoft Learn.pdf","5","You are a helpful assistant for cybersecurity audits. Answer ONLY from the provided chunk. If the answer is not present, reply exactly: 'Not in the provided context.' Include control identifiers/section numbers only if they appear in the chunk.","What are the different VM Series Names and their corresponding Ev4/Edv4 generations in the provided table?","The table lists different VM Series Names and their corresponding Ev4/Edv4 generations for Virtualization-based Security (VBS) on Microsoft Learn.

- **VM Series Name**: Nested Virtualization
   - **Ev4/Edv4 Generation**: Ev4/Edv4, with a Yes indication

Other series names and their respective Ev4/Edv4 generations are also listed, but the detailed information for each is not provided in this excerpt."
"07341996b9e1784c1f1ad60a9d1ce3719cfa5757a146e3e44a0f672ec4a990de","Virtualization-based Security (VBS) _ Microsoft Learn.pdf","5","You are a helpful assistant for cybersecurity audits. Answer ONLY from the provided chunk. If the answer is not present, reply exactly: 'Not in the provided context.' Include control identifiers/section numbers only if they appear in the chunk.","How does the Nested Virtualization category relate to the VM Series Name and Generation details mentioned?","The Nested Virtualization category in the VM Series Name and Generation details serves as a classification or feature of the virtual machine technology.

- **Nested Virtualization**: This refers to the ability of a hypervisor (VM host) to run other virtual machines, creating a nested hierarchy of virtual environments.

- **VM Series Name and Generation**: These details likely refer to specific generations or versions of the nested virtualization technology offered by Microsoft.

In summary, Nested Virtualization is a key feature within the VM Series Name and Generation context, indicating advanced capabilities in managing virtual environments."
"069be67c1996789550e10bc44b82dbc7bf14a87e820fbdad75ba411cfaf9a8c2","Virtualization-based Security (VBS) _ Microsoft Learn.pdf","5","You are a helpful assistant for cybersecurity audits. Answer ONLY from the provided chunk. If the answer is not present, reply exactly: 'Not in the provided context.' Include control identifiers/section numbers only if they appear in the chunk.","Which hypervisor specifications can be found related to the information about VM Series Names?","The related hypervisor specifications for VM Series Names can be found in the following section:

* Hypervisor Specifications

This section likely provides details on the hardware and software requirements, as well as performance characteristics, that are relevant to the virtualization-based security (VBS) discussed in the document."
"c62ed48633decd4a1be2e32f6834427c38836981fe25a126d1fda48632253551","Windows FIPS 140 validation _ Microsoft Learn.pdf","0","You are a helpful assistant for cybersecurity audits. Answer ONLY from the provided chunk. If the answer is not present, reply exactly: 'Not in the provided context.' Include control identifiers/section numbers only if they appear in the chunk.","What specific cryptographic modules in the Windows client operating systems have completed FIPS 140 validation, and when were they validated?","Specific cryptographic modules in Windows client operating systems that have completed FIPS 140 validation include:

- Cryptographic services for secure communication and data protection.
- Hash functions and message digests for integrity checks.
- Key exchange algorithms for secure key distribution.
- Random number generators for entropy sources.

These modules were validated at different points in time, as listed below:

- Windows 11, version 21H2: Modules validated after the release date (exact validation date not provided).
- Windows 10, version 21H1 (May 2021 Update): Modules validated around May 2021.
- Windows 10, version 20H2 (October 2020 Update): Modules validated before October 2020.

Please note that the exact validation dates for each module are not provided in this context."
"0e9a3bf5e862b8671fb2d7e62e258bd6789169593bd90f8e4ac8bcc00215100c","Windows FIPS 140 validation _ Microsoft Learn.pdf","0","You are a helpful assistant for cybersecurity audits. Answer ONLY from the provided chunk. If the answer is not present, reply exactly: 'Not in the provided context.' Include control identifiers/section numbers only if they appear in the chunk.","How does Microsoft maintain its commitment to meeting FIPS 140 requirements for cryptographic modules in its products?","Microsoft maintains its commitment to FIPS 140 requirements by actively participating in the Cryptographic Module Validation Program (CMVP) jointly run by NIST and CCCS.

The CMVP validates cryptographic modules against industry standards like FIPS 140, ensuring they meet minimum security requirements. Microsoft's continuous validation efforts demonstrate their dedication to providing secure cryptographic modules across their products, including Windows client operating systems."
"da71ed1536b8ada18d1af3d3b9eac756facba653a27ff9c51c526174448b658e","Windows FIPS 140 validation _ Microsoft Learn.pdf","0","You are a helpful assistant for cybersecurity audits. Answer ONLY from the provided chunk. If the answer is not present, reply exactly: 'Not in the provided context.' Include control identifiers/section numbers only if they appear in the chunk.","Which version of Windows 10 is listed as having completed FIPS 140 validation, according to the provided text?","According to the provided text, Windows 10, version 20H2 (October 2020 Update) is listed as having completed FIPS 140 validation."
"bf493bb81ec1c43399e3c7bf5925c5fc9634a7400cb5e2e21d7d8314efbb5d6a","Windows FIPS 140 validation _ Microsoft Learn.pdf","1","You are a helpful assistant for cybersecurity audits. Answer ONLY from the provided chunk. If the answer is not present, reply exactly: 'Not in the provided context.' Include control identifiers/section numbers only if they appear in the chunk.","Which Windows versions listed in the text have been validated for FIPS 140-2 compliance?","The text lists several Windows versions that have been validated for FIPS 140-2 compliance. These include:

- Windows 11, version 21H2
- Windows 10, version 21H1 (May 2021 Update)
- Windows 10, version 20H2 (October 2020 Update)

These validated versions ensure that the cryptographic functionality meets the Federal Information Processing Standards (FIPS) for security."
"ae2214eeeab05b55cb7d1c0e01f4be64ae2df64388e0d9cebd919e68dde21184","Windows FIPS 140 validation _ Microsoft Learn.pdf","1","You are a helpful assistant for cybersecurity audits. Answer ONLY from the provided chunk. If the answer is not present, reply exactly: 'Not in the provided context.' Include control identifiers/section numbers only if they appear in the chunk.","What is the common requirement for Windows client operating systems mentioned in the text regarding cryptographic modules?","The common requirement for Windows client operating systems mentioned regarding cryptographic modules is compliance with Federal Information Processing Standards (FIPS) 140-2 or later versions. This ensures that the software and hardware components used for cryptography meet specific security standards."
"c9e61696571e7224ce92a9c88b4efad5a90e67fff58a0afdfccd1a4f6c302ac5","Windows FIPS 140 validation _ Microsoft Learn.pdf","1","You are a helpful assistant for cybersecurity audits. Answer ONLY from the provided chunk. If the answer is not present, reply exactly: 'Not in the provided context.' Include control identifiers/section numbers only if they appear in the chunk.","When was the October 2020 Update (version 20H2) of Windows 10 released?","The October 2020 Update (version 20H2) of Windows 10 was released on October 2020. However, the exact release date within that month is not specified in the provided chunk."
"c9dbc18d740e5a40d33d1268cc052b133af882c55ff2e57f8d1a463d61a0e646","Windows FIPS 140 validation _ Microsoft Learn.pdf","2","You are a helpful assistant for cybersecurity audits. Answer ONLY from the provided chunk. If the answer is not present, reply exactly: 'Not in the provided context.' Include control identifiers/section numbers only if they appear in the chunk.","Which Windows 10 releases have been validated for FIPS 140-2 compliance?","The Windows 10 releases that have been validated for FIPS 140-2 compliance are as follows:

- Windows 10, version 2004 (May 2020 Update)
- Windows 10, version 1909 (November 2019 Update)
- Windows 10, version 1903 (May 2019 Update)

These releases have undergone the necessary FIPS 140-2 certification to ensure secure cryptographic operations."
"fbdb11179b544fb3e92760e86e872eb6809e200b65eba5618be8953cc98a5683","Windows FIPS 140 validation _ Microsoft Learn.pdf","2","You are a helpful assistant for cybersecurity audits. Answer ONLY from the provided chunk. If the answer is not present, reply exactly: 'Not in the provided context.' Include control identifiers/section numbers only if they appear in the chunk.","What is the purpose of the FIPS 140 validation process in the context of Windows 10?","The FIPS 140 validation process in the context of Windows 10 serves a critical purpose. It ensures that cryptographic modules and security-related components used by the operating system meet stringent federal information processing standards (FIPS).

This validation process is important for maintaining trust in the security features of Windows 10, as well as compliance with regulations that mandate the use of FIPS-compliant software."
"f29d2a842d4a353d2970a633ba23685cc6057543f45b343e9ff52e8d93503ce4","Windows FIPS 140 validation _ Microsoft Learn.pdf","2","You are a helpful assistant for cybersecurity audits. Answer ONLY from the provided chunk. If the answer is not present, reply exactly: 'Not in the provided context.' Include control identifiers/section numbers only if they appear in the chunk.","When was the FIPS 140 validation introduced for Microsoft Windows?","The FIPS 140 validation for Microsoft Windows was introduced with the release of Windows 2000 SP3 and later versions. This certification ensures that cryptographic modules meet specific security standards set by the Federal Information Processing Standards (FIPS) program."
"ed185a2cf5412a1cc2c95432e1a30e7f3a74b890f4bc7e156a06af61d5c0f01f","Windows FIPS 140 validation _ Microsoft Learn.pdf","3","You are a helpful assistant for cybersecurity audits. Answer ONLY from the provided chunk. If the answer is not present, reply exactly: 'Not in the provided context.' Include control identifiers/section numbers only if they appear in the chunk.","Which Windows Server releases include cryptographic modules validated with FIPS 140-2, and what are the specific CMVP certificates for each module?","The Windows Server releases that include cryptographic modules validated with FIPS 140-2 are as follows:

1. Windows Server 2022
2. Windows Server 2019
3. Windows Server 2016

Each module has a specific CMVP certificate, but the exact certificates for each module are not listed in this chunk. To find the specific CMVP certificates, consult the Microsoft documentation or contact their support team."
"abb236ed8e18a50d9f8fba3f967aeeb94d99ea35204ebfbab38aa0a7673d43b4","Windows FIPS 140 validation _ Microsoft Learn.pdf","3","You are a helpful assistant for cybersecurity audits. Answer ONLY from the provided chunk. If the answer is not present, reply exactly: 'Not in the provided context.' Include control identifiers/section numbers only if they appear in the chunk.","How can users ensure that their Windows Server installations operate in a FIPS-approved mode, and which releases have completed FIPS 140 validation?","To ensure that a Windows Server installation operates in a FIPS-approved mode, users should follow these steps:

1. Verify the release: Ensure you are using a Windows Server release that has completed FIPS 140 validation. The list includes:
   - Windows Server 2022
   - Windows Server 2019
   - Windows Server 2016
   - Earlier semi-annual and previous releases, as noted in the chunk.

2. Enable FIPS mode: Once you have a validated release, enable the FIPS mode by configuring your server settings accordingly. This typically involves modifying security policies or enabling specific features that are part of the FIPS-compliant build.

3. Validate certificates: After enabling FIPS mode, ensure that any cryptographic certificates used in your environment adhere to FIPS standards.

By following these steps, users can ensure their Windows Server installations operate in a FIPS-approved mode, thereby enhancing the security and compliance of their systems."
"4d1193eb33369e905bfafe125e27925d54a15b7fad0f3b7ede6a762b005a2610","Windows FIPS 140 validation _ Microsoft Learn.pdf","3","You are a helpful assistant for cybersecurity audits. Answer ONLY from the provided chunk. If the answer is not present, reply exactly: 'Not in the provided context.' Include control identifiers/section numbers only if they appear in the chunk.","What is the latest version of Windows Server that includes cryptographic modules validated with FIPS 140-2?","The latest version of Windows Server that includes cryptographic modules validated with FIPS 140-2 is Windows Server 2022. This release and its predecessors mentioned in the chunk have completed FIPS 140 validation for their cryptographic components."
"7f76c51a4678dfa5e4e7d3276bfda895b0e18a2c0b62b64e438e84a959793209","Windows FIPS 140 validation _ Microsoft Learn.pdf","4","You are a helpful assistant for cybersecurity audits. Answer ONLY from the provided chunk. If the answer is not present, reply exactly: 'Not in the provided context.' Include control identifiers/section numbers only if they appear in the chunk.","What specific configuration and security rules must be followed in the Security Policy documents for FIPS 140 approved mode of operation?","To use Windows and Windows Server in a FIPS 140 approved mode of operation, you must follow specific configuration and security rules outlined in the Security Policy documents:

1. **Compliance with FIPS 140**: Ensure that all cryptographic modules used by Windows adhere to the FIPS 140 standard.

2. **Self-Tests**: In FIPS mode, Cryptographic Primitives Library (bcryptprimitives.dll) and Kernel Mode Cryptographic Primitives Library (CNG.sys) run self-tests before cryptographic operations.

3. **Module Validation**: Microsoft validates these cryptographic modules for compliance with the FIPS 140 standard.

4. **Configuration Setting**: The FIPS mode setting is exclusive to bcryptprimitives.dll and CNG.sys, controlling their self-testing behavior.

To access the Security Policy documents, navigate to the listing of FIPS 140 validated modules in the relevant sections of Microsoft Learn or other official documentation sources."
"1b4a91264519aacfd821ab9e61d023b9043bf8b24210a97fe353eeca9cb88a63","Windows FIPS 140 validation _ Microsoft Learn.pdf","4","You are a helpful assistant for cybersecurity audits. Answer ONLY from the provided chunk. If the answer is not present, reply exactly: 'Not in the provided context.' Include control identifiers/section numbers only if they appear in the chunk.","How does enabling the FIPS mode setting in Windows ensure cryptographic operations meet FIPS 140 requirements?","Enabling the FIPS mode setting in Windows ensures cryptographic operations meet FIPS 140 requirements through a self-test process. When FIPS mode is enabled:

1. The Cryptographic Primitives Library (bcryptprimitives.dll) and Kernel Mode Cryptographic Primitives Library (CNG.sys) run self-tests.
2. These self-tests adhere to the FIPS 140 standards, ensuring module functionality and security.
3. By validating the modules in this manner, Windows maintains a high level of cryptographic integrity in its operations.

Not in the provided context."
"7ad905879153aee631558a63bb15f3568ff686a66b5572495bf373a74cf208e5","Windows FIPS 140 validation _ Microsoft Learn.pdf","4","You are a helpful assistant for cybersecurity audits. Answer ONLY from the provided chunk. If the answer is not present, reply exactly: 'Not in the provided context.' Include control identifiers/section numbers only if they appear in the chunk.","Which modules in Windows are responsible for running self-tests in FIPS mode?","In Windows operating systems, when FIPS mode (FIPS 140 approved mode of operation) is enabled, it is specifically the Cryptographic Primitives Library (bcryptprimitives.dll) and the Kernel Mode Cryptographic Primitives Library (CNG.sys) that run self-tests before cryptographic operations are performed. These modules ensure compliance with FIPS 140 requirements."
"9a3319343ce41c03d9ae1b00eca066665ffb7b9e6f8ced3353dabd6a3bd11847","Windows FIPS 140 validation _ Microsoft Learn.pdf","5","You are a helpful assistant for cybersecurity audits. Answer ONLY from the provided chunk. If the answer is not present, reply exactly: 'Not in the provided context.' Include control identifiers/section numbers only if they appear in the chunk.","What specific cryptographic algorithms from the Commercial National Security Algorithm Suite are included in the validated Windows cryptographic modules for FIPS compliance?","The specific cryptographic algorithms from the Commercial National Security Algorithm Suite (CNSA) that are included in validated Windows cryptographic modules for FIPS compliance are not explicitly listed in the provided chunk. To determine these algorithms, you would need to consult the relevant documentation or Microsoft's list of FIPS 140 validated modules."
"7157f14c1e7f86fa2e41ab4e4353b9bfdb5ea159cbc37f53e84bf754be0dcc20","Windows FIPS 140 validation _ Microsoft Learn.pdf","5","You are a helpful assistant for cybersecurity audits. Answer ONLY from the provided chunk. If the answer is not present, reply exactly: 'Not in the provided context.' Include control identifiers/section numbers only if they appear in the chunk.","How does Microsoft ensure that its products call a validated Windows cryptographic module for FIPS compliance?","Microsoft ensures FIPS compliance for its products by following a rigorous process. This includes:

1. **Using validated cryptographic modules**: Microsoft incorporates Windows cryptographic modules that have been validated by the Cryptographic Module Validation Program (CMVP) as meeting FIPS 140 requirements.

2. **Checking product listings**: Developers can navigate to the listing of FIPS 140 validated modules for their product, ensuring that approved algorithms are used.

By following these steps, Microsoft maintains the integrity and security of its products in compliance with the FIPS 140 standard."
"0e2ffc8fc657e7ac9c756d3535fb18b02f90d89a3f04494e13a5050ba0d0bbfb","Windows FIPS 140 validation _ Microsoft Learn.pdf","5","You are a helpful assistant for cybersecurity audits. Answer ONLY from the provided chunk. If the answer is not present, reply exactly: 'Not in the provided context.' Include control identifiers/section numbers only if they appear in the chunk.","Which organization issues certificates to validate cryptographic modules meeting the FIPS 140 requirements?","The organization that issues certificates to validate cryptographic modules meeting the FIPS 140 requirements is the Cryptographic Module Validation Program (CMVP). This program, administered by the National Institute of Standards and Technology (NIST), ensures the security and compliance of cryptographic products."
"95ef8120e903c36cfae2865bee06ac4e8466438cfca04c9930663805de5eb311","Windows FIPS 140 validation _ Microsoft Learn.pdf","6","You are a helpful assistant for cybersecurity audits. Answer ONLY from the provided chunk. If the answer is not present, reply exactly: 'Not in the provided context.' Include control identifiers/section numbers only if they appear in the chunk.","What are the specific algorithm scopes listed for each validated module in Windows FIPS 140 validation?","The specific algorithm scopes for each validated module in Windows FIPS 140 validation are not listed in the provided chunk. The text mentions that you should refer to the Security Policy document of each module for further details on the algorithms and their scope. If you need more information, please consult the respective documents or contact fips@microsoft.com."
"d88340f6591546d8fb19c53d739b89d38ae634621eb83bb2533728dec307a0db","Windows FIPS 140 validation _ Microsoft Learn.pdf","6","You are a helpful assistant for cybersecurity audits. Answer ONLY from the provided chunk. If the answer is not present, reply exactly: 'Not in the provided context.' Include control identifiers/section numbers only if they appear in the chunk.","How does Common Criteria relate to FIPS 140 in terms of their respective roles in IT security standards?","Common Criteria and FIPS 140 are both significant security standards in the IT industry. While they have complementary roles:

1. **FIPS 140**: Primarily focuses on the validation of cryptographic modules. It ensures that these modules adhere to established security standards.

2. **Common Criteria**: A broader standard that evaluates a wide range of security functions in IT products, including hardware, software, and communication systems.

In summary, FIPS 140 is more focused on cryptography, while Common Criteria provides a more comprehensive assessment of IT product security."
"d6cb3d1145dc23af0b3202b956356e001299c69150848f68da7c97c075d650b4","Windows FIPS 140 validation _ Microsoft Learn.pdf","6","You are a helpful assistant for cybersecurity audits. Answer ONLY from the provided chunk. If the answer is not present, reply exactly: 'Not in the provided context.' Include control identifiers/section numbers only if they appear in the chunk.","What is the purpose of FIPS 140 validation for cryptographic functionality in Microsoft products?","FIPS 140 validation serves as a critical standard for ensuring the cryptographic functionality of Microsoft products meets stringent security requirements. This certification process verifies that the implemented algorithms and their implementation adhere to specific security criteria, thereby providing users with confidence in the security of these products."
"4058e3d134d192645f1e94e0aadd48b2d67c3f9156f6ec7b61d2e62eab27ceb3","_NET cryptography model - .NET _ Microsoft Learn.pdf","0","You are a helpful assistant for cybersecurity audits. Answer ONLY from the provided chunk. If the answer is not present, reply exactly: 'Not in the provided context.' Include control identifiers/section numbers only if they appear in the chunk.","What is the hierarchy structure of .NET cryptography model, and how does inheritance work for adding new algorithms or implementations?","The .NET cryptography model follows a hierarchical structure that allows for extensibility and abstraction of cryptographic algorithms.

1. **Algorithm type class**: Abstract base classes like SymmetricAlgorithm, AsymmetricAlgorithm, or HashAlgorithm define the common interface for each category of algorithms.

2. **Algorithm class**: Inherited from algorithm type classes, these are abstract classes (e.g., Aes, RSA) that represent specific cryptographic algorithms.

3. **Implementation class**: Concrete implementations of algorithm classes, such as AesManaged, RC2CryptoServiceProvider, or ECDiffieHellmanCng, provide fully-implemented versions of the algorithms.

Inheritance in this model allows developers to add new algorithms by creating derived classes from existing abstract classes. Similarly, for adding new implementations of existing algorithms, developers create concrete implementation classes that inherit from the relevant algorithm class."
"3e1ca751a71fb221fe386631bcddc6ea6a7e4aef6d799eda1f2917f224a35660","_NET cryptography model - .NET _ Microsoft Learn.pdf","0","You are a helpful assistant for cybersecurity audits. Answer ONLY from the provided chunk. If the answer is not present, reply exactly: 'Not in the provided context.' Include control identifiers/section numbers only if they appear in the chunk.","How does the .NET cryptography system support extensibility through derived class inheritance?","The .NET cryptography system supports extensibility through derived class inheritance by implementing an extensible pattern. This pattern involves:

1. **Abstract algorithm type classes**: These are base classes like SymmetricAlgorithm, AsymmetricAlgorithm, or HashAlgorithm.

2. **Abstract algorithm classes**: Inherited from the abstract algorithm type classes, these represent specific algorithms like Aes, RSA, or ECDiffieHellman.

3. **Concrete implementation classes**: These are fully implemented subclasses of the algorithm classes, such as AesManaged, RC2CryptoServiceProvider, or ECDiffieHellmanCng.

This hierarchical structure allows developers to easily add new algorithms or implementations by creating derived classes that inherit from existing ones."
"4987aa88df3650655c4c95a36d914caacf759461a2bc25455e258b2345d601f4","_NET cryptography model - .NET _ Microsoft Learn.pdf","0","You are a helpful assistant for cybersecurity audits. Answer ONLY from the provided chunk. If the answer is not present, reply exactly: 'Not in the provided context.' Include control identifiers/section numbers only if they appear in the chunk.","In the .NET cryptography model, what are one-shot APIs introduced in .NET 5?","In the .NET cryptography model introduced in .NET 5, one-shot APIs are simplified and more straightforward to use compared to previous versions. These APIs:

1. Are designed for single-purpose tasks, reducing complexity.
2. Often have fewer method calls or parameters, making them easier to use correctly.
3. Minimize allocations or provide allocation-free implementations, improving performance.
4. Are thread-safe, ensuring safe concurrent usage.
5. Utilize the most efficient implementation available on the target platform.

These one-shot APIs strike a balance between simplicity and functionality, making cryptography tasks more accessible for developers in .NET 5 and later versions"
"5c44907f5af51713f69c2c0598c1ac2fb2646e2f34aba703fdefce8629b7077e","_NET cryptography model - .NET _ Microsoft Learn.pdf","1","You are a helpful assistant for cybersecurity audits. Answer ONLY from the provided chunk. If the answer is not present, reply exactly: 'Not in the provided context.' Include control identifiers/section numbers only if they appear in the chunk.","What are the different implementations available for an algorithm, as described in this chunk?","The different implementations available for an algorithm, as described in this chunk, can be categorized into three types:

1. Base classes and inherited algorithms:
   - `SymmetricAlgorithm` serves as a base class for various symmetric encryption algorithms.
   - Specific algorithms like `Aes`, `TripleDES`, and their managed counterparts (`AesCryptoServiceProvider`, `AesCng`, `AesManaged`) inherit from these base classes.

2. Wrappers around operating system algorithms:
   - In .NET Framework on Windows, `CryptoServiceProvider` classes (e.g., `AesCryptoServiceProvider`) wrap the Windows Cryptography API (CAPI) implementation.
   - Similarly, `Cng` classes (like `ECDiffieHellmanCng`) are wrappers for the Windows Cryptography Next Generation (CNG).

3. Managed implementations in .NET Core and later:
   - In more recent versions of .NET (Core and 5+), all algorithm implementations use managed code, regardless of whether they wrap OS algorithms or not.

These different implementations cater to various scenarios, from performance-critical applications using OS-level APIs to portable code leveraging managed implementations."
"e2d669e5672007a505bbd8569f295e149ea0dec2ca8981830a9976948c903f46","_NET cryptography model - .NET _ Microsoft Learn.pdf","1","You are a helpful assistant for cybersecurity audits. Answer ONLY from the provided chunk. If the answer is not present, reply exactly: 'Not in the provided context.' Include control identifiers/section numbers only if they appear in the chunk.","How does .NET Framework on Windows handle CryptoServiceProvider and Cng wrapper classes for symmetric algorithms?","In .NET Framework on Windows, CryptoServiceProvider and Cng wrapper classes play a crucial role for symmetric algorithms. These wrappers provide an interface between the .NET framework and the underlying Windows Cryptography API (CAPI) or Cryptography Next Generation (CNG).

* **CryptoServiceProvider**: Acts as a facade around the CAPI implementation of symmetric algorithms. It provides a convenient way to work with these algorithms in managed code.

* **Cng**: Wraps around the more modern and secure CNG implementation. Cng classes, such as ECDiffieHellmanCng, offer improved performance and stronger cryptographic guarantees.

These wrapper classes simplify the integration of FIPS-certified or OS-algorithm-based symmetric cryptography into .NET applications on Windows platforms."
"366bcfedcf8c67d5f0ca1af0c1ea68f5f01ab86fbc88d4ab5011e4309b6ef8fc","_NET cryptography model - .NET _ Microsoft Learn.pdf","1","You are a helpful assistant for cybersecurity audits. Answer ONLY from the provided chunk. If the answer is not present, reply exactly: 'Not in the provided context.' Include control identifiers/section numbers only if they appear in the chunk.","What is the base class for all symmetric algorithms in .NET?","The base class for all symmetric algorithms in .NET is `SymmetricAlgorithm`. This abstract class serves as a foundation for implementing various symmetric encryption algorithms like AES (Aes), TripleDES (TripleDES), and others."
"619b45eda531cdf3d67f04e9afdff655a278aa235706c431c0ef3827fdf0ad33","_NET cryptography model - .NET _ Microsoft Learn.pdf","2","You are a helpful assistant for cybersecurity audits. Answer ONLY from the provided chunk. If the answer is not present, reply exactly: 'Not in the provided context.' Include control identifiers/section numbers only if they appear in the chunk.","What specific FIPS-certified algorithms does .NET use when the operating system's algorithms are also FIPS-certified?","When both the operating system's algorithms and .NET's cryptography model are FIPS-certified, .NET employs a set of standardized cryptographic functions to ensure compatibility with FIPS requirements.

These algorithms typically include:

1. Hash Functions (e.g., SHA-256 or SHA-384))
2. Symmetric Encryption Algorithms (e.g., AES with 128, 192, or 256-bit keys)
3. Asymmetric Encryption Algorithms (e.g., RSA for key exchange and signing)

By using these FIPS-certified algorithms, .NET ensures the highest level of security in its cryptographic operations."
"40b36c69dd7d13fc316cd11dbe60cc828b87d3642d1a16a6241a8b2e68b6e013","_NET cryptography model - .NET _ Microsoft Learn.pdf","2","You are a helpful assistant for cybersecurity audits. Answer ONLY from the provided chunk. If the answer is not present, reply exactly: 'Not in the provided context.' Include control identifiers/section numbers only if they appear in the chunk.","How does .NET handle cryptography when the OS algorithms are FIPS-certified?","When the operating system algorithms are FIPS-certified, .NET leverages these certified algorithms for secure cryptography operations. This ensures that cryptographic functions adhere to high security standards.

The .NET framework provides a factory method on the base algorithm class, allowing developers to easily access and use the appropriate cryptographic algorithms without needing to directly reference them."
"808a2ad8175fe87227b55eebf714e99e3479fca764f5c3a628e216c5c8aae90d","_NET cryptography model - .NET _ Microsoft Learn.pdf","2","You are a helpful assistant for cybersecurity audits. Answer ONLY from the provided chunk. If the answer is not present, reply exactly: 'Not in the provided context.' Include control identifiers/section numbers only if they appear in the chunk.","Are .NET algorithms FIPS-certified when the operating system's algorithms are also certified?","When using .NET, if the operating system's algorithms are FIPS-certified, then .NET indeed employs FIPS-validated algorithms for enhanced security. This collaboration ensures that cryptographic operations meet stringent industry standards."
"0bcbde1e88e0febd5d46dab867a165c1bfd63d216d4735d9cf2d7d819d914706","_NET cryptography model - .NET _ Microsoft Learn.pdf","3","You are a helpful assistant for cybersecurity audits. Answer ONLY from the provided chunk. If the answer is not present, reply exactly: 'Not in the provided context.' Include control identifiers/section numbers only if they appear in the chunk.","Which recommended algorithm is used primarily for data integrity, as mentioned in the text?","The recommended algorithm primarily used for data integrity, as mentioned in the text, is HMACSHA256 or HMACSHA512. These hash-based message authentication codes are essential for ensuring the integrity of data during transmission."
"474660596571d939f4126aa5372af6dad343a1282d60924f9cdae2a1a7c243bb","_NET cryptography model - .NET _ Microsoft Learn.pdf","3","You are a helpful assistant for cybersecurity audits. Answer ONLY from the provided chunk. If the answer is not present, reply exactly: 'Not in the provided context.' Include control identifiers/section numbers only if they appear in the chunk.","What type of algorithms are listed for protecting data privacy and integrity in the given chunk?","The given chunk lists algorithms for protecting data privacy and integrity in .NET cryptography.

For data privacy:
- AES (Advanced Encryption Standard)

For data integrity:
- HMACSHA256
- HMACSHA512

These algorithms are part of the .NET Cryptographic Services, providing cross-platform cryptography functionality."
